,responsibility_metric,responsibility_column,w_responsibility,capacity_metric,capacity_column,w_capacity,needs_metric,needs_column,w_needs,engagement_metric,engagement_column,w_engagement
RUN1,Cumulative Emissions since 1850,X1850_2024,0.1,Gross National Income,GNI,0.1,Climate Risk and Vulnerability Index,GAIN_CR,0.1,UN Multilateral Engagement Score,UN_Index,0.7
RUN2,Cumulative Emissions since 1850,X1850_2024,0.1,Gross National Income,GNI,0.1,Climate Risk and Vulnerability Index,GAIN_CR,0.2,UN Multilateral Engagement Score,UN_Index,0.6
RUN3,Cumulative Emissions since 1850,X1850_2024,0.1,Gross National Income,GNI,0.1,Climate Risk and Vulnerability Index,GAIN_CR,0.3,UN Multilateral Engagement Score,UN_Index,0.5
RUN4,Cumulative Emissions since 1850,X1850_2024,0.1,Gross National Income,GNI,0.1,Climate Risk and Vulnerability Index,GAIN_CR,0.4,UN Multilateral Engagement Score,UN_Index,0.4
RUN5,Cumulative Emissions since 1850,X1850_2024,0.1,Gross National Income,GNI,0.1,Climate Risk and Vulnerability Index,GAIN_CR,0.5,UN Multilateral Engagement Score,UN_Index,0.3
RUN6,Cumulative Emissions since 1850,X1850_2024,0.1,Gross National Income,GNI,0.1,Climate Risk and Vulnerability Index,GAIN_CR,0.6,UN Multilateral Engagement Score,UN_Index,0.2
RUN7,Cumulative Emissions since 1850,X1850_2024,0.1,Gross National Income,GNI,0.1,Climate Risk and Vulnerability Index,GAIN_CR,0.7,UN Multilateral Engagement Score,UN_Index,0.1
RUN8,Cumulative Emissions since 1850,X1850_2024,0.1,Gross National Income,GNI,0.2,Climate Risk and Vulnerability Index,GAIN_CR,0.1,UN Multilateral Engagement Score,UN_Index,0.6
RUN9,Cumulative Emissions since 1850,X1850_2024,0.1,Gross National Income,GNI,0.2,Climate Risk and Vulnerability Index,GAIN_CR,0.2,UN Multilateral Engagement Score,UN_Index,0.5
RUN10,Cumulative Emissions since 1850,X1850_2024,0.1,Gross National Income,GNI,0.2,Climate Risk and Vulnerability Index,GAIN_CR,0.3,UN Multilateral Engagement Score,UN_Index,0.4
RUN11,Cumulative Emissions since 1850,X1850_2024,0.1,Gross National Income,GNI,0.2,Climate Risk and Vulnerability Index,GAIN_CR,0.4,UN Multilateral Engagement Score,UN_Index,0.3
RUN12,Cumulative Emissions since 1850,X1850_2024,0.1,Gross National Income,GNI,0.2,Climate Risk and Vulnerability Index,GAIN_CR,0.5,UN Multilateral Engagement Score,UN_Index,0.2
RUN13,Cumulative Emissions since 1850,X1850_2024,0.1,Gross National Income,GNI,0.2,Climate Risk and Vulnerability Index,GAIN_CR,0.6,UN Multilateral Engagement Score,UN_Index,0.1
RUN14,Cumulative Emissions since 1850,X1850_2024,0.1,Gross National Income,GNI,0.3,Climate Risk and Vulnerability Index,GAIN_CR,0.1,UN Multilateral Engagement Score,UN_Index,0.5
RUN15,Cumulative Emissions since 1850,X1850_2024,0.1,Gross National Income,GNI,0.3,Climate Risk and Vulnerability Index,GAIN_CR,0.2,UN Multilateral Engagement Score,UN_Index,0.4
RUN16,Cumulative Emissions since 1850,X1850_2024,0.1,Gross National Income,GNI,0.3,Climate Risk and Vulnerability Index,GAIN_CR,0.3,UN Multilateral Engagement Score,UN_Index,0.3
RUN17,Cumulative Emissions since 1850,X1850_2024,0.1,Gross National Income,GNI,0.3,Climate Risk and Vulnerability Index,GAIN_CR,0.4,UN Multilateral Engagement Score,UN_Index,0.2
RUN18,Cumulative Emissions since 1850,X1850_2024,0.1,Gross National Income,GNI,0.3,Climate Risk and Vulnerability Index,GAIN_CR,0.5,UN Multilateral Engagement Score,UN_Index,0.1
RUN19,Cumulative Emissions since 1850,X1850_2024,0.1,Gross National Income,GNI,0.4,Climate Risk and Vulnerability Index,GAIN_CR,0.1,UN Multilateral Engagement Score,UN_Index,0.4
RUN20,Cumulative Emissions since 1850,X1850_2024,0.1,Gross National Income,GNI,0.4,Climate Risk and Vulnerability Index,GAIN_CR,0.2,UN Multilateral Engagement Score,UN_Index,0.3
RUN21,Cumulative Emissions since 1850,X1850_2024,0.1,Gross National Income,GNI,0.4,Climate Risk and Vulnerability Index,GAIN_CR,0.3,UN Multilateral Engagement Score,UN_Index,0.2
RUN22,Cumulative Emissions since 1850,X1850_2024,0.1,Gross National Income,GNI,0.4,Climate Risk and Vulnerability Index,GAIN_CR,0.4,UN Multilateral Engagement Score,UN_Index,0.1
RUN23,Cumulative Emissions since 1850,X1850_2024,0.1,Gross National Income,GNI,0.5,Climate Risk and Vulnerability Index,GAIN_CR,0.1,UN Multilateral Engagement Score,UN_Index,0.3
RUN24,Cumulative Emissions since 1850,X1850_2024,0.1,Gross National Income,GNI,0.5,Climate Risk and Vulnerability Index,GAIN_CR,0.2,UN Multilateral Engagement Score,UN_Index,0.2
RUN25,Cumulative Emissions since 1850,X1850_2024,0.1,Gross National Income,GNI,0.5,Climate Risk and Vulnerability Index,GAIN_CR,0.3,UN Multilateral Engagement Score,UN_Index,0.1
RUN26,Cumulative Emissions since 1850,X1850_2024,0.1,Gross National Income,GNI,0.6,Climate Risk and Vulnerability Index,GAIN_CR,0.1,UN Multilateral Engagement Score,UN_Index,0.2
RUN27,Cumulative Emissions since 1850,X1850_2024,0.1,Gross National Income,GNI,0.6,Climate Risk and Vulnerability Index,GAIN_CR,0.2,UN Multilateral Engagement Score,UN_Index,0.1
RUN28,Cumulative Emissions since 1850,X1850_2024,0.1,Gross National Income,GNI,0.7,Climate Risk and Vulnerability Index,GAIN_CR,0.1,UN Multilateral Engagement Score,UN_Index,0.1
RUN29,Cumulative Emissions since 1850,X1850_2024,0.2,Gross National Income,GNI,0.1,Climate Risk and Vulnerability Index,GAIN_CR,0.1,UN Multilateral Engagement Score,UN_Index,0.6
RUN30,Cumulative Emissions since 1850,X1850_2024,0.2,Gross National Income,GNI,0.1,Climate Risk and Vulnerability Index,GAIN_CR,0.2,UN Multilateral Engagement Score,UN_Index,0.5
RUN31,Cumulative Emissions since 1850,X1850_2024,0.2,Gross National Income,GNI,0.1,Climate Risk and Vulnerability Index,GAIN_CR,0.3,UN Multilateral Engagement Score,UN_Index,0.4
RUN32,Cumulative Emissions since 1850,X1850_2024,0.2,Gross National Income,GNI,0.1,Climate Risk and Vulnerability Index,GAIN_CR,0.4,UN Multilateral Engagement Score,UN_Index,0.3
RUN33,Cumulative Emissions since 1850,X1850_2024,0.2,Gross National Income,GNI,0.1,Climate Risk and Vulnerability Index,GAIN_CR,0.5,UN Multilateral Engagement Score,UN_Index,0.2
RUN34,Cumulative Emissions since 1850,X1850_2024,0.2,Gross National Income,GNI,0.1,Climate Risk and Vulnerability Index,GAIN_CR,0.6,UN Multilateral Engagement Score,UN_Index,0.1
RUN35,Cumulative Emissions since 1850,X1850_2024,0.2,Gross National Income,GNI,0.2,Climate Risk and Vulnerability Index,GAIN_CR,0.1,UN Multilateral Engagement Score,UN_Index,0.5
RUN36,Cumulative Emissions since 1850,X1850_2024,0.2,Gross National Income,GNI,0.2,Climate Risk and Vulnerability Index,GAIN_CR,0.2,UN Multilateral Engagement Score,UN_Index,0.4
RUN37,Cumulative Emissions since 1850,X1850_2024,0.2,Gross National Income,GNI,0.2,Climate Risk and Vulnerability Index,GAIN_CR,0.3,UN Multilateral Engagement Score,UN_Index,0.3
RUN38,Cumulative Emissions since 1850,X1850_2024,0.2,Gross National Income,GNI,0.2,Climate Risk and Vulnerability Index,GAIN_CR,0.4,UN Multilateral Engagement Score,UN_Index,0.2
RUN39,Cumulative Emissions since 1850,X1850_2024,0.2,Gross National Income,GNI,0.2,Climate Risk and Vulnerability Index,GAIN_CR,0.5,UN Multilateral Engagement Score,UN_Index,0.1
RUN40,Cumulative Emissions since 1850,X1850_2024,0.2,Gross National Income,GNI,0.3,Climate Risk and Vulnerability Index,GAIN_CR,0.1,UN Multilateral Engagement Score,UN_Index,0.4
RUN41,Cumulative Emissions since 1850,X1850_2024,0.2,Gross National Income,GNI,0.3,Climate Risk and Vulnerability Index,GAIN_CR,0.2,UN Multilateral Engagement Score,UN_Index,0.3
RUN42,Cumulative Emissions since 1850,X1850_2024,0.2,Gross National Income,GNI,0.3,Climate Risk and Vulnerability Index,GAIN_CR,0.3,UN Multilateral Engagement Score,UN_Index,0.2
RUN43,Cumulative Emissions since 1850,X1850_2024,0.2,Gross National Income,GNI,0.3,Climate Risk and Vulnerability Index,GAIN_CR,0.4,UN Multilateral Engagement Score,UN_Index,0.1
RUN44,Cumulative Emissions since 1850,X1850_2024,0.2,Gross National Income,GNI,0.4,Climate Risk and Vulnerability Index,GAIN_CR,0.1,UN Multilateral Engagement Score,UN_Index,0.3
RUN45,Cumulative Emissions since 1850,X1850_2024,0.2,Gross National Income,GNI,0.4,Climate Risk and Vulnerability Index,GAIN_CR,0.2,UN Multilateral Engagement Score,UN_Index,0.2
RUN46,Cumulative Emissions since 1850,X1850_2024,0.2,Gross National Income,GNI,0.4,Climate Risk and Vulnerability Index,GAIN_CR,0.3,UN Multilateral Engagement Score,UN_Index,0.1
RUN47,Cumulative Emissions since 1850,X1850_2024,0.2,Gross National Income,GNI,0.5,Climate Risk and Vulnerability Index,GAIN_CR,0.1,UN Multilateral Engagement Score,UN_Index,0.2
RUN48,Cumulative Emissions since 1850,X1850_2024,0.2,Gross National Income,GNI,0.5,Climate Risk and Vulnerability Index,GAIN_CR,0.2,UN Multilateral Engagement Score,UN_Index,0.1
RUN49,Cumulative Emissions since 1850,X1850_2024,0.2,Gross National Income,GNI,0.6,Climate Risk and Vulnerability Index,GAIN_CR,0.1,UN Multilateral Engagement Score,UN_Index,0.1
RUN50,Cumulative Emissions since 1850,X1850_2024,0.3,Gross National Income,GNI,0.1,Climate Risk and Vulnerability Index,GAIN_CR,0.1,UN Multilateral Engagement Score,UN_Index,0.5
RUN51,Cumulative Emissions since 1850,X1850_2024,0.3,Gross National Income,GNI,0.1,Climate Risk and Vulnerability Index,GAIN_CR,0.2,UN Multilateral Engagement Score,UN_Index,0.4
RUN52,Cumulative Emissions since 1850,X1850_2024,0.3,Gross National Income,GNI,0.1,Climate Risk and Vulnerability Index,GAIN_CR,0.3,UN Multilateral Engagement Score,UN_Index,0.3
RUN53,Cumulative Emissions since 1850,X1850_2024,0.3,Gross National Income,GNI,0.1,Climate Risk and Vulnerability Index,GAIN_CR,0.4,UN Multilateral Engagement Score,UN_Index,0.2
RUN54,Cumulative Emissions since 1850,X1850_2024,0.3,Gross National Income,GNI,0.1,Climate Risk and Vulnerability Index,GAIN_CR,0.5,UN Multilateral Engagement Score,UN_Index,0.1
RUN55,Cumulative Emissions since 1850,X1850_2024,0.3,Gross National Income,GNI,0.2,Climate Risk and Vulnerability Index,GAIN_CR,0.1,UN Multilateral Engagement Score,UN_Index,0.4
RUN56,Cumulative Emissions since 1850,X1850_2024,0.3,Gross National Income,GNI,0.2,Climate Risk and Vulnerability Index,GAIN_CR,0.2,UN Multilateral Engagement Score,UN_Index,0.3
RUN57,Cumulative Emissions since 1850,X1850_2024,0.3,Gross National Income,GNI,0.2,Climate Risk and Vulnerability Index,GAIN_CR,0.3,UN Multilateral Engagement Score,UN_Index,0.2
RUN58,Cumulative Emissions since 1850,X1850_2024,0.3,Gross National Income,GNI,0.2,Climate Risk and Vulnerability Index,GAIN_CR,0.4,UN Multilateral Engagement Score,UN_Index,0.1
RUN59,Cumulative Emissions since 1850,X1850_2024,0.3,Gross National Income,GNI,0.3,Climate Risk and Vulnerability Index,GAIN_CR,0.1,UN Multilateral Engagement Score,UN_Index,0.3
RUN60,Cumulative Emissions since 1850,X1850_2024,0.3,Gross National Income,GNI,0.3,Climate Risk and Vulnerability Index,GAIN_CR,0.2,UN Multilateral Engagement Score,UN_Index,0.2
RUN61,Cumulative Emissions since 1850,X1850_2024,0.3,Gross National Income,GNI,0.3,Climate Risk and Vulnerability Index,GAIN_CR,0.3,UN Multilateral Engagement Score,UN_Index,0.1
RUN62,Cumulative Emissions since 1850,X1850_2024,0.3,Gross National Income,GNI,0.4,Climate Risk and Vulnerability Index,GAIN_CR,0.1,UN Multilateral Engagement Score,UN_Index,0.2
RUN63,Cumulative Emissions since 1850,X1850_2024,0.3,Gross National Income,GNI,0.4,Climate Risk and Vulnerability Index,GAIN_CR,0.2,UN Multilateral Engagement Score,UN_Index,0.1
RUN64,Cumulative Emissions since 1850,X1850_2024,0.3,Gross National Income,GNI,0.5,Climate Risk and Vulnerability Index,GAIN_CR,0.1,UN Multilateral Engagement Score,UN_Index,0.1
RUN65,Cumulative Emissions since 1850,X1850_2024,0.4,Gross National Income,GNI,0.1,Climate Risk and Vulnerability Index,GAIN_CR,0.1,UN Multilateral Engagement Score,UN_Index,0.4
RUN66,Cumulative Emissions since 1850,X1850_2024,0.4,Gross National Income,GNI,0.1,Climate Risk and Vulnerability Index,GAIN_CR,0.2,UN Multilateral Engagement Score,UN_Index,0.3
RUN67,Cumulative Emissions since 1850,X1850_2024,0.4,Gross National Income,GNI,0.1,Climate Risk and Vulnerability Index,GAIN_CR,0.3,UN Multilateral Engagement Score,UN_Index,0.2
RUN68,Cumulative Emissions since 1850,X1850_2024,0.4,Gross National Income,GNI,0.1,Climate Risk and Vulnerability Index,GAIN_CR,0.4,UN Multilateral Engagement Score,UN_Index,0.1
RUN69,Cumulative Emissions since 1850,X1850_2024,0.4,Gross National Income,GNI,0.2,Climate Risk and Vulnerability Index,GAIN_CR,0.1,UN Multilateral Engagement Score,UN_Index,0.3
RUN70,Cumulative Emissions since 1850,X1850_2024,0.4,Gross National Income,GNI,0.2,Climate Risk and Vulnerability Index,GAIN_CR,0.2,UN Multilateral Engagement Score,UN_Index,0.2
RUN71,Cumulative Emissions since 1850,X1850_2024,0.4,Gross National Income,GNI,0.2,Climate Risk and Vulnerability Index,GAIN_CR,0.3,UN Multilateral Engagement Score,UN_Index,0.1
RUN72,Cumulative Emissions since 1850,X1850_2024,0.4,Gross National Income,GNI,0.3,Climate Risk and Vulnerability Index,GAIN_CR,0.1,UN Multilateral Engagement Score,UN_Index,0.2
RUN73,Cumulative Emissions since 1850,X1850_2024,0.4,Gross National Income,GNI,0.3,Climate Risk and Vulnerability Index,GAIN_CR,0.2,UN Multilateral Engagement Score,UN_Index,0.1
RUN74,Cumulative Emissions since 1850,X1850_2024,0.4,Gross National Income,GNI,0.4,Climate Risk and Vulnerability Index,GAIN_CR,0.1,UN Multilateral Engagement Score,UN_Index,0.1
RUN75,Cumulative Emissions since 1850,X1850_2024,0.5,Gross National Income,GNI,0.1,Climate Risk and Vulnerability Index,GAIN_CR,0.1,UN Multilateral Engagement Score,UN_Index,0.3
RUN76,Cumulative Emissions since 1850,X1850_2024,0.5,Gross National Income,GNI,0.1,Climate Risk and Vulnerability Index,GAIN_CR,0.2,UN Multilateral Engagement Score,UN_Index,0.2
RUN77,Cumulative Emissions since 1850,X1850_2024,0.5,Gross National Income,GNI,0.1,Climate Risk and Vulnerability Index,GAIN_CR,0.3,UN Multilateral Engagement Score,UN_Index,0.1
RUN78,Cumulative Emissions since 1850,X1850_2024,0.5,Gross National Income,GNI,0.2,Climate Risk and Vulnerability Index,GAIN_CR,0.1,UN Multilateral Engagement Score,UN_Index,0.2
RUN79,Cumulative Emissions since 1850,X1850_2024,0.5,Gross National Income,GNI,0.2,Climate Risk and Vulnerability Index,GAIN_CR,0.2,UN Multilateral Engagement Score,UN_Index,0.1
RUN80,Cumulative Emissions since 1850,X1850_2024,0.5,Gross National Income,GNI,0.3,Climate Risk and Vulnerability Index,GAIN_CR,0.1,UN Multilateral Engagement Score,UN_Index,0.1
RUN81,Cumulative Emissions since 1850,X1850_2024,0.6,Gross National Income,GNI,0.1,Climate Risk and Vulnerability Index,GAIN_CR,0.1,UN Multilateral Engagement Score,UN_Index,0.2
RUN82,Cumulative Emissions since 1850,X1850_2024,0.6,Gross National Income,GNI,0.1,Climate Risk and Vulnerability Index,GAIN_CR,0.2,UN Multilateral Engagement Score,UN_Index,0.1
RUN83,Cumulative Emissions since 1850,X1850_2024,0.6,Gross National Income,GNI,0.2,Climate Risk and Vulnerability Index,GAIN_CR,0.1,UN Multilateral Engagement Score,UN_Index,0.1
RUN84,Cumulative Emissions since 1850,X1850_2024,0.7,Gross National Income,GNI,0.1,Climate Risk and Vulnerability Index,GAIN_CR,0.1,UN Multilateral Engagement Score,UN_Index,0.1
RUN85,Cumulative Emissions since 1850,X1850_2024,0.1,Gross National Income,GNI,0.1,Physical Climate Risk (EIB),EIB_PR,0.1,UN Multilateral Engagement Score,UN_Index,0.7
RUN86,Cumulative Emissions since 1850,X1850_2024,0.1,Gross National Income,GNI,0.1,Physical Climate Risk (EIB),EIB_PR,0.2,UN Multilateral Engagement Score,UN_Index,0.6
RUN87,Cumulative Emissions since 1850,X1850_2024,0.1,Gross National Income,GNI,0.1,Physical Climate Risk (EIB),EIB_PR,0.3,UN Multilateral Engagement Score,UN_Index,0.5
RUN88,Cumulative Emissions since 1850,X1850_2024,0.1,Gross National Income,GNI,0.1,Physical Climate Risk (EIB),EIB_PR,0.4,UN Multilateral Engagement Score,UN_Index,0.4
RUN89,Cumulative Emissions since 1850,X1850_2024,0.1,Gross National Income,GNI,0.1,Physical Climate Risk (EIB),EIB_PR,0.5,UN Multilateral Engagement Score,UN_Index,0.3
RUN90,Cumulative Emissions since 1850,X1850_2024,0.1,Gross National Income,GNI,0.1,Physical Climate Risk (EIB),EIB_PR,0.6,UN Multilateral Engagement Score,UN_Index,0.2
RUN91,Cumulative Emissions since 1850,X1850_2024,0.1,Gross National Income,GNI,0.1,Physical Climate Risk (EIB),EIB_PR,0.7,UN Multilateral Engagement Score,UN_Index,0.1
RUN92,Cumulative Emissions since 1850,X1850_2024,0.1,Gross National Income,GNI,0.2,Physical Climate Risk (EIB),EIB_PR,0.1,UN Multilateral Engagement Score,UN_Index,0.6
RUN93,Cumulative Emissions since 1850,X1850_2024,0.1,Gross National Income,GNI,0.2,Physical Climate Risk (EIB),EIB_PR,0.2,UN Multilateral Engagement Score,UN_Index,0.5
RUN94,Cumulative Emissions since 1850,X1850_2024,0.1,Gross National Income,GNI,0.2,Physical Climate Risk (EIB),EIB_PR,0.3,UN Multilateral Engagement Score,UN_Index,0.4
RUN95,Cumulative Emissions since 1850,X1850_2024,0.1,Gross National Income,GNI,0.2,Physical Climate Risk (EIB),EIB_PR,0.4,UN Multilateral Engagement Score,UN_Index,0.3
RUN96,Cumulative Emissions since 1850,X1850_2024,0.1,Gross National Income,GNI,0.2,Physical Climate Risk (EIB),EIB_PR,0.5,UN Multilateral Engagement Score,UN_Index,0.2
RUN97,Cumulative Emissions since 1850,X1850_2024,0.1,Gross National Income,GNI,0.2,Physical Climate Risk (EIB),EIB_PR,0.6,UN Multilateral Engagement Score,UN_Index,0.1
RUN98,Cumulative Emissions since 1850,X1850_2024,0.1,Gross National Income,GNI,0.3,Physical Climate Risk (EIB),EIB_PR,0.1,UN Multilateral Engagement Score,UN_Index,0.5
RUN99,Cumulative Emissions since 1850,X1850_2024,0.1,Gross National Income,GNI,0.3,Physical Climate Risk (EIB),EIB_PR,0.2,UN Multilateral Engagement Score,UN_Index,0.4
RUN100,Cumulative Emissions since 1850,X1850_2024,0.1,Gross National Income,GNI,0.3,Physical Climate Risk (EIB),EIB_PR,0.3,UN Multilateral Engagement Score,UN_Index,0.3
RUN101,Cumulative Emissions since 1850,X1850_2024,0.1,Gross National Income,GNI,0.3,Physical Climate Risk (EIB),EIB_PR,0.4,UN Multilateral Engagement Score,UN_Index,0.2
RUN102,Cumulative Emissions since 1850,X1850_2024,0.1,Gross National Income,GNI,0.3,Physical Climate Risk (EIB),EIB_PR,0.5,UN Multilateral Engagement Score,UN_Index,0.1
RUN103,Cumulative Emissions since 1850,X1850_2024,0.1,Gross National Income,GNI,0.4,Physical Climate Risk (EIB),EIB_PR,0.1,UN Multilateral Engagement Score,UN_Index,0.4
RUN104,Cumulative Emissions since 1850,X1850_2024,0.1,Gross National Income,GNI,0.4,Physical Climate Risk (EIB),EIB_PR,0.2,UN Multilateral Engagement Score,UN_Index,0.3
RUN105,Cumulative Emissions since 1850,X1850_2024,0.1,Gross National Income,GNI,0.4,Physical Climate Risk (EIB),EIB_PR,0.3,UN Multilateral Engagement Score,UN_Index,0.2
RUN106,Cumulative Emissions since 1850,X1850_2024,0.1,Gross National Income,GNI,0.4,Physical Climate Risk (EIB),EIB_PR,0.4,UN Multilateral Engagement Score,UN_Index,0.1
RUN107,Cumulative Emissions since 1850,X1850_2024,0.1,Gross National Income,GNI,0.5,Physical Climate Risk (EIB),EIB_PR,0.1,UN Multilateral Engagement Score,UN_Index,0.3
RUN108,Cumulative Emissions since 1850,X1850_2024,0.1,Gross National Income,GNI,0.5,Physical Climate Risk (EIB),EIB_PR,0.2,UN Multilateral Engagement Score,UN_Index,0.2
RUN109,Cumulative Emissions since 1850,X1850_2024,0.1,Gross National Income,GNI,0.5,Physical Climate Risk (EIB),EIB_PR,0.3,UN Multilateral Engagement Score,UN_Index,0.1
RUN110,Cumulative Emissions since 1850,X1850_2024,0.1,Gross National Income,GNI,0.6,Physical Climate Risk (EIB),EIB_PR,0.1,UN Multilateral Engagement Score,UN_Index,0.2
RUN111,Cumulative Emissions since 1850,X1850_2024,0.1,Gross National Income,GNI,0.6,Physical Climate Risk (EIB),EIB_PR,0.2,UN Multilateral Engagement Score,UN_Index,0.1
RUN112,Cumulative Emissions since 1850,X1850_2024,0.1,Gross National Income,GNI,0.7,Physical Climate Risk (EIB),EIB_PR,0.1,UN Multilateral Engagement Score,UN_Index,0.1
RUN113,Cumulative Emissions since 1850,X1850_2024,0.2,Gross National Income,GNI,0.1,Physical Climate Risk (EIB),EIB_PR,0.1,UN Multilateral Engagement Score,UN_Index,0.6
RUN114,Cumulative Emissions since 1850,X1850_2024,0.2,Gross National Income,GNI,0.1,Physical Climate Risk (EIB),EIB_PR,0.2,UN Multilateral Engagement Score,UN_Index,0.5
RUN115,Cumulative Emissions since 1850,X1850_2024,0.2,Gross National Income,GNI,0.1,Physical Climate Risk (EIB),EIB_PR,0.3,UN Multilateral Engagement Score,UN_Index,0.4
RUN116,Cumulative Emissions since 1850,X1850_2024,0.2,Gross National Income,GNI,0.1,Physical Climate Risk (EIB),EIB_PR,0.4,UN Multilateral Engagement Score,UN_Index,0.3
RUN117,Cumulative Emissions since 1850,X1850_2024,0.2,Gross National Income,GNI,0.1,Physical Climate Risk (EIB),EIB_PR,0.5,UN Multilateral Engagement Score,UN_Index,0.2
RUN118,Cumulative Emissions since 1850,X1850_2024,0.2,Gross National Income,GNI,0.1,Physical Climate Risk (EIB),EIB_PR,0.6,UN Multilateral Engagement Score,UN_Index,0.1
RUN119,Cumulative Emissions since 1850,X1850_2024,0.2,Gross National Income,GNI,0.2,Physical Climate Risk (EIB),EIB_PR,0.1,UN Multilateral Engagement Score,UN_Index,0.5
RUN120,Cumulative Emissions since 1850,X1850_2024,0.2,Gross National Income,GNI,0.2,Physical Climate Risk (EIB),EIB_PR,0.2,UN Multilateral Engagement Score,UN_Index,0.4
RUN121,Cumulative Emissions since 1850,X1850_2024,0.2,Gross National Income,GNI,0.2,Physical Climate Risk (EIB),EIB_PR,0.3,UN Multilateral Engagement Score,UN_Index,0.3
RUN122,Cumulative Emissions since 1850,X1850_2024,0.2,Gross National Income,GNI,0.2,Physical Climate Risk (EIB),EIB_PR,0.4,UN Multilateral Engagement Score,UN_Index,0.2
RUN123,Cumulative Emissions since 1850,X1850_2024,0.2,Gross National Income,GNI,0.2,Physical Climate Risk (EIB),EIB_PR,0.5,UN Multilateral Engagement Score,UN_Index,0.1
RUN124,Cumulative Emissions since 1850,X1850_2024,0.2,Gross National Income,GNI,0.3,Physical Climate Risk (EIB),EIB_PR,0.1,UN Multilateral Engagement Score,UN_Index,0.4
RUN125,Cumulative Emissions since 1850,X1850_2024,0.2,Gross National Income,GNI,0.3,Physical Climate Risk (EIB),EIB_PR,0.2,UN Multilateral Engagement Score,UN_Index,0.3
RUN126,Cumulative Emissions since 1850,X1850_2024,0.2,Gross National Income,GNI,0.3,Physical Climate Risk (EIB),EIB_PR,0.3,UN Multilateral Engagement Score,UN_Index,0.2
RUN127,Cumulative Emissions since 1850,X1850_2024,0.2,Gross National Income,GNI,0.3,Physical Climate Risk (EIB),EIB_PR,0.4,UN Multilateral Engagement Score,UN_Index,0.1
RUN128,Cumulative Emissions since 1850,X1850_2024,0.2,Gross National Income,GNI,0.4,Physical Climate Risk (EIB),EIB_PR,0.1,UN Multilateral Engagement Score,UN_Index,0.3
RUN129,Cumulative Emissions since 1850,X1850_2024,0.2,Gross National Income,GNI,0.4,Physical Climate Risk (EIB),EIB_PR,0.2,UN Multilateral Engagement Score,UN_Index,0.2
RUN130,Cumulative Emissions since 1850,X1850_2024,0.2,Gross National Income,GNI,0.4,Physical Climate Risk (EIB),EIB_PR,0.3,UN Multilateral Engagement Score,UN_Index,0.1
RUN131,Cumulative Emissions since 1850,X1850_2024,0.2,Gross National Income,GNI,0.5,Physical Climate Risk (EIB),EIB_PR,0.1,UN Multilateral Engagement Score,UN_Index,0.2
RUN132,Cumulative Emissions since 1850,X1850_2024,0.2,Gross National Income,GNI,0.5,Physical Climate Risk (EIB),EIB_PR,0.2,UN Multilateral Engagement Score,UN_Index,0.1
RUN133,Cumulative Emissions since 1850,X1850_2024,0.2,Gross National Income,GNI,0.6,Physical Climate Risk (EIB),EIB_PR,0.1,UN Multilateral Engagement Score,UN_Index,0.1
RUN134,Cumulative Emissions since 1850,X1850_2024,0.3,Gross National Income,GNI,0.1,Physical Climate Risk (EIB),EIB_PR,0.1,UN Multilateral Engagement Score,UN_Index,0.5
RUN135,Cumulative Emissions since 1850,X1850_2024,0.3,Gross National Income,GNI,0.1,Physical Climate Risk (EIB),EIB_PR,0.2,UN Multilateral Engagement Score,UN_Index,0.4
RUN136,Cumulative Emissions since 1850,X1850_2024,0.3,Gross National Income,GNI,0.1,Physical Climate Risk (EIB),EIB_PR,0.3,UN Multilateral Engagement Score,UN_Index,0.3
RUN137,Cumulative Emissions since 1850,X1850_2024,0.3,Gross National Income,GNI,0.1,Physical Climate Risk (EIB),EIB_PR,0.4,UN Multilateral Engagement Score,UN_Index,0.2
RUN138,Cumulative Emissions since 1850,X1850_2024,0.3,Gross National Income,GNI,0.1,Physical Climate Risk (EIB),EIB_PR,0.5,UN Multilateral Engagement Score,UN_Index,0.1
RUN139,Cumulative Emissions since 1850,X1850_2024,0.3,Gross National Income,GNI,0.2,Physical Climate Risk (EIB),EIB_PR,0.1,UN Multilateral Engagement Score,UN_Index,0.4
RUN140,Cumulative Emissions since 1850,X1850_2024,0.3,Gross National Income,GNI,0.2,Physical Climate Risk (EIB),EIB_PR,0.2,UN Multilateral Engagement Score,UN_Index,0.3
RUN141,Cumulative Emissions since 1850,X1850_2024,0.3,Gross National Income,GNI,0.2,Physical Climate Risk (EIB),EIB_PR,0.3,UN Multilateral Engagement Score,UN_Index,0.2
RUN142,Cumulative Emissions since 1850,X1850_2024,0.3,Gross National Income,GNI,0.2,Physical Climate Risk (EIB),EIB_PR,0.4,UN Multilateral Engagement Score,UN_Index,0.1
RUN143,Cumulative Emissions since 1850,X1850_2024,0.3,Gross National Income,GNI,0.3,Physical Climate Risk (EIB),EIB_PR,0.1,UN Multilateral Engagement Score,UN_Index,0.3
RUN144,Cumulative Emissions since 1850,X1850_2024,0.3,Gross National Income,GNI,0.3,Physical Climate Risk (EIB),EIB_PR,0.2,UN Multilateral Engagement Score,UN_Index,0.2
RUN145,Cumulative Emissions since 1850,X1850_2024,0.3,Gross National Income,GNI,0.3,Physical Climate Risk (EIB),EIB_PR,0.3,UN Multilateral Engagement Score,UN_Index,0.1
RUN146,Cumulative Emissions since 1850,X1850_2024,0.3,Gross National Income,GNI,0.4,Physical Climate Risk (EIB),EIB_PR,0.1,UN Multilateral Engagement Score,UN_Index,0.2
RUN147,Cumulative Emissions since 1850,X1850_2024,0.3,Gross National Income,GNI,0.4,Physical Climate Risk (EIB),EIB_PR,0.2,UN Multilateral Engagement Score,UN_Index,0.1
RUN148,Cumulative Emissions since 1850,X1850_2024,0.3,Gross National Income,GNI,0.5,Physical Climate Risk (EIB),EIB_PR,0.1,UN Multilateral Engagement Score,UN_Index,0.1
RUN149,Cumulative Emissions since 1850,X1850_2024,0.4,Gross National Income,GNI,0.1,Physical Climate Risk (EIB),EIB_PR,0.1,UN Multilateral Engagement Score,UN_Index,0.4
RUN150,Cumulative Emissions since 1850,X1850_2024,0.4,Gross National Income,GNI,0.1,Physical Climate Risk (EIB),EIB_PR,0.2,UN Multilateral Engagement Score,UN_Index,0.3
RUN151,Cumulative Emissions since 1850,X1850_2024,0.4,Gross National Income,GNI,0.1,Physical Climate Risk (EIB),EIB_PR,0.3,UN Multilateral Engagement Score,UN_Index,0.2
RUN152,Cumulative Emissions since 1850,X1850_2024,0.4,Gross National Income,GNI,0.1,Physical Climate Risk (EIB),EIB_PR,0.4,UN Multilateral Engagement Score,UN_Index,0.1
RUN153,Cumulative Emissions since 1850,X1850_2024,0.4,Gross National Income,GNI,0.2,Physical Climate Risk (EIB),EIB_PR,0.1,UN Multilateral Engagement Score,UN_Index,0.3
RUN154,Cumulative Emissions since 1850,X1850_2024,0.4,Gross National Income,GNI,0.2,Physical Climate Risk (EIB),EIB_PR,0.2,UN Multilateral Engagement Score,UN_Index,0.2
RUN155,Cumulative Emissions since 1850,X1850_2024,0.4,Gross National Income,GNI,0.2,Physical Climate Risk (EIB),EIB_PR,0.3,UN Multilateral Engagement Score,UN_Index,0.1
RUN156,Cumulative Emissions since 1850,X1850_2024,0.4,Gross National Income,GNI,0.3,Physical Climate Risk (EIB),EIB_PR,0.1,UN Multilateral Engagement Score,UN_Index,0.2
RUN157,Cumulative Emissions since 1850,X1850_2024,0.4,Gross National Income,GNI,0.3,Physical Climate Risk (EIB),EIB_PR,0.2,UN Multilateral Engagement Score,UN_Index,0.1
RUN158,Cumulative Emissions since 1850,X1850_2024,0.4,Gross National Income,GNI,0.4,Physical Climate Risk (EIB),EIB_PR,0.1,UN Multilateral Engagement Score,UN_Index,0.1
RUN159,Cumulative Emissions since 1850,X1850_2024,0.5,Gross National Income,GNI,0.1,Physical Climate Risk (EIB),EIB_PR,0.1,UN Multilateral Engagement Score,UN_Index,0.3
RUN160,Cumulative Emissions since 1850,X1850_2024,0.5,Gross National Income,GNI,0.1,Physical Climate Risk (EIB),EIB_PR,0.2,UN Multilateral Engagement Score,UN_Index,0.2
RUN161,Cumulative Emissions since 1850,X1850_2024,0.5,Gross National Income,GNI,0.1,Physical Climate Risk (EIB),EIB_PR,0.3,UN Multilateral Engagement Score,UN_Index,0.1
RUN162,Cumulative Emissions since 1850,X1850_2024,0.5,Gross National Income,GNI,0.2,Physical Climate Risk (EIB),EIB_PR,0.1,UN Multilateral Engagement Score,UN_Index,0.2
RUN163,Cumulative Emissions since 1850,X1850_2024,0.5,Gross National Income,GNI,0.2,Physical Climate Risk (EIB),EIB_PR,0.2,UN Multilateral Engagement Score,UN_Index,0.1
RUN164,Cumulative Emissions since 1850,X1850_2024,0.5,Gross National Income,GNI,0.3,Physical Climate Risk (EIB),EIB_PR,0.1,UN Multilateral Engagement Score,UN_Index,0.1
RUN165,Cumulative Emissions since 1850,X1850_2024,0.6,Gross National Income,GNI,0.1,Physical Climate Risk (EIB),EIB_PR,0.1,UN Multilateral Engagement Score,UN_Index,0.2
RUN166,Cumulative Emissions since 1850,X1850_2024,0.6,Gross National Income,GNI,0.1,Physical Climate Risk (EIB),EIB_PR,0.2,UN Multilateral Engagement Score,UN_Index,0.1
RUN167,Cumulative Emissions since 1850,X1850_2024,0.6,Gross National Income,GNI,0.2,Physical Climate Risk (EIB),EIB_PR,0.1,UN Multilateral Engagement Score,UN_Index,0.1
RUN168,Cumulative Emissions since 1850,X1850_2024,0.7,Gross National Income,GNI,0.1,Physical Climate Risk (EIB),EIB_PR,0.1,UN Multilateral Engagement Score,UN_Index,0.1
RUN169,Cumulative Emissions since 1850,X1850_2024,0.1,Gross National Income,GNI,0.1,Transition Climate Risk (EIB),EIB_TR,0.1,UN Multilateral Engagement Score,UN_Index,0.7
RUN170,Cumulative Emissions since 1850,X1850_2024,0.1,Gross National Income,GNI,0.1,Transition Climate Risk (EIB),EIB_TR,0.2,UN Multilateral Engagement Score,UN_Index,0.6
RUN171,Cumulative Emissions since 1850,X1850_2024,0.1,Gross National Income,GNI,0.1,Transition Climate Risk (EIB),EIB_TR,0.3,UN Multilateral Engagement Score,UN_Index,0.5
RUN172,Cumulative Emissions since 1850,X1850_2024,0.1,Gross National Income,GNI,0.1,Transition Climate Risk (EIB),EIB_TR,0.4,UN Multilateral Engagement Score,UN_Index,0.4
RUN173,Cumulative Emissions since 1850,X1850_2024,0.1,Gross National Income,GNI,0.1,Transition Climate Risk (EIB),EIB_TR,0.5,UN Multilateral Engagement Score,UN_Index,0.3
RUN174,Cumulative Emissions since 1850,X1850_2024,0.1,Gross National Income,GNI,0.1,Transition Climate Risk (EIB),EIB_TR,0.6,UN Multilateral Engagement Score,UN_Index,0.2
RUN175,Cumulative Emissions since 1850,X1850_2024,0.1,Gross National Income,GNI,0.1,Transition Climate Risk (EIB),EIB_TR,0.7,UN Multilateral Engagement Score,UN_Index,0.1
RUN176,Cumulative Emissions since 1850,X1850_2024,0.1,Gross National Income,GNI,0.2,Transition Climate Risk (EIB),EIB_TR,0.1,UN Multilateral Engagement Score,UN_Index,0.6
RUN177,Cumulative Emissions since 1850,X1850_2024,0.1,Gross National Income,GNI,0.2,Transition Climate Risk (EIB),EIB_TR,0.2,UN Multilateral Engagement Score,UN_Index,0.5
RUN178,Cumulative Emissions since 1850,X1850_2024,0.1,Gross National Income,GNI,0.2,Transition Climate Risk (EIB),EIB_TR,0.3,UN Multilateral Engagement Score,UN_Index,0.4
RUN179,Cumulative Emissions since 1850,X1850_2024,0.1,Gross National Income,GNI,0.2,Transition Climate Risk (EIB),EIB_TR,0.4,UN Multilateral Engagement Score,UN_Index,0.3
RUN180,Cumulative Emissions since 1850,X1850_2024,0.1,Gross National Income,GNI,0.2,Transition Climate Risk (EIB),EIB_TR,0.5,UN Multilateral Engagement Score,UN_Index,0.2
RUN181,Cumulative Emissions since 1850,X1850_2024,0.1,Gross National Income,GNI,0.2,Transition Climate Risk (EIB),EIB_TR,0.6,UN Multilateral Engagement Score,UN_Index,0.1
RUN182,Cumulative Emissions since 1850,X1850_2024,0.1,Gross National Income,GNI,0.3,Transition Climate Risk (EIB),EIB_TR,0.1,UN Multilateral Engagement Score,UN_Index,0.5
RUN183,Cumulative Emissions since 1850,X1850_2024,0.1,Gross National Income,GNI,0.3,Transition Climate Risk (EIB),EIB_TR,0.2,UN Multilateral Engagement Score,UN_Index,0.4
RUN184,Cumulative Emissions since 1850,X1850_2024,0.1,Gross National Income,GNI,0.3,Transition Climate Risk (EIB),EIB_TR,0.3,UN Multilateral Engagement Score,UN_Index,0.3
RUN185,Cumulative Emissions since 1850,X1850_2024,0.1,Gross National Income,GNI,0.3,Transition Climate Risk (EIB),EIB_TR,0.4,UN Multilateral Engagement Score,UN_Index,0.2
RUN186,Cumulative Emissions since 1850,X1850_2024,0.1,Gross National Income,GNI,0.3,Transition Climate Risk (EIB),EIB_TR,0.5,UN Multilateral Engagement Score,UN_Index,0.1
RUN187,Cumulative Emissions since 1850,X1850_2024,0.1,Gross National Income,GNI,0.4,Transition Climate Risk (EIB),EIB_TR,0.1,UN Multilateral Engagement Score,UN_Index,0.4
RUN188,Cumulative Emissions since 1850,X1850_2024,0.1,Gross National Income,GNI,0.4,Transition Climate Risk (EIB),EIB_TR,0.2,UN Multilateral Engagement Score,UN_Index,0.3
RUN189,Cumulative Emissions since 1850,X1850_2024,0.1,Gross National Income,GNI,0.4,Transition Climate Risk (EIB),EIB_TR,0.3,UN Multilateral Engagement Score,UN_Index,0.2
RUN190,Cumulative Emissions since 1850,X1850_2024,0.1,Gross National Income,GNI,0.4,Transition Climate Risk (EIB),EIB_TR,0.4,UN Multilateral Engagement Score,UN_Index,0.1
RUN191,Cumulative Emissions since 1850,X1850_2024,0.1,Gross National Income,GNI,0.5,Transition Climate Risk (EIB),EIB_TR,0.1,UN Multilateral Engagement Score,UN_Index,0.3
RUN192,Cumulative Emissions since 1850,X1850_2024,0.1,Gross National Income,GNI,0.5,Transition Climate Risk (EIB),EIB_TR,0.2,UN Multilateral Engagement Score,UN_Index,0.2
RUN193,Cumulative Emissions since 1850,X1850_2024,0.1,Gross National Income,GNI,0.5,Transition Climate Risk (EIB),EIB_TR,0.3,UN Multilateral Engagement Score,UN_Index,0.1
RUN194,Cumulative Emissions since 1850,X1850_2024,0.1,Gross National Income,GNI,0.6,Transition Climate Risk (EIB),EIB_TR,0.1,UN Multilateral Engagement Score,UN_Index,0.2
RUN195,Cumulative Emissions since 1850,X1850_2024,0.1,Gross National Income,GNI,0.6,Transition Climate Risk (EIB),EIB_TR,0.2,UN Multilateral Engagement Score,UN_Index,0.1
RUN196,Cumulative Emissions since 1850,X1850_2024,0.1,Gross National Income,GNI,0.7,Transition Climate Risk (EIB),EIB_TR,0.1,UN Multilateral Engagement Score,UN_Index,0.1
RUN197,Cumulative Emissions since 1850,X1850_2024,0.2,Gross National Income,GNI,0.1,Transition Climate Risk (EIB),EIB_TR,0.1,UN Multilateral Engagement Score,UN_Index,0.6
RUN198,Cumulative Emissions since 1850,X1850_2024,0.2,Gross National Income,GNI,0.1,Transition Climate Risk (EIB),EIB_TR,0.2,UN Multilateral Engagement Score,UN_Index,0.5
RUN199,Cumulative Emissions since 1850,X1850_2024,0.2,Gross National Income,GNI,0.1,Transition Climate Risk (EIB),EIB_TR,0.3,UN Multilateral Engagement Score,UN_Index,0.4
RUN200,Cumulative Emissions since 1850,X1850_2024,0.2,Gross National Income,GNI,0.1,Transition Climate Risk (EIB),EIB_TR,0.4,UN Multilateral Engagement Score,UN_Index,0.3
RUN201,Cumulative Emissions since 1850,X1850_2024,0.2,Gross National Income,GNI,0.1,Transition Climate Risk (EIB),EIB_TR,0.5,UN Multilateral Engagement Score,UN_Index,0.2
RUN202,Cumulative Emissions since 1850,X1850_2024,0.2,Gross National Income,GNI,0.1,Transition Climate Risk (EIB),EIB_TR,0.6,UN Multilateral Engagement Score,UN_Index,0.1
RUN203,Cumulative Emissions since 1850,X1850_2024,0.2,Gross National Income,GNI,0.2,Transition Climate Risk (EIB),EIB_TR,0.1,UN Multilateral Engagement Score,UN_Index,0.5
RUN204,Cumulative Emissions since 1850,X1850_2024,0.2,Gross National Income,GNI,0.2,Transition Climate Risk (EIB),EIB_TR,0.2,UN Multilateral Engagement Score,UN_Index,0.4
RUN205,Cumulative Emissions since 1850,X1850_2024,0.2,Gross National Income,GNI,0.2,Transition Climate Risk (EIB),EIB_TR,0.3,UN Multilateral Engagement Score,UN_Index,0.3
RUN206,Cumulative Emissions since 1850,X1850_2024,0.2,Gross National Income,GNI,0.2,Transition Climate Risk (EIB),EIB_TR,0.4,UN Multilateral Engagement Score,UN_Index,0.2
RUN207,Cumulative Emissions since 1850,X1850_2024,0.2,Gross National Income,GNI,0.2,Transition Climate Risk (EIB),EIB_TR,0.5,UN Multilateral Engagement Score,UN_Index,0.1
RUN208,Cumulative Emissions since 1850,X1850_2024,0.2,Gross National Income,GNI,0.3,Transition Climate Risk (EIB),EIB_TR,0.1,UN Multilateral Engagement Score,UN_Index,0.4
RUN209,Cumulative Emissions since 1850,X1850_2024,0.2,Gross National Income,GNI,0.3,Transition Climate Risk (EIB),EIB_TR,0.2,UN Multilateral Engagement Score,UN_Index,0.3
RUN210,Cumulative Emissions since 1850,X1850_2024,0.2,Gross National Income,GNI,0.3,Transition Climate Risk (EIB),EIB_TR,0.3,UN Multilateral Engagement Score,UN_Index,0.2
RUN211,Cumulative Emissions since 1850,X1850_2024,0.2,Gross National Income,GNI,0.3,Transition Climate Risk (EIB),EIB_TR,0.4,UN Multilateral Engagement Score,UN_Index,0.1
RUN212,Cumulative Emissions since 1850,X1850_2024,0.2,Gross National Income,GNI,0.4,Transition Climate Risk (EIB),EIB_TR,0.1,UN Multilateral Engagement Score,UN_Index,0.3
RUN213,Cumulative Emissions since 1850,X1850_2024,0.2,Gross National Income,GNI,0.4,Transition Climate Risk (EIB),EIB_TR,0.2,UN Multilateral Engagement Score,UN_Index,0.2
RUN214,Cumulative Emissions since 1850,X1850_2024,0.2,Gross National Income,GNI,0.4,Transition Climate Risk (EIB),EIB_TR,0.3,UN Multilateral Engagement Score,UN_Index,0.1
RUN215,Cumulative Emissions since 1850,X1850_2024,0.2,Gross National Income,GNI,0.5,Transition Climate Risk (EIB),EIB_TR,0.1,UN Multilateral Engagement Score,UN_Index,0.2
RUN216,Cumulative Emissions since 1850,X1850_2024,0.2,Gross National Income,GNI,0.5,Transition Climate Risk (EIB),EIB_TR,0.2,UN Multilateral Engagement Score,UN_Index,0.1
RUN217,Cumulative Emissions since 1850,X1850_2024,0.2,Gross National Income,GNI,0.6,Transition Climate Risk (EIB),EIB_TR,0.1,UN Multilateral Engagement Score,UN_Index,0.1
RUN218,Cumulative Emissions since 1850,X1850_2024,0.3,Gross National Income,GNI,0.1,Transition Climate Risk (EIB),EIB_TR,0.1,UN Multilateral Engagement Score,UN_Index,0.5
RUN219,Cumulative Emissions since 1850,X1850_2024,0.3,Gross National Income,GNI,0.1,Transition Climate Risk (EIB),EIB_TR,0.2,UN Multilateral Engagement Score,UN_Index,0.4
RUN220,Cumulative Emissions since 1850,X1850_2024,0.3,Gross National Income,GNI,0.1,Transition Climate Risk (EIB),EIB_TR,0.3,UN Multilateral Engagement Score,UN_Index,0.3
RUN221,Cumulative Emissions since 1850,X1850_2024,0.3,Gross National Income,GNI,0.1,Transition Climate Risk (EIB),EIB_TR,0.4,UN Multilateral Engagement Score,UN_Index,0.2
RUN222,Cumulative Emissions since 1850,X1850_2024,0.3,Gross National Income,GNI,0.1,Transition Climate Risk (EIB),EIB_TR,0.5,UN Multilateral Engagement Score,UN_Index,0.1
RUN223,Cumulative Emissions since 1850,X1850_2024,0.3,Gross National Income,GNI,0.2,Transition Climate Risk (EIB),EIB_TR,0.1,UN Multilateral Engagement Score,UN_Index,0.4
RUN224,Cumulative Emissions since 1850,X1850_2024,0.3,Gross National Income,GNI,0.2,Transition Climate Risk (EIB),EIB_TR,0.2,UN Multilateral Engagement Score,UN_Index,0.3
RUN225,Cumulative Emissions since 1850,X1850_2024,0.3,Gross National Income,GNI,0.2,Transition Climate Risk (EIB),EIB_TR,0.3,UN Multilateral Engagement Score,UN_Index,0.2
RUN226,Cumulative Emissions since 1850,X1850_2024,0.3,Gross National Income,GNI,0.2,Transition Climate Risk (EIB),EIB_TR,0.4,UN Multilateral Engagement Score,UN_Index,0.1
RUN227,Cumulative Emissions since 1850,X1850_2024,0.3,Gross National Income,GNI,0.3,Transition Climate Risk (EIB),EIB_TR,0.1,UN Multilateral Engagement Score,UN_Index,0.3
RUN228,Cumulative Emissions since 1850,X1850_2024,0.3,Gross National Income,GNI,0.3,Transition Climate Risk (EIB),EIB_TR,0.2,UN Multilateral Engagement Score,UN_Index,0.2
RUN229,Cumulative Emissions since 1850,X1850_2024,0.3,Gross National Income,GNI,0.3,Transition Climate Risk (EIB),EIB_TR,0.3,UN Multilateral Engagement Score,UN_Index,0.1
RUN230,Cumulative Emissions since 1850,X1850_2024,0.3,Gross National Income,GNI,0.4,Transition Climate Risk (EIB),EIB_TR,0.1,UN Multilateral Engagement Score,UN_Index,0.2
RUN231,Cumulative Emissions since 1850,X1850_2024,0.3,Gross National Income,GNI,0.4,Transition Climate Risk (EIB),EIB_TR,0.2,UN Multilateral Engagement Score,UN_Index,0.1
RUN232,Cumulative Emissions since 1850,X1850_2024,0.3,Gross National Income,GNI,0.5,Transition Climate Risk (EIB),EIB_TR,0.1,UN Multilateral Engagement Score,UN_Index,0.1
RUN233,Cumulative Emissions since 1850,X1850_2024,0.4,Gross National Income,GNI,0.1,Transition Climate Risk (EIB),EIB_TR,0.1,UN Multilateral Engagement Score,UN_Index,0.4
RUN234,Cumulative Emissions since 1850,X1850_2024,0.4,Gross National Income,GNI,0.1,Transition Climate Risk (EIB),EIB_TR,0.2,UN Multilateral Engagement Score,UN_Index,0.3
RUN235,Cumulative Emissions since 1850,X1850_2024,0.4,Gross National Income,GNI,0.1,Transition Climate Risk (EIB),EIB_TR,0.3,UN Multilateral Engagement Score,UN_Index,0.2
RUN236,Cumulative Emissions since 1850,X1850_2024,0.4,Gross National Income,GNI,0.1,Transition Climate Risk (EIB),EIB_TR,0.4,UN Multilateral Engagement Score,UN_Index,0.1
RUN237,Cumulative Emissions since 1850,X1850_2024,0.4,Gross National Income,GNI,0.2,Transition Climate Risk (EIB),EIB_TR,0.1,UN Multilateral Engagement Score,UN_Index,0.3
RUN238,Cumulative Emissions since 1850,X1850_2024,0.4,Gross National Income,GNI,0.2,Transition Climate Risk (EIB),EIB_TR,0.2,UN Multilateral Engagement Score,UN_Index,0.2
RUN239,Cumulative Emissions since 1850,X1850_2024,0.4,Gross National Income,GNI,0.2,Transition Climate Risk (EIB),EIB_TR,0.3,UN Multilateral Engagement Score,UN_Index,0.1
RUN240,Cumulative Emissions since 1850,X1850_2024,0.4,Gross National Income,GNI,0.3,Transition Climate Risk (EIB),EIB_TR,0.1,UN Multilateral Engagement Score,UN_Index,0.2
RUN241,Cumulative Emissions since 1850,X1850_2024,0.4,Gross National Income,GNI,0.3,Transition Climate Risk (EIB),EIB_TR,0.2,UN Multilateral Engagement Score,UN_Index,0.1
RUN242,Cumulative Emissions since 1850,X1850_2024,0.4,Gross National Income,GNI,0.4,Transition Climate Risk (EIB),EIB_TR,0.1,UN Multilateral Engagement Score,UN_Index,0.1
RUN243,Cumulative Emissions since 1850,X1850_2024,0.5,Gross National Income,GNI,0.1,Transition Climate Risk (EIB),EIB_TR,0.1,UN Multilateral Engagement Score,UN_Index,0.3
RUN244,Cumulative Emissions since 1850,X1850_2024,0.5,Gross National Income,GNI,0.1,Transition Climate Risk (EIB),EIB_TR,0.2,UN Multilateral Engagement Score,UN_Index,0.2
RUN245,Cumulative Emissions since 1850,X1850_2024,0.5,Gross National Income,GNI,0.1,Transition Climate Risk (EIB),EIB_TR,0.3,UN Multilateral Engagement Score,UN_Index,0.1
RUN246,Cumulative Emissions since 1850,X1850_2024,0.5,Gross National Income,GNI,0.2,Transition Climate Risk (EIB),EIB_TR,0.1,UN Multilateral Engagement Score,UN_Index,0.2
RUN247,Cumulative Emissions since 1850,X1850_2024,0.5,Gross National Income,GNI,0.2,Transition Climate Risk (EIB),EIB_TR,0.2,UN Multilateral Engagement Score,UN_Index,0.1
RUN248,Cumulative Emissions since 1850,X1850_2024,0.5,Gross National Income,GNI,0.3,Transition Climate Risk (EIB),EIB_TR,0.1,UN Multilateral Engagement Score,UN_Index,0.1
RUN249,Cumulative Emissions since 1850,X1850_2024,0.6,Gross National Income,GNI,0.1,Transition Climate Risk (EIB),EIB_TR,0.1,UN Multilateral Engagement Score,UN_Index,0.2
RUN250,Cumulative Emissions since 1850,X1850_2024,0.6,Gross National Income,GNI,0.1,Transition Climate Risk (EIB),EIB_TR,0.2,UN Multilateral Engagement Score,UN_Index,0.1
RUN251,Cumulative Emissions since 1850,X1850_2024,0.6,Gross National Income,GNI,0.2,Transition Climate Risk (EIB),EIB_TR,0.1,UN Multilateral Engagement Score,UN_Index,0.1
RUN252,Cumulative Emissions since 1850,X1850_2024,0.7,Gross National Income,GNI,0.1,Transition Climate Risk (EIB),EIB_TR,0.1,UN Multilateral Engagement Score,UN_Index,0.1
RUN253,Cumulative Emissions since 1850,X1850_2024,0.1,Gross National Product,GDP,0.1,Climate Risk and Vulnerability Index,GAIN_CR,0.1,UN Multilateral Engagement Score,UN_Index,0.7
RUN254,Cumulative Emissions since 1850,X1850_2024,0.1,Gross National Product,GDP,0.1,Climate Risk and Vulnerability Index,GAIN_CR,0.2,UN Multilateral Engagement Score,UN_Index,0.6
RUN255,Cumulative Emissions since 1850,X1850_2024,0.1,Gross National Product,GDP,0.1,Climate Risk and Vulnerability Index,GAIN_CR,0.3,UN Multilateral Engagement Score,UN_Index,0.5
RUN256,Cumulative Emissions since 1850,X1850_2024,0.1,Gross National Product,GDP,0.1,Climate Risk and Vulnerability Index,GAIN_CR,0.4,UN Multilateral Engagement Score,UN_Index,0.4
RUN257,Cumulative Emissions since 1850,X1850_2024,0.1,Gross National Product,GDP,0.1,Climate Risk and Vulnerability Index,GAIN_CR,0.5,UN Multilateral Engagement Score,UN_Index,0.3
RUN258,Cumulative Emissions since 1850,X1850_2024,0.1,Gross National Product,GDP,0.1,Climate Risk and Vulnerability Index,GAIN_CR,0.6,UN Multilateral Engagement Score,UN_Index,0.2
RUN259,Cumulative Emissions since 1850,X1850_2024,0.1,Gross National Product,GDP,0.1,Climate Risk and Vulnerability Index,GAIN_CR,0.7,UN Multilateral Engagement Score,UN_Index,0.1
RUN260,Cumulative Emissions since 1850,X1850_2024,0.1,Gross National Product,GDP,0.2,Climate Risk and Vulnerability Index,GAIN_CR,0.1,UN Multilateral Engagement Score,UN_Index,0.6
RUN261,Cumulative Emissions since 1850,X1850_2024,0.1,Gross National Product,GDP,0.2,Climate Risk and Vulnerability Index,GAIN_CR,0.2,UN Multilateral Engagement Score,UN_Index,0.5
RUN262,Cumulative Emissions since 1850,X1850_2024,0.1,Gross National Product,GDP,0.2,Climate Risk and Vulnerability Index,GAIN_CR,0.3,UN Multilateral Engagement Score,UN_Index,0.4
RUN263,Cumulative Emissions since 1850,X1850_2024,0.1,Gross National Product,GDP,0.2,Climate Risk and Vulnerability Index,GAIN_CR,0.4,UN Multilateral Engagement Score,UN_Index,0.3
RUN264,Cumulative Emissions since 1850,X1850_2024,0.1,Gross National Product,GDP,0.2,Climate Risk and Vulnerability Index,GAIN_CR,0.5,UN Multilateral Engagement Score,UN_Index,0.2
RUN265,Cumulative Emissions since 1850,X1850_2024,0.1,Gross National Product,GDP,0.2,Climate Risk and Vulnerability Index,GAIN_CR,0.6,UN Multilateral Engagement Score,UN_Index,0.1
RUN266,Cumulative Emissions since 1850,X1850_2024,0.1,Gross National Product,GDP,0.3,Climate Risk and Vulnerability Index,GAIN_CR,0.1,UN Multilateral Engagement Score,UN_Index,0.5
RUN267,Cumulative Emissions since 1850,X1850_2024,0.1,Gross National Product,GDP,0.3,Climate Risk and Vulnerability Index,GAIN_CR,0.2,UN Multilateral Engagement Score,UN_Index,0.4
RUN268,Cumulative Emissions since 1850,X1850_2024,0.1,Gross National Product,GDP,0.3,Climate Risk and Vulnerability Index,GAIN_CR,0.3,UN Multilateral Engagement Score,UN_Index,0.3
RUN269,Cumulative Emissions since 1850,X1850_2024,0.1,Gross National Product,GDP,0.3,Climate Risk and Vulnerability Index,GAIN_CR,0.4,UN Multilateral Engagement Score,UN_Index,0.2
RUN270,Cumulative Emissions since 1850,X1850_2024,0.1,Gross National Product,GDP,0.3,Climate Risk and Vulnerability Index,GAIN_CR,0.5,UN Multilateral Engagement Score,UN_Index,0.1
RUN271,Cumulative Emissions since 1850,X1850_2024,0.1,Gross National Product,GDP,0.4,Climate Risk and Vulnerability Index,GAIN_CR,0.1,UN Multilateral Engagement Score,UN_Index,0.4
RUN272,Cumulative Emissions since 1850,X1850_2024,0.1,Gross National Product,GDP,0.4,Climate Risk and Vulnerability Index,GAIN_CR,0.2,UN Multilateral Engagement Score,UN_Index,0.3
RUN273,Cumulative Emissions since 1850,X1850_2024,0.1,Gross National Product,GDP,0.4,Climate Risk and Vulnerability Index,GAIN_CR,0.3,UN Multilateral Engagement Score,UN_Index,0.2
RUN274,Cumulative Emissions since 1850,X1850_2024,0.1,Gross National Product,GDP,0.4,Climate Risk and Vulnerability Index,GAIN_CR,0.4,UN Multilateral Engagement Score,UN_Index,0.1
RUN275,Cumulative Emissions since 1850,X1850_2024,0.1,Gross National Product,GDP,0.5,Climate Risk and Vulnerability Index,GAIN_CR,0.1,UN Multilateral Engagement Score,UN_Index,0.3
RUN276,Cumulative Emissions since 1850,X1850_2024,0.1,Gross National Product,GDP,0.5,Climate Risk and Vulnerability Index,GAIN_CR,0.2,UN Multilateral Engagement Score,UN_Index,0.2
RUN277,Cumulative Emissions since 1850,X1850_2024,0.1,Gross National Product,GDP,0.5,Climate Risk and Vulnerability Index,GAIN_CR,0.3,UN Multilateral Engagement Score,UN_Index,0.1
RUN278,Cumulative Emissions since 1850,X1850_2024,0.1,Gross National Product,GDP,0.6,Climate Risk and Vulnerability Index,GAIN_CR,0.1,UN Multilateral Engagement Score,UN_Index,0.2
RUN279,Cumulative Emissions since 1850,X1850_2024,0.1,Gross National Product,GDP,0.6,Climate Risk and Vulnerability Index,GAIN_CR,0.2,UN Multilateral Engagement Score,UN_Index,0.1
RUN280,Cumulative Emissions since 1850,X1850_2024,0.1,Gross National Product,GDP,0.7,Climate Risk and Vulnerability Index,GAIN_CR,0.1,UN Multilateral Engagement Score,UN_Index,0.1
RUN281,Cumulative Emissions since 1850,X1850_2024,0.2,Gross National Product,GDP,0.1,Climate Risk and Vulnerability Index,GAIN_CR,0.1,UN Multilateral Engagement Score,UN_Index,0.6
RUN282,Cumulative Emissions since 1850,X1850_2024,0.2,Gross National Product,GDP,0.1,Climate Risk and Vulnerability Index,GAIN_CR,0.2,UN Multilateral Engagement Score,UN_Index,0.5
RUN283,Cumulative Emissions since 1850,X1850_2024,0.2,Gross National Product,GDP,0.1,Climate Risk and Vulnerability Index,GAIN_CR,0.3,UN Multilateral Engagement Score,UN_Index,0.4
RUN284,Cumulative Emissions since 1850,X1850_2024,0.2,Gross National Product,GDP,0.1,Climate Risk and Vulnerability Index,GAIN_CR,0.4,UN Multilateral Engagement Score,UN_Index,0.3
RUN285,Cumulative Emissions since 1850,X1850_2024,0.2,Gross National Product,GDP,0.1,Climate Risk and Vulnerability Index,GAIN_CR,0.5,UN Multilateral Engagement Score,UN_Index,0.2
RUN286,Cumulative Emissions since 1850,X1850_2024,0.2,Gross National Product,GDP,0.1,Climate Risk and Vulnerability Index,GAIN_CR,0.6,UN Multilateral Engagement Score,UN_Index,0.1
RUN287,Cumulative Emissions since 1850,X1850_2024,0.2,Gross National Product,GDP,0.2,Climate Risk and Vulnerability Index,GAIN_CR,0.1,UN Multilateral Engagement Score,UN_Index,0.5
RUN288,Cumulative Emissions since 1850,X1850_2024,0.2,Gross National Product,GDP,0.2,Climate Risk and Vulnerability Index,GAIN_CR,0.2,UN Multilateral Engagement Score,UN_Index,0.4
RUN289,Cumulative Emissions since 1850,X1850_2024,0.2,Gross National Product,GDP,0.2,Climate Risk and Vulnerability Index,GAIN_CR,0.3,UN Multilateral Engagement Score,UN_Index,0.3
RUN290,Cumulative Emissions since 1850,X1850_2024,0.2,Gross National Product,GDP,0.2,Climate Risk and Vulnerability Index,GAIN_CR,0.4,UN Multilateral Engagement Score,UN_Index,0.2
RUN291,Cumulative Emissions since 1850,X1850_2024,0.2,Gross National Product,GDP,0.2,Climate Risk and Vulnerability Index,GAIN_CR,0.5,UN Multilateral Engagement Score,UN_Index,0.1
RUN292,Cumulative Emissions since 1850,X1850_2024,0.2,Gross National Product,GDP,0.3,Climate Risk and Vulnerability Index,GAIN_CR,0.1,UN Multilateral Engagement Score,UN_Index,0.4
RUN293,Cumulative Emissions since 1850,X1850_2024,0.2,Gross National Product,GDP,0.3,Climate Risk and Vulnerability Index,GAIN_CR,0.2,UN Multilateral Engagement Score,UN_Index,0.3
RUN294,Cumulative Emissions since 1850,X1850_2024,0.2,Gross National Product,GDP,0.3,Climate Risk and Vulnerability Index,GAIN_CR,0.3,UN Multilateral Engagement Score,UN_Index,0.2
RUN295,Cumulative Emissions since 1850,X1850_2024,0.2,Gross National Product,GDP,0.3,Climate Risk and Vulnerability Index,GAIN_CR,0.4,UN Multilateral Engagement Score,UN_Index,0.1
RUN296,Cumulative Emissions since 1850,X1850_2024,0.2,Gross National Product,GDP,0.4,Climate Risk and Vulnerability Index,GAIN_CR,0.1,UN Multilateral Engagement Score,UN_Index,0.3
RUN297,Cumulative Emissions since 1850,X1850_2024,0.2,Gross National Product,GDP,0.4,Climate Risk and Vulnerability Index,GAIN_CR,0.2,UN Multilateral Engagement Score,UN_Index,0.2
RUN298,Cumulative Emissions since 1850,X1850_2024,0.2,Gross National Product,GDP,0.4,Climate Risk and Vulnerability Index,GAIN_CR,0.3,UN Multilateral Engagement Score,UN_Index,0.1
RUN299,Cumulative Emissions since 1850,X1850_2024,0.2,Gross National Product,GDP,0.5,Climate Risk and Vulnerability Index,GAIN_CR,0.1,UN Multilateral Engagement Score,UN_Index,0.2
RUN300,Cumulative Emissions since 1850,X1850_2024,0.2,Gross National Product,GDP,0.5,Climate Risk and Vulnerability Index,GAIN_CR,0.2,UN Multilateral Engagement Score,UN_Index,0.1
RUN301,Cumulative Emissions since 1850,X1850_2024,0.2,Gross National Product,GDP,0.6,Climate Risk and Vulnerability Index,GAIN_CR,0.1,UN Multilateral Engagement Score,UN_Index,0.1
RUN302,Cumulative Emissions since 1850,X1850_2024,0.3,Gross National Product,GDP,0.1,Climate Risk and Vulnerability Index,GAIN_CR,0.1,UN Multilateral Engagement Score,UN_Index,0.5
RUN303,Cumulative Emissions since 1850,X1850_2024,0.3,Gross National Product,GDP,0.1,Climate Risk and Vulnerability Index,GAIN_CR,0.2,UN Multilateral Engagement Score,UN_Index,0.4
RUN304,Cumulative Emissions since 1850,X1850_2024,0.3,Gross National Product,GDP,0.1,Climate Risk and Vulnerability Index,GAIN_CR,0.3,UN Multilateral Engagement Score,UN_Index,0.3
RUN305,Cumulative Emissions since 1850,X1850_2024,0.3,Gross National Product,GDP,0.1,Climate Risk and Vulnerability Index,GAIN_CR,0.4,UN Multilateral Engagement Score,UN_Index,0.2
RUN306,Cumulative Emissions since 1850,X1850_2024,0.3,Gross National Product,GDP,0.1,Climate Risk and Vulnerability Index,GAIN_CR,0.5,UN Multilateral Engagement Score,UN_Index,0.1
RUN307,Cumulative Emissions since 1850,X1850_2024,0.3,Gross National Product,GDP,0.2,Climate Risk and Vulnerability Index,GAIN_CR,0.1,UN Multilateral Engagement Score,UN_Index,0.4
RUN308,Cumulative Emissions since 1850,X1850_2024,0.3,Gross National Product,GDP,0.2,Climate Risk and Vulnerability Index,GAIN_CR,0.2,UN Multilateral Engagement Score,UN_Index,0.3
RUN309,Cumulative Emissions since 1850,X1850_2024,0.3,Gross National Product,GDP,0.2,Climate Risk and Vulnerability Index,GAIN_CR,0.3,UN Multilateral Engagement Score,UN_Index,0.2
RUN310,Cumulative Emissions since 1850,X1850_2024,0.3,Gross National Product,GDP,0.2,Climate Risk and Vulnerability Index,GAIN_CR,0.4,UN Multilateral Engagement Score,UN_Index,0.1
RUN311,Cumulative Emissions since 1850,X1850_2024,0.3,Gross National Product,GDP,0.3,Climate Risk and Vulnerability Index,GAIN_CR,0.1,UN Multilateral Engagement Score,UN_Index,0.3
RUN312,Cumulative Emissions since 1850,X1850_2024,0.3,Gross National Product,GDP,0.3,Climate Risk and Vulnerability Index,GAIN_CR,0.2,UN Multilateral Engagement Score,UN_Index,0.2
RUN313,Cumulative Emissions since 1850,X1850_2024,0.3,Gross National Product,GDP,0.3,Climate Risk and Vulnerability Index,GAIN_CR,0.3,UN Multilateral Engagement Score,UN_Index,0.1
RUN314,Cumulative Emissions since 1850,X1850_2024,0.3,Gross National Product,GDP,0.4,Climate Risk and Vulnerability Index,GAIN_CR,0.1,UN Multilateral Engagement Score,UN_Index,0.2
RUN315,Cumulative Emissions since 1850,X1850_2024,0.3,Gross National Product,GDP,0.4,Climate Risk and Vulnerability Index,GAIN_CR,0.2,UN Multilateral Engagement Score,UN_Index,0.1
RUN316,Cumulative Emissions since 1850,X1850_2024,0.3,Gross National Product,GDP,0.5,Climate Risk and Vulnerability Index,GAIN_CR,0.1,UN Multilateral Engagement Score,UN_Index,0.1
RUN317,Cumulative Emissions since 1850,X1850_2024,0.4,Gross National Product,GDP,0.1,Climate Risk and Vulnerability Index,GAIN_CR,0.1,UN Multilateral Engagement Score,UN_Index,0.4
RUN318,Cumulative Emissions since 1850,X1850_2024,0.4,Gross National Product,GDP,0.1,Climate Risk and Vulnerability Index,GAIN_CR,0.2,UN Multilateral Engagement Score,UN_Index,0.3
RUN319,Cumulative Emissions since 1850,X1850_2024,0.4,Gross National Product,GDP,0.1,Climate Risk and Vulnerability Index,GAIN_CR,0.3,UN Multilateral Engagement Score,UN_Index,0.2
RUN320,Cumulative Emissions since 1850,X1850_2024,0.4,Gross National Product,GDP,0.1,Climate Risk and Vulnerability Index,GAIN_CR,0.4,UN Multilateral Engagement Score,UN_Index,0.1
RUN321,Cumulative Emissions since 1850,X1850_2024,0.4,Gross National Product,GDP,0.2,Climate Risk and Vulnerability Index,GAIN_CR,0.1,UN Multilateral Engagement Score,UN_Index,0.3
RUN322,Cumulative Emissions since 1850,X1850_2024,0.4,Gross National Product,GDP,0.2,Climate Risk and Vulnerability Index,GAIN_CR,0.2,UN Multilateral Engagement Score,UN_Index,0.2
RUN323,Cumulative Emissions since 1850,X1850_2024,0.4,Gross National Product,GDP,0.2,Climate Risk and Vulnerability Index,GAIN_CR,0.3,UN Multilateral Engagement Score,UN_Index,0.1
RUN324,Cumulative Emissions since 1850,X1850_2024,0.4,Gross National Product,GDP,0.3,Climate Risk and Vulnerability Index,GAIN_CR,0.1,UN Multilateral Engagement Score,UN_Index,0.2
RUN325,Cumulative Emissions since 1850,X1850_2024,0.4,Gross National Product,GDP,0.3,Climate Risk and Vulnerability Index,GAIN_CR,0.2,UN Multilateral Engagement Score,UN_Index,0.1
RUN326,Cumulative Emissions since 1850,X1850_2024,0.4,Gross National Product,GDP,0.4,Climate Risk and Vulnerability Index,GAIN_CR,0.1,UN Multilateral Engagement Score,UN_Index,0.1
RUN327,Cumulative Emissions since 1850,X1850_2024,0.5,Gross National Product,GDP,0.1,Climate Risk and Vulnerability Index,GAIN_CR,0.1,UN Multilateral Engagement Score,UN_Index,0.3
RUN328,Cumulative Emissions since 1850,X1850_2024,0.5,Gross National Product,GDP,0.1,Climate Risk and Vulnerability Index,GAIN_CR,0.2,UN Multilateral Engagement Score,UN_Index,0.2
RUN329,Cumulative Emissions since 1850,X1850_2024,0.5,Gross National Product,GDP,0.1,Climate Risk and Vulnerability Index,GAIN_CR,0.3,UN Multilateral Engagement Score,UN_Index,0.1
RUN330,Cumulative Emissions since 1850,X1850_2024,0.5,Gross National Product,GDP,0.2,Climate Risk and Vulnerability Index,GAIN_CR,0.1,UN Multilateral Engagement Score,UN_Index,0.2
RUN331,Cumulative Emissions since 1850,X1850_2024,0.5,Gross National Product,GDP,0.2,Climate Risk and Vulnerability Index,GAIN_CR,0.2,UN Multilateral Engagement Score,UN_Index,0.1
RUN332,Cumulative Emissions since 1850,X1850_2024,0.5,Gross National Product,GDP,0.3,Climate Risk and Vulnerability Index,GAIN_CR,0.1,UN Multilateral Engagement Score,UN_Index,0.1
RUN333,Cumulative Emissions since 1850,X1850_2024,0.6,Gross National Product,GDP,0.1,Climate Risk and Vulnerability Index,GAIN_CR,0.1,UN Multilateral Engagement Score,UN_Index,0.2
RUN334,Cumulative Emissions since 1850,X1850_2024,0.6,Gross National Product,GDP,0.1,Climate Risk and Vulnerability Index,GAIN_CR,0.2,UN Multilateral Engagement Score,UN_Index,0.1
RUN335,Cumulative Emissions since 1850,X1850_2024,0.6,Gross National Product,GDP,0.2,Climate Risk and Vulnerability Index,GAIN_CR,0.1,UN Multilateral Engagement Score,UN_Index,0.1
RUN336,Cumulative Emissions since 1850,X1850_2024,0.7,Gross National Product,GDP,0.1,Climate Risk and Vulnerability Index,GAIN_CR,0.1,UN Multilateral Engagement Score,UN_Index,0.1
RUN337,Cumulative Emissions since 1850,X1850_2024,0.1,Gross National Product,GDP,0.1,Physical Climate Risk (EIB),EIB_PR,0.1,UN Multilateral Engagement Score,UN_Index,0.7
RUN338,Cumulative Emissions since 1850,X1850_2024,0.1,Gross National Product,GDP,0.1,Physical Climate Risk (EIB),EIB_PR,0.2,UN Multilateral Engagement Score,UN_Index,0.6
RUN339,Cumulative Emissions since 1850,X1850_2024,0.1,Gross National Product,GDP,0.1,Physical Climate Risk (EIB),EIB_PR,0.3,UN Multilateral Engagement Score,UN_Index,0.5
RUN340,Cumulative Emissions since 1850,X1850_2024,0.1,Gross National Product,GDP,0.1,Physical Climate Risk (EIB),EIB_PR,0.4,UN Multilateral Engagement Score,UN_Index,0.4
RUN341,Cumulative Emissions since 1850,X1850_2024,0.1,Gross National Product,GDP,0.1,Physical Climate Risk (EIB),EIB_PR,0.5,UN Multilateral Engagement Score,UN_Index,0.3
RUN342,Cumulative Emissions since 1850,X1850_2024,0.1,Gross National Product,GDP,0.1,Physical Climate Risk (EIB),EIB_PR,0.6,UN Multilateral Engagement Score,UN_Index,0.2
RUN343,Cumulative Emissions since 1850,X1850_2024,0.1,Gross National Product,GDP,0.1,Physical Climate Risk (EIB),EIB_PR,0.7,UN Multilateral Engagement Score,UN_Index,0.1
RUN344,Cumulative Emissions since 1850,X1850_2024,0.1,Gross National Product,GDP,0.2,Physical Climate Risk (EIB),EIB_PR,0.1,UN Multilateral Engagement Score,UN_Index,0.6
RUN345,Cumulative Emissions since 1850,X1850_2024,0.1,Gross National Product,GDP,0.2,Physical Climate Risk (EIB),EIB_PR,0.2,UN Multilateral Engagement Score,UN_Index,0.5
RUN346,Cumulative Emissions since 1850,X1850_2024,0.1,Gross National Product,GDP,0.2,Physical Climate Risk (EIB),EIB_PR,0.3,UN Multilateral Engagement Score,UN_Index,0.4
RUN347,Cumulative Emissions since 1850,X1850_2024,0.1,Gross National Product,GDP,0.2,Physical Climate Risk (EIB),EIB_PR,0.4,UN Multilateral Engagement Score,UN_Index,0.3
RUN348,Cumulative Emissions since 1850,X1850_2024,0.1,Gross National Product,GDP,0.2,Physical Climate Risk (EIB),EIB_PR,0.5,UN Multilateral Engagement Score,UN_Index,0.2
RUN349,Cumulative Emissions since 1850,X1850_2024,0.1,Gross National Product,GDP,0.2,Physical Climate Risk (EIB),EIB_PR,0.6,UN Multilateral Engagement Score,UN_Index,0.1
RUN350,Cumulative Emissions since 1850,X1850_2024,0.1,Gross National Product,GDP,0.3,Physical Climate Risk (EIB),EIB_PR,0.1,UN Multilateral Engagement Score,UN_Index,0.5
RUN351,Cumulative Emissions since 1850,X1850_2024,0.1,Gross National Product,GDP,0.3,Physical Climate Risk (EIB),EIB_PR,0.2,UN Multilateral Engagement Score,UN_Index,0.4
RUN352,Cumulative Emissions since 1850,X1850_2024,0.1,Gross National Product,GDP,0.3,Physical Climate Risk (EIB),EIB_PR,0.3,UN Multilateral Engagement Score,UN_Index,0.3
RUN353,Cumulative Emissions since 1850,X1850_2024,0.1,Gross National Product,GDP,0.3,Physical Climate Risk (EIB),EIB_PR,0.4,UN Multilateral Engagement Score,UN_Index,0.2
RUN354,Cumulative Emissions since 1850,X1850_2024,0.1,Gross National Product,GDP,0.3,Physical Climate Risk (EIB),EIB_PR,0.5,UN Multilateral Engagement Score,UN_Index,0.1
RUN355,Cumulative Emissions since 1850,X1850_2024,0.1,Gross National Product,GDP,0.4,Physical Climate Risk (EIB),EIB_PR,0.1,UN Multilateral Engagement Score,UN_Index,0.4
RUN356,Cumulative Emissions since 1850,X1850_2024,0.1,Gross National Product,GDP,0.4,Physical Climate Risk (EIB),EIB_PR,0.2,UN Multilateral Engagement Score,UN_Index,0.3
RUN357,Cumulative Emissions since 1850,X1850_2024,0.1,Gross National Product,GDP,0.4,Physical Climate Risk (EIB),EIB_PR,0.3,UN Multilateral Engagement Score,UN_Index,0.2
RUN358,Cumulative Emissions since 1850,X1850_2024,0.1,Gross National Product,GDP,0.4,Physical Climate Risk (EIB),EIB_PR,0.4,UN Multilateral Engagement Score,UN_Index,0.1
RUN359,Cumulative Emissions since 1850,X1850_2024,0.1,Gross National Product,GDP,0.5,Physical Climate Risk (EIB),EIB_PR,0.1,UN Multilateral Engagement Score,UN_Index,0.3
RUN360,Cumulative Emissions since 1850,X1850_2024,0.1,Gross National Product,GDP,0.5,Physical Climate Risk (EIB),EIB_PR,0.2,UN Multilateral Engagement Score,UN_Index,0.2
RUN361,Cumulative Emissions since 1850,X1850_2024,0.1,Gross National Product,GDP,0.5,Physical Climate Risk (EIB),EIB_PR,0.3,UN Multilateral Engagement Score,UN_Index,0.1
RUN362,Cumulative Emissions since 1850,X1850_2024,0.1,Gross National Product,GDP,0.6,Physical Climate Risk (EIB),EIB_PR,0.1,UN Multilateral Engagement Score,UN_Index,0.2
RUN363,Cumulative Emissions since 1850,X1850_2024,0.1,Gross National Product,GDP,0.6,Physical Climate Risk (EIB),EIB_PR,0.2,UN Multilateral Engagement Score,UN_Index,0.1
RUN364,Cumulative Emissions since 1850,X1850_2024,0.1,Gross National Product,GDP,0.7,Physical Climate Risk (EIB),EIB_PR,0.1,UN Multilateral Engagement Score,UN_Index,0.1
RUN365,Cumulative Emissions since 1850,X1850_2024,0.2,Gross National Product,GDP,0.1,Physical Climate Risk (EIB),EIB_PR,0.1,UN Multilateral Engagement Score,UN_Index,0.6
RUN366,Cumulative Emissions since 1850,X1850_2024,0.2,Gross National Product,GDP,0.1,Physical Climate Risk (EIB),EIB_PR,0.2,UN Multilateral Engagement Score,UN_Index,0.5
RUN367,Cumulative Emissions since 1850,X1850_2024,0.2,Gross National Product,GDP,0.1,Physical Climate Risk (EIB),EIB_PR,0.3,UN Multilateral Engagement Score,UN_Index,0.4
RUN368,Cumulative Emissions since 1850,X1850_2024,0.2,Gross National Product,GDP,0.1,Physical Climate Risk (EIB),EIB_PR,0.4,UN Multilateral Engagement Score,UN_Index,0.3
RUN369,Cumulative Emissions since 1850,X1850_2024,0.2,Gross National Product,GDP,0.1,Physical Climate Risk (EIB),EIB_PR,0.5,UN Multilateral Engagement Score,UN_Index,0.2
RUN370,Cumulative Emissions since 1850,X1850_2024,0.2,Gross National Product,GDP,0.1,Physical Climate Risk (EIB),EIB_PR,0.6,UN Multilateral Engagement Score,UN_Index,0.1
RUN371,Cumulative Emissions since 1850,X1850_2024,0.2,Gross National Product,GDP,0.2,Physical Climate Risk (EIB),EIB_PR,0.1,UN Multilateral Engagement Score,UN_Index,0.5
RUN372,Cumulative Emissions since 1850,X1850_2024,0.2,Gross National Product,GDP,0.2,Physical Climate Risk (EIB),EIB_PR,0.2,UN Multilateral Engagement Score,UN_Index,0.4
RUN373,Cumulative Emissions since 1850,X1850_2024,0.2,Gross National Product,GDP,0.2,Physical Climate Risk (EIB),EIB_PR,0.3,UN Multilateral Engagement Score,UN_Index,0.3
RUN374,Cumulative Emissions since 1850,X1850_2024,0.2,Gross National Product,GDP,0.2,Physical Climate Risk (EIB),EIB_PR,0.4,UN Multilateral Engagement Score,UN_Index,0.2
RUN375,Cumulative Emissions since 1850,X1850_2024,0.2,Gross National Product,GDP,0.2,Physical Climate Risk (EIB),EIB_PR,0.5,UN Multilateral Engagement Score,UN_Index,0.1
RUN376,Cumulative Emissions since 1850,X1850_2024,0.2,Gross National Product,GDP,0.3,Physical Climate Risk (EIB),EIB_PR,0.1,UN Multilateral Engagement Score,UN_Index,0.4
RUN377,Cumulative Emissions since 1850,X1850_2024,0.2,Gross National Product,GDP,0.3,Physical Climate Risk (EIB),EIB_PR,0.2,UN Multilateral Engagement Score,UN_Index,0.3
RUN378,Cumulative Emissions since 1850,X1850_2024,0.2,Gross National Product,GDP,0.3,Physical Climate Risk (EIB),EIB_PR,0.3,UN Multilateral Engagement Score,UN_Index,0.2
RUN379,Cumulative Emissions since 1850,X1850_2024,0.2,Gross National Product,GDP,0.3,Physical Climate Risk (EIB),EIB_PR,0.4,UN Multilateral Engagement Score,UN_Index,0.1
RUN380,Cumulative Emissions since 1850,X1850_2024,0.2,Gross National Product,GDP,0.4,Physical Climate Risk (EIB),EIB_PR,0.1,UN Multilateral Engagement Score,UN_Index,0.3
RUN381,Cumulative Emissions since 1850,X1850_2024,0.2,Gross National Product,GDP,0.4,Physical Climate Risk (EIB),EIB_PR,0.2,UN Multilateral Engagement Score,UN_Index,0.2
RUN382,Cumulative Emissions since 1850,X1850_2024,0.2,Gross National Product,GDP,0.4,Physical Climate Risk (EIB),EIB_PR,0.3,UN Multilateral Engagement Score,UN_Index,0.1
RUN383,Cumulative Emissions since 1850,X1850_2024,0.2,Gross National Product,GDP,0.5,Physical Climate Risk (EIB),EIB_PR,0.1,UN Multilateral Engagement Score,UN_Index,0.2
RUN384,Cumulative Emissions since 1850,X1850_2024,0.2,Gross National Product,GDP,0.5,Physical Climate Risk (EIB),EIB_PR,0.2,UN Multilateral Engagement Score,UN_Index,0.1
RUN385,Cumulative Emissions since 1850,X1850_2024,0.2,Gross National Product,GDP,0.6,Physical Climate Risk (EIB),EIB_PR,0.1,UN Multilateral Engagement Score,UN_Index,0.1
RUN386,Cumulative Emissions since 1850,X1850_2024,0.3,Gross National Product,GDP,0.1,Physical Climate Risk (EIB),EIB_PR,0.1,UN Multilateral Engagement Score,UN_Index,0.5
RUN387,Cumulative Emissions since 1850,X1850_2024,0.3,Gross National Product,GDP,0.1,Physical Climate Risk (EIB),EIB_PR,0.2,UN Multilateral Engagement Score,UN_Index,0.4
RUN388,Cumulative Emissions since 1850,X1850_2024,0.3,Gross National Product,GDP,0.1,Physical Climate Risk (EIB),EIB_PR,0.3,UN Multilateral Engagement Score,UN_Index,0.3
RUN389,Cumulative Emissions since 1850,X1850_2024,0.3,Gross National Product,GDP,0.1,Physical Climate Risk (EIB),EIB_PR,0.4,UN Multilateral Engagement Score,UN_Index,0.2
RUN390,Cumulative Emissions since 1850,X1850_2024,0.3,Gross National Product,GDP,0.1,Physical Climate Risk (EIB),EIB_PR,0.5,UN Multilateral Engagement Score,UN_Index,0.1
RUN391,Cumulative Emissions since 1850,X1850_2024,0.3,Gross National Product,GDP,0.2,Physical Climate Risk (EIB),EIB_PR,0.1,UN Multilateral Engagement Score,UN_Index,0.4
RUN392,Cumulative Emissions since 1850,X1850_2024,0.3,Gross National Product,GDP,0.2,Physical Climate Risk (EIB),EIB_PR,0.2,UN Multilateral Engagement Score,UN_Index,0.3
RUN393,Cumulative Emissions since 1850,X1850_2024,0.3,Gross National Product,GDP,0.2,Physical Climate Risk (EIB),EIB_PR,0.3,UN Multilateral Engagement Score,UN_Index,0.2
RUN394,Cumulative Emissions since 1850,X1850_2024,0.3,Gross National Product,GDP,0.2,Physical Climate Risk (EIB),EIB_PR,0.4,UN Multilateral Engagement Score,UN_Index,0.1
RUN395,Cumulative Emissions since 1850,X1850_2024,0.3,Gross National Product,GDP,0.3,Physical Climate Risk (EIB),EIB_PR,0.1,UN Multilateral Engagement Score,UN_Index,0.3
RUN396,Cumulative Emissions since 1850,X1850_2024,0.3,Gross National Product,GDP,0.3,Physical Climate Risk (EIB),EIB_PR,0.2,UN Multilateral Engagement Score,UN_Index,0.2
RUN397,Cumulative Emissions since 1850,X1850_2024,0.3,Gross National Product,GDP,0.3,Physical Climate Risk (EIB),EIB_PR,0.3,UN Multilateral Engagement Score,UN_Index,0.1
RUN398,Cumulative Emissions since 1850,X1850_2024,0.3,Gross National Product,GDP,0.4,Physical Climate Risk (EIB),EIB_PR,0.1,UN Multilateral Engagement Score,UN_Index,0.2
RUN399,Cumulative Emissions since 1850,X1850_2024,0.3,Gross National Product,GDP,0.4,Physical Climate Risk (EIB),EIB_PR,0.2,UN Multilateral Engagement Score,UN_Index,0.1
RUN400,Cumulative Emissions since 1850,X1850_2024,0.3,Gross National Product,GDP,0.5,Physical Climate Risk (EIB),EIB_PR,0.1,UN Multilateral Engagement Score,UN_Index,0.1
RUN401,Cumulative Emissions since 1850,X1850_2024,0.4,Gross National Product,GDP,0.1,Physical Climate Risk (EIB),EIB_PR,0.1,UN Multilateral Engagement Score,UN_Index,0.4
RUN402,Cumulative Emissions since 1850,X1850_2024,0.4,Gross National Product,GDP,0.1,Physical Climate Risk (EIB),EIB_PR,0.2,UN Multilateral Engagement Score,UN_Index,0.3
RUN403,Cumulative Emissions since 1850,X1850_2024,0.4,Gross National Product,GDP,0.1,Physical Climate Risk (EIB),EIB_PR,0.3,UN Multilateral Engagement Score,UN_Index,0.2
RUN404,Cumulative Emissions since 1850,X1850_2024,0.4,Gross National Product,GDP,0.1,Physical Climate Risk (EIB),EIB_PR,0.4,UN Multilateral Engagement Score,UN_Index,0.1
RUN405,Cumulative Emissions since 1850,X1850_2024,0.4,Gross National Product,GDP,0.2,Physical Climate Risk (EIB),EIB_PR,0.1,UN Multilateral Engagement Score,UN_Index,0.3
RUN406,Cumulative Emissions since 1850,X1850_2024,0.4,Gross National Product,GDP,0.2,Physical Climate Risk (EIB),EIB_PR,0.2,UN Multilateral Engagement Score,UN_Index,0.2
RUN407,Cumulative Emissions since 1850,X1850_2024,0.4,Gross National Product,GDP,0.2,Physical Climate Risk (EIB),EIB_PR,0.3,UN Multilateral Engagement Score,UN_Index,0.1
RUN408,Cumulative Emissions since 1850,X1850_2024,0.4,Gross National Product,GDP,0.3,Physical Climate Risk (EIB),EIB_PR,0.1,UN Multilateral Engagement Score,UN_Index,0.2
RUN409,Cumulative Emissions since 1850,X1850_2024,0.4,Gross National Product,GDP,0.3,Physical Climate Risk (EIB),EIB_PR,0.2,UN Multilateral Engagement Score,UN_Index,0.1
RUN410,Cumulative Emissions since 1850,X1850_2024,0.4,Gross National Product,GDP,0.4,Physical Climate Risk (EIB),EIB_PR,0.1,UN Multilateral Engagement Score,UN_Index,0.1
RUN411,Cumulative Emissions since 1850,X1850_2024,0.5,Gross National Product,GDP,0.1,Physical Climate Risk (EIB),EIB_PR,0.1,UN Multilateral Engagement Score,UN_Index,0.3
RUN412,Cumulative Emissions since 1850,X1850_2024,0.5,Gross National Product,GDP,0.1,Physical Climate Risk (EIB),EIB_PR,0.2,UN Multilateral Engagement Score,UN_Index,0.2
RUN413,Cumulative Emissions since 1850,X1850_2024,0.5,Gross National Product,GDP,0.1,Physical Climate Risk (EIB),EIB_PR,0.3,UN Multilateral Engagement Score,UN_Index,0.1
RUN414,Cumulative Emissions since 1850,X1850_2024,0.5,Gross National Product,GDP,0.2,Physical Climate Risk (EIB),EIB_PR,0.1,UN Multilateral Engagement Score,UN_Index,0.2
RUN415,Cumulative Emissions since 1850,X1850_2024,0.5,Gross National Product,GDP,0.2,Physical Climate Risk (EIB),EIB_PR,0.2,UN Multilateral Engagement Score,UN_Index,0.1
RUN416,Cumulative Emissions since 1850,X1850_2024,0.5,Gross National Product,GDP,0.3,Physical Climate Risk (EIB),EIB_PR,0.1,UN Multilateral Engagement Score,UN_Index,0.1
RUN417,Cumulative Emissions since 1850,X1850_2024,0.6,Gross National Product,GDP,0.1,Physical Climate Risk (EIB),EIB_PR,0.1,UN Multilateral Engagement Score,UN_Index,0.2
RUN418,Cumulative Emissions since 1850,X1850_2024,0.6,Gross National Product,GDP,0.1,Physical Climate Risk (EIB),EIB_PR,0.2,UN Multilateral Engagement Score,UN_Index,0.1
RUN419,Cumulative Emissions since 1850,X1850_2024,0.6,Gross National Product,GDP,0.2,Physical Climate Risk (EIB),EIB_PR,0.1,UN Multilateral Engagement Score,UN_Index,0.1
RUN420,Cumulative Emissions since 1850,X1850_2024,0.7,Gross National Product,GDP,0.1,Physical Climate Risk (EIB),EIB_PR,0.1,UN Multilateral Engagement Score,UN_Index,0.1
RUN421,Cumulative Emissions since 1850,X1850_2024,0.1,Gross National Product,GDP,0.1,Transition Climate Risk (EIB),EIB_TR,0.1,UN Multilateral Engagement Score,UN_Index,0.7
RUN422,Cumulative Emissions since 1850,X1850_2024,0.1,Gross National Product,GDP,0.1,Transition Climate Risk (EIB),EIB_TR,0.2,UN Multilateral Engagement Score,UN_Index,0.6
RUN423,Cumulative Emissions since 1850,X1850_2024,0.1,Gross National Product,GDP,0.1,Transition Climate Risk (EIB),EIB_TR,0.3,UN Multilateral Engagement Score,UN_Index,0.5
RUN424,Cumulative Emissions since 1850,X1850_2024,0.1,Gross National Product,GDP,0.1,Transition Climate Risk (EIB),EIB_TR,0.4,UN Multilateral Engagement Score,UN_Index,0.4
RUN425,Cumulative Emissions since 1850,X1850_2024,0.1,Gross National Product,GDP,0.1,Transition Climate Risk (EIB),EIB_TR,0.5,UN Multilateral Engagement Score,UN_Index,0.3
RUN426,Cumulative Emissions since 1850,X1850_2024,0.1,Gross National Product,GDP,0.1,Transition Climate Risk (EIB),EIB_TR,0.6,UN Multilateral Engagement Score,UN_Index,0.2
RUN427,Cumulative Emissions since 1850,X1850_2024,0.1,Gross National Product,GDP,0.1,Transition Climate Risk (EIB),EIB_TR,0.7,UN Multilateral Engagement Score,UN_Index,0.1
RUN428,Cumulative Emissions since 1850,X1850_2024,0.1,Gross National Product,GDP,0.2,Transition Climate Risk (EIB),EIB_TR,0.1,UN Multilateral Engagement Score,UN_Index,0.6
RUN429,Cumulative Emissions since 1850,X1850_2024,0.1,Gross National Product,GDP,0.2,Transition Climate Risk (EIB),EIB_TR,0.2,UN Multilateral Engagement Score,UN_Index,0.5
RUN430,Cumulative Emissions since 1850,X1850_2024,0.1,Gross National Product,GDP,0.2,Transition Climate Risk (EIB),EIB_TR,0.3,UN Multilateral Engagement Score,UN_Index,0.4
RUN431,Cumulative Emissions since 1850,X1850_2024,0.1,Gross National Product,GDP,0.2,Transition Climate Risk (EIB),EIB_TR,0.4,UN Multilateral Engagement Score,UN_Index,0.3
RUN432,Cumulative Emissions since 1850,X1850_2024,0.1,Gross National Product,GDP,0.2,Transition Climate Risk (EIB),EIB_TR,0.5,UN Multilateral Engagement Score,UN_Index,0.2
RUN433,Cumulative Emissions since 1850,X1850_2024,0.1,Gross National Product,GDP,0.2,Transition Climate Risk (EIB),EIB_TR,0.6,UN Multilateral Engagement Score,UN_Index,0.1
RUN434,Cumulative Emissions since 1850,X1850_2024,0.1,Gross National Product,GDP,0.3,Transition Climate Risk (EIB),EIB_TR,0.1,UN Multilateral Engagement Score,UN_Index,0.5
RUN435,Cumulative Emissions since 1850,X1850_2024,0.1,Gross National Product,GDP,0.3,Transition Climate Risk (EIB),EIB_TR,0.2,UN Multilateral Engagement Score,UN_Index,0.4
RUN436,Cumulative Emissions since 1850,X1850_2024,0.1,Gross National Product,GDP,0.3,Transition Climate Risk (EIB),EIB_TR,0.3,UN Multilateral Engagement Score,UN_Index,0.3
RUN437,Cumulative Emissions since 1850,X1850_2024,0.1,Gross National Product,GDP,0.3,Transition Climate Risk (EIB),EIB_TR,0.4,UN Multilateral Engagement Score,UN_Index,0.2
RUN438,Cumulative Emissions since 1850,X1850_2024,0.1,Gross National Product,GDP,0.3,Transition Climate Risk (EIB),EIB_TR,0.5,UN Multilateral Engagement Score,UN_Index,0.1
RUN439,Cumulative Emissions since 1850,X1850_2024,0.1,Gross National Product,GDP,0.4,Transition Climate Risk (EIB),EIB_TR,0.1,UN Multilateral Engagement Score,UN_Index,0.4
RUN440,Cumulative Emissions since 1850,X1850_2024,0.1,Gross National Product,GDP,0.4,Transition Climate Risk (EIB),EIB_TR,0.2,UN Multilateral Engagement Score,UN_Index,0.3
RUN441,Cumulative Emissions since 1850,X1850_2024,0.1,Gross National Product,GDP,0.4,Transition Climate Risk (EIB),EIB_TR,0.3,UN Multilateral Engagement Score,UN_Index,0.2
RUN442,Cumulative Emissions since 1850,X1850_2024,0.1,Gross National Product,GDP,0.4,Transition Climate Risk (EIB),EIB_TR,0.4,UN Multilateral Engagement Score,UN_Index,0.1
RUN443,Cumulative Emissions since 1850,X1850_2024,0.1,Gross National Product,GDP,0.5,Transition Climate Risk (EIB),EIB_TR,0.1,UN Multilateral Engagement Score,UN_Index,0.3
RUN444,Cumulative Emissions since 1850,X1850_2024,0.1,Gross National Product,GDP,0.5,Transition Climate Risk (EIB),EIB_TR,0.2,UN Multilateral Engagement Score,UN_Index,0.2
RUN445,Cumulative Emissions since 1850,X1850_2024,0.1,Gross National Product,GDP,0.5,Transition Climate Risk (EIB),EIB_TR,0.3,UN Multilateral Engagement Score,UN_Index,0.1
RUN446,Cumulative Emissions since 1850,X1850_2024,0.1,Gross National Product,GDP,0.6,Transition Climate Risk (EIB),EIB_TR,0.1,UN Multilateral Engagement Score,UN_Index,0.2
RUN447,Cumulative Emissions since 1850,X1850_2024,0.1,Gross National Product,GDP,0.6,Transition Climate Risk (EIB),EIB_TR,0.2,UN Multilateral Engagement Score,UN_Index,0.1
RUN448,Cumulative Emissions since 1850,X1850_2024,0.1,Gross National Product,GDP,0.7,Transition Climate Risk (EIB),EIB_TR,0.1,UN Multilateral Engagement Score,UN_Index,0.1
RUN449,Cumulative Emissions since 1850,X1850_2024,0.2,Gross National Product,GDP,0.1,Transition Climate Risk (EIB),EIB_TR,0.1,UN Multilateral Engagement Score,UN_Index,0.6
RUN450,Cumulative Emissions since 1850,X1850_2024,0.2,Gross National Product,GDP,0.1,Transition Climate Risk (EIB),EIB_TR,0.2,UN Multilateral Engagement Score,UN_Index,0.5
RUN451,Cumulative Emissions since 1850,X1850_2024,0.2,Gross National Product,GDP,0.1,Transition Climate Risk (EIB),EIB_TR,0.3,UN Multilateral Engagement Score,UN_Index,0.4
RUN452,Cumulative Emissions since 1850,X1850_2024,0.2,Gross National Product,GDP,0.1,Transition Climate Risk (EIB),EIB_TR,0.4,UN Multilateral Engagement Score,UN_Index,0.3
RUN453,Cumulative Emissions since 1850,X1850_2024,0.2,Gross National Product,GDP,0.1,Transition Climate Risk (EIB),EIB_TR,0.5,UN Multilateral Engagement Score,UN_Index,0.2
RUN454,Cumulative Emissions since 1850,X1850_2024,0.2,Gross National Product,GDP,0.1,Transition Climate Risk (EIB),EIB_TR,0.6,UN Multilateral Engagement Score,UN_Index,0.1
RUN455,Cumulative Emissions since 1850,X1850_2024,0.2,Gross National Product,GDP,0.2,Transition Climate Risk (EIB),EIB_TR,0.1,UN Multilateral Engagement Score,UN_Index,0.5
RUN456,Cumulative Emissions since 1850,X1850_2024,0.2,Gross National Product,GDP,0.2,Transition Climate Risk (EIB),EIB_TR,0.2,UN Multilateral Engagement Score,UN_Index,0.4
RUN457,Cumulative Emissions since 1850,X1850_2024,0.2,Gross National Product,GDP,0.2,Transition Climate Risk (EIB),EIB_TR,0.3,UN Multilateral Engagement Score,UN_Index,0.3
RUN458,Cumulative Emissions since 1850,X1850_2024,0.2,Gross National Product,GDP,0.2,Transition Climate Risk (EIB),EIB_TR,0.4,UN Multilateral Engagement Score,UN_Index,0.2
RUN459,Cumulative Emissions since 1850,X1850_2024,0.2,Gross National Product,GDP,0.2,Transition Climate Risk (EIB),EIB_TR,0.5,UN Multilateral Engagement Score,UN_Index,0.1
RUN460,Cumulative Emissions since 1850,X1850_2024,0.2,Gross National Product,GDP,0.3,Transition Climate Risk (EIB),EIB_TR,0.1,UN Multilateral Engagement Score,UN_Index,0.4
RUN461,Cumulative Emissions since 1850,X1850_2024,0.2,Gross National Product,GDP,0.3,Transition Climate Risk (EIB),EIB_TR,0.2,UN Multilateral Engagement Score,UN_Index,0.3
RUN462,Cumulative Emissions since 1850,X1850_2024,0.2,Gross National Product,GDP,0.3,Transition Climate Risk (EIB),EIB_TR,0.3,UN Multilateral Engagement Score,UN_Index,0.2
RUN463,Cumulative Emissions since 1850,X1850_2024,0.2,Gross National Product,GDP,0.3,Transition Climate Risk (EIB),EIB_TR,0.4,UN Multilateral Engagement Score,UN_Index,0.1
RUN464,Cumulative Emissions since 1850,X1850_2024,0.2,Gross National Product,GDP,0.4,Transition Climate Risk (EIB),EIB_TR,0.1,UN Multilateral Engagement Score,UN_Index,0.3
RUN465,Cumulative Emissions since 1850,X1850_2024,0.2,Gross National Product,GDP,0.4,Transition Climate Risk (EIB),EIB_TR,0.2,UN Multilateral Engagement Score,UN_Index,0.2
RUN466,Cumulative Emissions since 1850,X1850_2024,0.2,Gross National Product,GDP,0.4,Transition Climate Risk (EIB),EIB_TR,0.3,UN Multilateral Engagement Score,UN_Index,0.1
RUN467,Cumulative Emissions since 1850,X1850_2024,0.2,Gross National Product,GDP,0.5,Transition Climate Risk (EIB),EIB_TR,0.1,UN Multilateral Engagement Score,UN_Index,0.2
RUN468,Cumulative Emissions since 1850,X1850_2024,0.2,Gross National Product,GDP,0.5,Transition Climate Risk (EIB),EIB_TR,0.2,UN Multilateral Engagement Score,UN_Index,0.1
RUN469,Cumulative Emissions since 1850,X1850_2024,0.2,Gross National Product,GDP,0.6,Transition Climate Risk (EIB),EIB_TR,0.1,UN Multilateral Engagement Score,UN_Index,0.1
RUN470,Cumulative Emissions since 1850,X1850_2024,0.3,Gross National Product,GDP,0.1,Transition Climate Risk (EIB),EIB_TR,0.1,UN Multilateral Engagement Score,UN_Index,0.5
RUN471,Cumulative Emissions since 1850,X1850_2024,0.3,Gross National Product,GDP,0.1,Transition Climate Risk (EIB),EIB_TR,0.2,UN Multilateral Engagement Score,UN_Index,0.4
RUN472,Cumulative Emissions since 1850,X1850_2024,0.3,Gross National Product,GDP,0.1,Transition Climate Risk (EIB),EIB_TR,0.3,UN Multilateral Engagement Score,UN_Index,0.3
RUN473,Cumulative Emissions since 1850,X1850_2024,0.3,Gross National Product,GDP,0.1,Transition Climate Risk (EIB),EIB_TR,0.4,UN Multilateral Engagement Score,UN_Index,0.2
RUN474,Cumulative Emissions since 1850,X1850_2024,0.3,Gross National Product,GDP,0.1,Transition Climate Risk (EIB),EIB_TR,0.5,UN Multilateral Engagement Score,UN_Index,0.1
RUN475,Cumulative Emissions since 1850,X1850_2024,0.3,Gross National Product,GDP,0.2,Transition Climate Risk (EIB),EIB_TR,0.1,UN Multilateral Engagement Score,UN_Index,0.4
RUN476,Cumulative Emissions since 1850,X1850_2024,0.3,Gross National Product,GDP,0.2,Transition Climate Risk (EIB),EIB_TR,0.2,UN Multilateral Engagement Score,UN_Index,0.3
RUN477,Cumulative Emissions since 1850,X1850_2024,0.3,Gross National Product,GDP,0.2,Transition Climate Risk (EIB),EIB_TR,0.3,UN Multilateral Engagement Score,UN_Index,0.2
RUN478,Cumulative Emissions since 1850,X1850_2024,0.3,Gross National Product,GDP,0.2,Transition Climate Risk (EIB),EIB_TR,0.4,UN Multilateral Engagement Score,UN_Index,0.1
RUN479,Cumulative Emissions since 1850,X1850_2024,0.3,Gross National Product,GDP,0.3,Transition Climate Risk (EIB),EIB_TR,0.1,UN Multilateral Engagement Score,UN_Index,0.3
RUN480,Cumulative Emissions since 1850,X1850_2024,0.3,Gross National Product,GDP,0.3,Transition Climate Risk (EIB),EIB_TR,0.2,UN Multilateral Engagement Score,UN_Index,0.2
RUN481,Cumulative Emissions since 1850,X1850_2024,0.3,Gross National Product,GDP,0.3,Transition Climate Risk (EIB),EIB_TR,0.3,UN Multilateral Engagement Score,UN_Index,0.1
RUN482,Cumulative Emissions since 1850,X1850_2024,0.3,Gross National Product,GDP,0.4,Transition Climate Risk (EIB),EIB_TR,0.1,UN Multilateral Engagement Score,UN_Index,0.2
RUN483,Cumulative Emissions since 1850,X1850_2024,0.3,Gross National Product,GDP,0.4,Transition Climate Risk (EIB),EIB_TR,0.2,UN Multilateral Engagement Score,UN_Index,0.1
RUN484,Cumulative Emissions since 1850,X1850_2024,0.3,Gross National Product,GDP,0.5,Transition Climate Risk (EIB),EIB_TR,0.1,UN Multilateral Engagement Score,UN_Index,0.1
RUN485,Cumulative Emissions since 1850,X1850_2024,0.4,Gross National Product,GDP,0.1,Transition Climate Risk (EIB),EIB_TR,0.1,UN Multilateral Engagement Score,UN_Index,0.4
RUN486,Cumulative Emissions since 1850,X1850_2024,0.4,Gross National Product,GDP,0.1,Transition Climate Risk (EIB),EIB_TR,0.2,UN Multilateral Engagement Score,UN_Index,0.3
RUN487,Cumulative Emissions since 1850,X1850_2024,0.4,Gross National Product,GDP,0.1,Transition Climate Risk (EIB),EIB_TR,0.3,UN Multilateral Engagement Score,UN_Index,0.2
RUN488,Cumulative Emissions since 1850,X1850_2024,0.4,Gross National Product,GDP,0.1,Transition Climate Risk (EIB),EIB_TR,0.4,UN Multilateral Engagement Score,UN_Index,0.1
RUN489,Cumulative Emissions since 1850,X1850_2024,0.4,Gross National Product,GDP,0.2,Transition Climate Risk (EIB),EIB_TR,0.1,UN Multilateral Engagement Score,UN_Index,0.3
RUN490,Cumulative Emissions since 1850,X1850_2024,0.4,Gross National Product,GDP,0.2,Transition Climate Risk (EIB),EIB_TR,0.2,UN Multilateral Engagement Score,UN_Index,0.2
RUN491,Cumulative Emissions since 1850,X1850_2024,0.4,Gross National Product,GDP,0.2,Transition Climate Risk (EIB),EIB_TR,0.3,UN Multilateral Engagement Score,UN_Index,0.1
RUN492,Cumulative Emissions since 1850,X1850_2024,0.4,Gross National Product,GDP,0.3,Transition Climate Risk (EIB),EIB_TR,0.1,UN Multilateral Engagement Score,UN_Index,0.2
RUN493,Cumulative Emissions since 1850,X1850_2024,0.4,Gross National Product,GDP,0.3,Transition Climate Risk (EIB),EIB_TR,0.2,UN Multilateral Engagement Score,UN_Index,0.1
RUN494,Cumulative Emissions since 1850,X1850_2024,0.4,Gross National Product,GDP,0.4,Transition Climate Risk (EIB),EIB_TR,0.1,UN Multilateral Engagement Score,UN_Index,0.1
RUN495,Cumulative Emissions since 1850,X1850_2024,0.5,Gross National Product,GDP,0.1,Transition Climate Risk (EIB),EIB_TR,0.1,UN Multilateral Engagement Score,UN_Index,0.3
RUN496,Cumulative Emissions since 1850,X1850_2024,0.5,Gross National Product,GDP,0.1,Transition Climate Risk (EIB),EIB_TR,0.2,UN Multilateral Engagement Score,UN_Index,0.2
RUN497,Cumulative Emissions since 1850,X1850_2024,0.5,Gross National Product,GDP,0.1,Transition Climate Risk (EIB),EIB_TR,0.3,UN Multilateral Engagement Score,UN_Index,0.1
RUN498,Cumulative Emissions since 1850,X1850_2024,0.5,Gross National Product,GDP,0.2,Transition Climate Risk (EIB),EIB_TR,0.1,UN Multilateral Engagement Score,UN_Index,0.2
RUN499,Cumulative Emissions since 1850,X1850_2024,0.5,Gross National Product,GDP,0.2,Transition Climate Risk (EIB),EIB_TR,0.2,UN Multilateral Engagement Score,UN_Index,0.1
RUN500,Cumulative Emissions since 1850,X1850_2024,0.5,Gross National Product,GDP,0.3,Transition Climate Risk (EIB),EIB_TR,0.1,UN Multilateral Engagement Score,UN_Index,0.1
RUN501,Cumulative Emissions since 1850,X1850_2024,0.6,Gross National Product,GDP,0.1,Transition Climate Risk (EIB),EIB_TR,0.1,UN Multilateral Engagement Score,UN_Index,0.2
RUN502,Cumulative Emissions since 1850,X1850_2024,0.6,Gross National Product,GDP,0.1,Transition Climate Risk (EIB),EIB_TR,0.2,UN Multilateral Engagement Score,UN_Index,0.1
RUN503,Cumulative Emissions since 1850,X1850_2024,0.6,Gross National Product,GDP,0.2,Transition Climate Risk (EIB),EIB_TR,0.1,UN Multilateral Engagement Score,UN_Index,0.1
RUN504,Cumulative Emissions since 1850,X1850_2024,0.7,Gross National Product,GDP,0.1,Transition Climate Risk (EIB),EIB_TR,0.1,UN Multilateral Engagement Score,UN_Index,0.1
RUN505,Cumulative Emissions since 1850,X1850_2024,0.1,Gross National Income per capita,GNI_pc,0.1,Climate Risk and Vulnerability Index,GAIN_CR,0.1,UN Multilateral Engagement Score,UN_Index,0.7
RUN506,Cumulative Emissions since 1850,X1850_2024,0.1,Gross National Income per capita,GNI_pc,0.1,Climate Risk and Vulnerability Index,GAIN_CR,0.2,UN Multilateral Engagement Score,UN_Index,0.6
RUN507,Cumulative Emissions since 1850,X1850_2024,0.1,Gross National Income per capita,GNI_pc,0.1,Climate Risk and Vulnerability Index,GAIN_CR,0.3,UN Multilateral Engagement Score,UN_Index,0.5
RUN508,Cumulative Emissions since 1850,X1850_2024,0.1,Gross National Income per capita,GNI_pc,0.1,Climate Risk and Vulnerability Index,GAIN_CR,0.4,UN Multilateral Engagement Score,UN_Index,0.4
RUN509,Cumulative Emissions since 1850,X1850_2024,0.1,Gross National Income per capita,GNI_pc,0.1,Climate Risk and Vulnerability Index,GAIN_CR,0.5,UN Multilateral Engagement Score,UN_Index,0.3
RUN510,Cumulative Emissions since 1850,X1850_2024,0.1,Gross National Income per capita,GNI_pc,0.1,Climate Risk and Vulnerability Index,GAIN_CR,0.6,UN Multilateral Engagement Score,UN_Index,0.2
RUN511,Cumulative Emissions since 1850,X1850_2024,0.1,Gross National Income per capita,GNI_pc,0.1,Climate Risk and Vulnerability Index,GAIN_CR,0.7,UN Multilateral Engagement Score,UN_Index,0.1
RUN512,Cumulative Emissions since 1850,X1850_2024,0.1,Gross National Income per capita,GNI_pc,0.2,Climate Risk and Vulnerability Index,GAIN_CR,0.1,UN Multilateral Engagement Score,UN_Index,0.6
RUN513,Cumulative Emissions since 1850,X1850_2024,0.1,Gross National Income per capita,GNI_pc,0.2,Climate Risk and Vulnerability Index,GAIN_CR,0.2,UN Multilateral Engagement Score,UN_Index,0.5
RUN514,Cumulative Emissions since 1850,X1850_2024,0.1,Gross National Income per capita,GNI_pc,0.2,Climate Risk and Vulnerability Index,GAIN_CR,0.3,UN Multilateral Engagement Score,UN_Index,0.4
RUN515,Cumulative Emissions since 1850,X1850_2024,0.1,Gross National Income per capita,GNI_pc,0.2,Climate Risk and Vulnerability Index,GAIN_CR,0.4,UN Multilateral Engagement Score,UN_Index,0.3
RUN516,Cumulative Emissions since 1850,X1850_2024,0.1,Gross National Income per capita,GNI_pc,0.2,Climate Risk and Vulnerability Index,GAIN_CR,0.5,UN Multilateral Engagement Score,UN_Index,0.2
RUN517,Cumulative Emissions since 1850,X1850_2024,0.1,Gross National Income per capita,GNI_pc,0.2,Climate Risk and Vulnerability Index,GAIN_CR,0.6,UN Multilateral Engagement Score,UN_Index,0.1
RUN518,Cumulative Emissions since 1850,X1850_2024,0.1,Gross National Income per capita,GNI_pc,0.3,Climate Risk and Vulnerability Index,GAIN_CR,0.1,UN Multilateral Engagement Score,UN_Index,0.5
RUN519,Cumulative Emissions since 1850,X1850_2024,0.1,Gross National Income per capita,GNI_pc,0.3,Climate Risk and Vulnerability Index,GAIN_CR,0.2,UN Multilateral Engagement Score,UN_Index,0.4
RUN520,Cumulative Emissions since 1850,X1850_2024,0.1,Gross National Income per capita,GNI_pc,0.3,Climate Risk and Vulnerability Index,GAIN_CR,0.3,UN Multilateral Engagement Score,UN_Index,0.3
RUN521,Cumulative Emissions since 1850,X1850_2024,0.1,Gross National Income per capita,GNI_pc,0.3,Climate Risk and Vulnerability Index,GAIN_CR,0.4,UN Multilateral Engagement Score,UN_Index,0.2
RUN522,Cumulative Emissions since 1850,X1850_2024,0.1,Gross National Income per capita,GNI_pc,0.3,Climate Risk and Vulnerability Index,GAIN_CR,0.5,UN Multilateral Engagement Score,UN_Index,0.1
RUN523,Cumulative Emissions since 1850,X1850_2024,0.1,Gross National Income per capita,GNI_pc,0.4,Climate Risk and Vulnerability Index,GAIN_CR,0.1,UN Multilateral Engagement Score,UN_Index,0.4
RUN524,Cumulative Emissions since 1850,X1850_2024,0.1,Gross National Income per capita,GNI_pc,0.4,Climate Risk and Vulnerability Index,GAIN_CR,0.2,UN Multilateral Engagement Score,UN_Index,0.3
RUN525,Cumulative Emissions since 1850,X1850_2024,0.1,Gross National Income per capita,GNI_pc,0.4,Climate Risk and Vulnerability Index,GAIN_CR,0.3,UN Multilateral Engagement Score,UN_Index,0.2
RUN526,Cumulative Emissions since 1850,X1850_2024,0.1,Gross National Income per capita,GNI_pc,0.4,Climate Risk and Vulnerability Index,GAIN_CR,0.4,UN Multilateral Engagement Score,UN_Index,0.1
RUN527,Cumulative Emissions since 1850,X1850_2024,0.1,Gross National Income per capita,GNI_pc,0.5,Climate Risk and Vulnerability Index,GAIN_CR,0.1,UN Multilateral Engagement Score,UN_Index,0.3
RUN528,Cumulative Emissions since 1850,X1850_2024,0.1,Gross National Income per capita,GNI_pc,0.5,Climate Risk and Vulnerability Index,GAIN_CR,0.2,UN Multilateral Engagement Score,UN_Index,0.2
RUN529,Cumulative Emissions since 1850,X1850_2024,0.1,Gross National Income per capita,GNI_pc,0.5,Climate Risk and Vulnerability Index,GAIN_CR,0.3,UN Multilateral Engagement Score,UN_Index,0.1
RUN530,Cumulative Emissions since 1850,X1850_2024,0.1,Gross National Income per capita,GNI_pc,0.6,Climate Risk and Vulnerability Index,GAIN_CR,0.1,UN Multilateral Engagement Score,UN_Index,0.2
RUN531,Cumulative Emissions since 1850,X1850_2024,0.1,Gross National Income per capita,GNI_pc,0.6,Climate Risk and Vulnerability Index,GAIN_CR,0.2,UN Multilateral Engagement Score,UN_Index,0.1
RUN532,Cumulative Emissions since 1850,X1850_2024,0.1,Gross National Income per capita,GNI_pc,0.7,Climate Risk and Vulnerability Index,GAIN_CR,0.1,UN Multilateral Engagement Score,UN_Index,0.1
RUN533,Cumulative Emissions since 1850,X1850_2024,0.2,Gross National Income per capita,GNI_pc,0.1,Climate Risk and Vulnerability Index,GAIN_CR,0.1,UN Multilateral Engagement Score,UN_Index,0.6
RUN534,Cumulative Emissions since 1850,X1850_2024,0.2,Gross National Income per capita,GNI_pc,0.1,Climate Risk and Vulnerability Index,GAIN_CR,0.2,UN Multilateral Engagement Score,UN_Index,0.5
RUN535,Cumulative Emissions since 1850,X1850_2024,0.2,Gross National Income per capita,GNI_pc,0.1,Climate Risk and Vulnerability Index,GAIN_CR,0.3,UN Multilateral Engagement Score,UN_Index,0.4
RUN536,Cumulative Emissions since 1850,X1850_2024,0.2,Gross National Income per capita,GNI_pc,0.1,Climate Risk and Vulnerability Index,GAIN_CR,0.4,UN Multilateral Engagement Score,UN_Index,0.3
RUN537,Cumulative Emissions since 1850,X1850_2024,0.2,Gross National Income per capita,GNI_pc,0.1,Climate Risk and Vulnerability Index,GAIN_CR,0.5,UN Multilateral Engagement Score,UN_Index,0.2
RUN538,Cumulative Emissions since 1850,X1850_2024,0.2,Gross National Income per capita,GNI_pc,0.1,Climate Risk and Vulnerability Index,GAIN_CR,0.6,UN Multilateral Engagement Score,UN_Index,0.1
RUN539,Cumulative Emissions since 1850,X1850_2024,0.2,Gross National Income per capita,GNI_pc,0.2,Climate Risk and Vulnerability Index,GAIN_CR,0.1,UN Multilateral Engagement Score,UN_Index,0.5
RUN540,Cumulative Emissions since 1850,X1850_2024,0.2,Gross National Income per capita,GNI_pc,0.2,Climate Risk and Vulnerability Index,GAIN_CR,0.2,UN Multilateral Engagement Score,UN_Index,0.4
RUN541,Cumulative Emissions since 1850,X1850_2024,0.2,Gross National Income per capita,GNI_pc,0.2,Climate Risk and Vulnerability Index,GAIN_CR,0.3,UN Multilateral Engagement Score,UN_Index,0.3
RUN542,Cumulative Emissions since 1850,X1850_2024,0.2,Gross National Income per capita,GNI_pc,0.2,Climate Risk and Vulnerability Index,GAIN_CR,0.4,UN Multilateral Engagement Score,UN_Index,0.2
RUN543,Cumulative Emissions since 1850,X1850_2024,0.2,Gross National Income per capita,GNI_pc,0.2,Climate Risk and Vulnerability Index,GAIN_CR,0.5,UN Multilateral Engagement Score,UN_Index,0.1
RUN544,Cumulative Emissions since 1850,X1850_2024,0.2,Gross National Income per capita,GNI_pc,0.3,Climate Risk and Vulnerability Index,GAIN_CR,0.1,UN Multilateral Engagement Score,UN_Index,0.4
RUN545,Cumulative Emissions since 1850,X1850_2024,0.2,Gross National Income per capita,GNI_pc,0.3,Climate Risk and Vulnerability Index,GAIN_CR,0.2,UN Multilateral Engagement Score,UN_Index,0.3
RUN546,Cumulative Emissions since 1850,X1850_2024,0.2,Gross National Income per capita,GNI_pc,0.3,Climate Risk and Vulnerability Index,GAIN_CR,0.3,UN Multilateral Engagement Score,UN_Index,0.2
RUN547,Cumulative Emissions since 1850,X1850_2024,0.2,Gross National Income per capita,GNI_pc,0.3,Climate Risk and Vulnerability Index,GAIN_CR,0.4,UN Multilateral Engagement Score,UN_Index,0.1
RUN548,Cumulative Emissions since 1850,X1850_2024,0.2,Gross National Income per capita,GNI_pc,0.4,Climate Risk and Vulnerability Index,GAIN_CR,0.1,UN Multilateral Engagement Score,UN_Index,0.3
RUN549,Cumulative Emissions since 1850,X1850_2024,0.2,Gross National Income per capita,GNI_pc,0.4,Climate Risk and Vulnerability Index,GAIN_CR,0.2,UN Multilateral Engagement Score,UN_Index,0.2
RUN550,Cumulative Emissions since 1850,X1850_2024,0.2,Gross National Income per capita,GNI_pc,0.4,Climate Risk and Vulnerability Index,GAIN_CR,0.3,UN Multilateral Engagement Score,UN_Index,0.1
RUN551,Cumulative Emissions since 1850,X1850_2024,0.2,Gross National Income per capita,GNI_pc,0.5,Climate Risk and Vulnerability Index,GAIN_CR,0.1,UN Multilateral Engagement Score,UN_Index,0.2
RUN552,Cumulative Emissions since 1850,X1850_2024,0.2,Gross National Income per capita,GNI_pc,0.5,Climate Risk and Vulnerability Index,GAIN_CR,0.2,UN Multilateral Engagement Score,UN_Index,0.1
RUN553,Cumulative Emissions since 1850,X1850_2024,0.2,Gross National Income per capita,GNI_pc,0.6,Climate Risk and Vulnerability Index,GAIN_CR,0.1,UN Multilateral Engagement Score,UN_Index,0.1
RUN554,Cumulative Emissions since 1850,X1850_2024,0.3,Gross National Income per capita,GNI_pc,0.1,Climate Risk and Vulnerability Index,GAIN_CR,0.1,UN Multilateral Engagement Score,UN_Index,0.5
RUN555,Cumulative Emissions since 1850,X1850_2024,0.3,Gross National Income per capita,GNI_pc,0.1,Climate Risk and Vulnerability Index,GAIN_CR,0.2,UN Multilateral Engagement Score,UN_Index,0.4
RUN556,Cumulative Emissions since 1850,X1850_2024,0.3,Gross National Income per capita,GNI_pc,0.1,Climate Risk and Vulnerability Index,GAIN_CR,0.3,UN Multilateral Engagement Score,UN_Index,0.3
RUN557,Cumulative Emissions since 1850,X1850_2024,0.3,Gross National Income per capita,GNI_pc,0.1,Climate Risk and Vulnerability Index,GAIN_CR,0.4,UN Multilateral Engagement Score,UN_Index,0.2
RUN558,Cumulative Emissions since 1850,X1850_2024,0.3,Gross National Income per capita,GNI_pc,0.1,Climate Risk and Vulnerability Index,GAIN_CR,0.5,UN Multilateral Engagement Score,UN_Index,0.1
RUN559,Cumulative Emissions since 1850,X1850_2024,0.3,Gross National Income per capita,GNI_pc,0.2,Climate Risk and Vulnerability Index,GAIN_CR,0.1,UN Multilateral Engagement Score,UN_Index,0.4
RUN560,Cumulative Emissions since 1850,X1850_2024,0.3,Gross National Income per capita,GNI_pc,0.2,Climate Risk and Vulnerability Index,GAIN_CR,0.2,UN Multilateral Engagement Score,UN_Index,0.3
RUN561,Cumulative Emissions since 1850,X1850_2024,0.3,Gross National Income per capita,GNI_pc,0.2,Climate Risk and Vulnerability Index,GAIN_CR,0.3,UN Multilateral Engagement Score,UN_Index,0.2
RUN562,Cumulative Emissions since 1850,X1850_2024,0.3,Gross National Income per capita,GNI_pc,0.2,Climate Risk and Vulnerability Index,GAIN_CR,0.4,UN Multilateral Engagement Score,UN_Index,0.1
RUN563,Cumulative Emissions since 1850,X1850_2024,0.3,Gross National Income per capita,GNI_pc,0.3,Climate Risk and Vulnerability Index,GAIN_CR,0.1,UN Multilateral Engagement Score,UN_Index,0.3
RUN564,Cumulative Emissions since 1850,X1850_2024,0.3,Gross National Income per capita,GNI_pc,0.3,Climate Risk and Vulnerability Index,GAIN_CR,0.2,UN Multilateral Engagement Score,UN_Index,0.2
RUN565,Cumulative Emissions since 1850,X1850_2024,0.3,Gross National Income per capita,GNI_pc,0.3,Climate Risk and Vulnerability Index,GAIN_CR,0.3,UN Multilateral Engagement Score,UN_Index,0.1
RUN566,Cumulative Emissions since 1850,X1850_2024,0.3,Gross National Income per capita,GNI_pc,0.4,Climate Risk and Vulnerability Index,GAIN_CR,0.1,UN Multilateral Engagement Score,UN_Index,0.2
RUN567,Cumulative Emissions since 1850,X1850_2024,0.3,Gross National Income per capita,GNI_pc,0.4,Climate Risk and Vulnerability Index,GAIN_CR,0.2,UN Multilateral Engagement Score,UN_Index,0.1
RUN568,Cumulative Emissions since 1850,X1850_2024,0.3,Gross National Income per capita,GNI_pc,0.5,Climate Risk and Vulnerability Index,GAIN_CR,0.1,UN Multilateral Engagement Score,UN_Index,0.1
RUN569,Cumulative Emissions since 1850,X1850_2024,0.4,Gross National Income per capita,GNI_pc,0.1,Climate Risk and Vulnerability Index,GAIN_CR,0.1,UN Multilateral Engagement Score,UN_Index,0.4
RUN570,Cumulative Emissions since 1850,X1850_2024,0.4,Gross National Income per capita,GNI_pc,0.1,Climate Risk and Vulnerability Index,GAIN_CR,0.2,UN Multilateral Engagement Score,UN_Index,0.3
RUN571,Cumulative Emissions since 1850,X1850_2024,0.4,Gross National Income per capita,GNI_pc,0.1,Climate Risk and Vulnerability Index,GAIN_CR,0.3,UN Multilateral Engagement Score,UN_Index,0.2
RUN572,Cumulative Emissions since 1850,X1850_2024,0.4,Gross National Income per capita,GNI_pc,0.1,Climate Risk and Vulnerability Index,GAIN_CR,0.4,UN Multilateral Engagement Score,UN_Index,0.1
RUN573,Cumulative Emissions since 1850,X1850_2024,0.4,Gross National Income per capita,GNI_pc,0.2,Climate Risk and Vulnerability Index,GAIN_CR,0.1,UN Multilateral Engagement Score,UN_Index,0.3
RUN574,Cumulative Emissions since 1850,X1850_2024,0.4,Gross National Income per capita,GNI_pc,0.2,Climate Risk and Vulnerability Index,GAIN_CR,0.2,UN Multilateral Engagement Score,UN_Index,0.2
RUN575,Cumulative Emissions since 1850,X1850_2024,0.4,Gross National Income per capita,GNI_pc,0.2,Climate Risk and Vulnerability Index,GAIN_CR,0.3,UN Multilateral Engagement Score,UN_Index,0.1
RUN576,Cumulative Emissions since 1850,X1850_2024,0.4,Gross National Income per capita,GNI_pc,0.3,Climate Risk and Vulnerability Index,GAIN_CR,0.1,UN Multilateral Engagement Score,UN_Index,0.2
RUN577,Cumulative Emissions since 1850,X1850_2024,0.4,Gross National Income per capita,GNI_pc,0.3,Climate Risk and Vulnerability Index,GAIN_CR,0.2,UN Multilateral Engagement Score,UN_Index,0.1
RUN578,Cumulative Emissions since 1850,X1850_2024,0.4,Gross National Income per capita,GNI_pc,0.4,Climate Risk and Vulnerability Index,GAIN_CR,0.1,UN Multilateral Engagement Score,UN_Index,0.1
RUN579,Cumulative Emissions since 1850,X1850_2024,0.5,Gross National Income per capita,GNI_pc,0.1,Climate Risk and Vulnerability Index,GAIN_CR,0.1,UN Multilateral Engagement Score,UN_Index,0.3
RUN580,Cumulative Emissions since 1850,X1850_2024,0.5,Gross National Income per capita,GNI_pc,0.1,Climate Risk and Vulnerability Index,GAIN_CR,0.2,UN Multilateral Engagement Score,UN_Index,0.2
RUN581,Cumulative Emissions since 1850,X1850_2024,0.5,Gross National Income per capita,GNI_pc,0.1,Climate Risk and Vulnerability Index,GAIN_CR,0.3,UN Multilateral Engagement Score,UN_Index,0.1
RUN582,Cumulative Emissions since 1850,X1850_2024,0.5,Gross National Income per capita,GNI_pc,0.2,Climate Risk and Vulnerability Index,GAIN_CR,0.1,UN Multilateral Engagement Score,UN_Index,0.2
RUN583,Cumulative Emissions since 1850,X1850_2024,0.5,Gross National Income per capita,GNI_pc,0.2,Climate Risk and Vulnerability Index,GAIN_CR,0.2,UN Multilateral Engagement Score,UN_Index,0.1
RUN584,Cumulative Emissions since 1850,X1850_2024,0.5,Gross National Income per capita,GNI_pc,0.3,Climate Risk and Vulnerability Index,GAIN_CR,0.1,UN Multilateral Engagement Score,UN_Index,0.1
RUN585,Cumulative Emissions since 1850,X1850_2024,0.6,Gross National Income per capita,GNI_pc,0.1,Climate Risk and Vulnerability Index,GAIN_CR,0.1,UN Multilateral Engagement Score,UN_Index,0.2
RUN586,Cumulative Emissions since 1850,X1850_2024,0.6,Gross National Income per capita,GNI_pc,0.1,Climate Risk and Vulnerability Index,GAIN_CR,0.2,UN Multilateral Engagement Score,UN_Index,0.1
RUN587,Cumulative Emissions since 1850,X1850_2024,0.6,Gross National Income per capita,GNI_pc,0.2,Climate Risk and Vulnerability Index,GAIN_CR,0.1,UN Multilateral Engagement Score,UN_Index,0.1
RUN588,Cumulative Emissions since 1850,X1850_2024,0.7,Gross National Income per capita,GNI_pc,0.1,Climate Risk and Vulnerability Index,GAIN_CR,0.1,UN Multilateral Engagement Score,UN_Index,0.1
RUN589,Cumulative Emissions since 1850,X1850_2024,0.1,Gross National Income per capita,GNI_pc,0.1,Physical Climate Risk (EIB),EIB_PR,0.1,UN Multilateral Engagement Score,UN_Index,0.7
RUN590,Cumulative Emissions since 1850,X1850_2024,0.1,Gross National Income per capita,GNI_pc,0.1,Physical Climate Risk (EIB),EIB_PR,0.2,UN Multilateral Engagement Score,UN_Index,0.6
RUN591,Cumulative Emissions since 1850,X1850_2024,0.1,Gross National Income per capita,GNI_pc,0.1,Physical Climate Risk (EIB),EIB_PR,0.3,UN Multilateral Engagement Score,UN_Index,0.5
RUN592,Cumulative Emissions since 1850,X1850_2024,0.1,Gross National Income per capita,GNI_pc,0.1,Physical Climate Risk (EIB),EIB_PR,0.4,UN Multilateral Engagement Score,UN_Index,0.4
RUN593,Cumulative Emissions since 1850,X1850_2024,0.1,Gross National Income per capita,GNI_pc,0.1,Physical Climate Risk (EIB),EIB_PR,0.5,UN Multilateral Engagement Score,UN_Index,0.3
RUN594,Cumulative Emissions since 1850,X1850_2024,0.1,Gross National Income per capita,GNI_pc,0.1,Physical Climate Risk (EIB),EIB_PR,0.6,UN Multilateral Engagement Score,UN_Index,0.2
RUN595,Cumulative Emissions since 1850,X1850_2024,0.1,Gross National Income per capita,GNI_pc,0.1,Physical Climate Risk (EIB),EIB_PR,0.7,UN Multilateral Engagement Score,UN_Index,0.1
RUN596,Cumulative Emissions since 1850,X1850_2024,0.1,Gross National Income per capita,GNI_pc,0.2,Physical Climate Risk (EIB),EIB_PR,0.1,UN Multilateral Engagement Score,UN_Index,0.6
RUN597,Cumulative Emissions since 1850,X1850_2024,0.1,Gross National Income per capita,GNI_pc,0.2,Physical Climate Risk (EIB),EIB_PR,0.2,UN Multilateral Engagement Score,UN_Index,0.5
RUN598,Cumulative Emissions since 1850,X1850_2024,0.1,Gross National Income per capita,GNI_pc,0.2,Physical Climate Risk (EIB),EIB_PR,0.3,UN Multilateral Engagement Score,UN_Index,0.4
RUN599,Cumulative Emissions since 1850,X1850_2024,0.1,Gross National Income per capita,GNI_pc,0.2,Physical Climate Risk (EIB),EIB_PR,0.4,UN Multilateral Engagement Score,UN_Index,0.3
RUN600,Cumulative Emissions since 1850,X1850_2024,0.1,Gross National Income per capita,GNI_pc,0.2,Physical Climate Risk (EIB),EIB_PR,0.5,UN Multilateral Engagement Score,UN_Index,0.2
RUN601,Cumulative Emissions since 1850,X1850_2024,0.1,Gross National Income per capita,GNI_pc,0.2,Physical Climate Risk (EIB),EIB_PR,0.6,UN Multilateral Engagement Score,UN_Index,0.1
RUN602,Cumulative Emissions since 1850,X1850_2024,0.1,Gross National Income per capita,GNI_pc,0.3,Physical Climate Risk (EIB),EIB_PR,0.1,UN Multilateral Engagement Score,UN_Index,0.5
RUN603,Cumulative Emissions since 1850,X1850_2024,0.1,Gross National Income per capita,GNI_pc,0.3,Physical Climate Risk (EIB),EIB_PR,0.2,UN Multilateral Engagement Score,UN_Index,0.4
RUN604,Cumulative Emissions since 1850,X1850_2024,0.1,Gross National Income per capita,GNI_pc,0.3,Physical Climate Risk (EIB),EIB_PR,0.3,UN Multilateral Engagement Score,UN_Index,0.3
RUN605,Cumulative Emissions since 1850,X1850_2024,0.1,Gross National Income per capita,GNI_pc,0.3,Physical Climate Risk (EIB),EIB_PR,0.4,UN Multilateral Engagement Score,UN_Index,0.2
RUN606,Cumulative Emissions since 1850,X1850_2024,0.1,Gross National Income per capita,GNI_pc,0.3,Physical Climate Risk (EIB),EIB_PR,0.5,UN Multilateral Engagement Score,UN_Index,0.1
RUN607,Cumulative Emissions since 1850,X1850_2024,0.1,Gross National Income per capita,GNI_pc,0.4,Physical Climate Risk (EIB),EIB_PR,0.1,UN Multilateral Engagement Score,UN_Index,0.4
RUN608,Cumulative Emissions since 1850,X1850_2024,0.1,Gross National Income per capita,GNI_pc,0.4,Physical Climate Risk (EIB),EIB_PR,0.2,UN Multilateral Engagement Score,UN_Index,0.3
RUN609,Cumulative Emissions since 1850,X1850_2024,0.1,Gross National Income per capita,GNI_pc,0.4,Physical Climate Risk (EIB),EIB_PR,0.3,UN Multilateral Engagement Score,UN_Index,0.2
RUN610,Cumulative Emissions since 1850,X1850_2024,0.1,Gross National Income per capita,GNI_pc,0.4,Physical Climate Risk (EIB),EIB_PR,0.4,UN Multilateral Engagement Score,UN_Index,0.1
RUN611,Cumulative Emissions since 1850,X1850_2024,0.1,Gross National Income per capita,GNI_pc,0.5,Physical Climate Risk (EIB),EIB_PR,0.1,UN Multilateral Engagement Score,UN_Index,0.3
RUN612,Cumulative Emissions since 1850,X1850_2024,0.1,Gross National Income per capita,GNI_pc,0.5,Physical Climate Risk (EIB),EIB_PR,0.2,UN Multilateral Engagement Score,UN_Index,0.2
RUN613,Cumulative Emissions since 1850,X1850_2024,0.1,Gross National Income per capita,GNI_pc,0.5,Physical Climate Risk (EIB),EIB_PR,0.3,UN Multilateral Engagement Score,UN_Index,0.1
RUN614,Cumulative Emissions since 1850,X1850_2024,0.1,Gross National Income per capita,GNI_pc,0.6,Physical Climate Risk (EIB),EIB_PR,0.1,UN Multilateral Engagement Score,UN_Index,0.2
RUN615,Cumulative Emissions since 1850,X1850_2024,0.1,Gross National Income per capita,GNI_pc,0.6,Physical Climate Risk (EIB),EIB_PR,0.2,UN Multilateral Engagement Score,UN_Index,0.1
RUN616,Cumulative Emissions since 1850,X1850_2024,0.1,Gross National Income per capita,GNI_pc,0.7,Physical Climate Risk (EIB),EIB_PR,0.1,UN Multilateral Engagement Score,UN_Index,0.1
RUN617,Cumulative Emissions since 1850,X1850_2024,0.2,Gross National Income per capita,GNI_pc,0.1,Physical Climate Risk (EIB),EIB_PR,0.1,UN Multilateral Engagement Score,UN_Index,0.6
RUN618,Cumulative Emissions since 1850,X1850_2024,0.2,Gross National Income per capita,GNI_pc,0.1,Physical Climate Risk (EIB),EIB_PR,0.2,UN Multilateral Engagement Score,UN_Index,0.5
RUN619,Cumulative Emissions since 1850,X1850_2024,0.2,Gross National Income per capita,GNI_pc,0.1,Physical Climate Risk (EIB),EIB_PR,0.3,UN Multilateral Engagement Score,UN_Index,0.4
RUN620,Cumulative Emissions since 1850,X1850_2024,0.2,Gross National Income per capita,GNI_pc,0.1,Physical Climate Risk (EIB),EIB_PR,0.4,UN Multilateral Engagement Score,UN_Index,0.3
RUN621,Cumulative Emissions since 1850,X1850_2024,0.2,Gross National Income per capita,GNI_pc,0.1,Physical Climate Risk (EIB),EIB_PR,0.5,UN Multilateral Engagement Score,UN_Index,0.2
RUN622,Cumulative Emissions since 1850,X1850_2024,0.2,Gross National Income per capita,GNI_pc,0.1,Physical Climate Risk (EIB),EIB_PR,0.6,UN Multilateral Engagement Score,UN_Index,0.1
RUN623,Cumulative Emissions since 1850,X1850_2024,0.2,Gross National Income per capita,GNI_pc,0.2,Physical Climate Risk (EIB),EIB_PR,0.1,UN Multilateral Engagement Score,UN_Index,0.5
RUN624,Cumulative Emissions since 1850,X1850_2024,0.2,Gross National Income per capita,GNI_pc,0.2,Physical Climate Risk (EIB),EIB_PR,0.2,UN Multilateral Engagement Score,UN_Index,0.4
RUN625,Cumulative Emissions since 1850,X1850_2024,0.2,Gross National Income per capita,GNI_pc,0.2,Physical Climate Risk (EIB),EIB_PR,0.3,UN Multilateral Engagement Score,UN_Index,0.3
RUN626,Cumulative Emissions since 1850,X1850_2024,0.2,Gross National Income per capita,GNI_pc,0.2,Physical Climate Risk (EIB),EIB_PR,0.4,UN Multilateral Engagement Score,UN_Index,0.2
RUN627,Cumulative Emissions since 1850,X1850_2024,0.2,Gross National Income per capita,GNI_pc,0.2,Physical Climate Risk (EIB),EIB_PR,0.5,UN Multilateral Engagement Score,UN_Index,0.1
RUN628,Cumulative Emissions since 1850,X1850_2024,0.2,Gross National Income per capita,GNI_pc,0.3,Physical Climate Risk (EIB),EIB_PR,0.1,UN Multilateral Engagement Score,UN_Index,0.4
RUN629,Cumulative Emissions since 1850,X1850_2024,0.2,Gross National Income per capita,GNI_pc,0.3,Physical Climate Risk (EIB),EIB_PR,0.2,UN Multilateral Engagement Score,UN_Index,0.3
RUN630,Cumulative Emissions since 1850,X1850_2024,0.2,Gross National Income per capita,GNI_pc,0.3,Physical Climate Risk (EIB),EIB_PR,0.3,UN Multilateral Engagement Score,UN_Index,0.2
RUN631,Cumulative Emissions since 1850,X1850_2024,0.2,Gross National Income per capita,GNI_pc,0.3,Physical Climate Risk (EIB),EIB_PR,0.4,UN Multilateral Engagement Score,UN_Index,0.1
RUN632,Cumulative Emissions since 1850,X1850_2024,0.2,Gross National Income per capita,GNI_pc,0.4,Physical Climate Risk (EIB),EIB_PR,0.1,UN Multilateral Engagement Score,UN_Index,0.3
RUN633,Cumulative Emissions since 1850,X1850_2024,0.2,Gross National Income per capita,GNI_pc,0.4,Physical Climate Risk (EIB),EIB_PR,0.2,UN Multilateral Engagement Score,UN_Index,0.2
RUN634,Cumulative Emissions since 1850,X1850_2024,0.2,Gross National Income per capita,GNI_pc,0.4,Physical Climate Risk (EIB),EIB_PR,0.3,UN Multilateral Engagement Score,UN_Index,0.1
RUN635,Cumulative Emissions since 1850,X1850_2024,0.2,Gross National Income per capita,GNI_pc,0.5,Physical Climate Risk (EIB),EIB_PR,0.1,UN Multilateral Engagement Score,UN_Index,0.2
RUN636,Cumulative Emissions since 1850,X1850_2024,0.2,Gross National Income per capita,GNI_pc,0.5,Physical Climate Risk (EIB),EIB_PR,0.2,UN Multilateral Engagement Score,UN_Index,0.1
RUN637,Cumulative Emissions since 1850,X1850_2024,0.2,Gross National Income per capita,GNI_pc,0.6,Physical Climate Risk (EIB),EIB_PR,0.1,UN Multilateral Engagement Score,UN_Index,0.1
RUN638,Cumulative Emissions since 1850,X1850_2024,0.3,Gross National Income per capita,GNI_pc,0.1,Physical Climate Risk (EIB),EIB_PR,0.1,UN Multilateral Engagement Score,UN_Index,0.5
RUN639,Cumulative Emissions since 1850,X1850_2024,0.3,Gross National Income per capita,GNI_pc,0.1,Physical Climate Risk (EIB),EIB_PR,0.2,UN Multilateral Engagement Score,UN_Index,0.4
RUN640,Cumulative Emissions since 1850,X1850_2024,0.3,Gross National Income per capita,GNI_pc,0.1,Physical Climate Risk (EIB),EIB_PR,0.3,UN Multilateral Engagement Score,UN_Index,0.3
RUN641,Cumulative Emissions since 1850,X1850_2024,0.3,Gross National Income per capita,GNI_pc,0.1,Physical Climate Risk (EIB),EIB_PR,0.4,UN Multilateral Engagement Score,UN_Index,0.2
RUN642,Cumulative Emissions since 1850,X1850_2024,0.3,Gross National Income per capita,GNI_pc,0.1,Physical Climate Risk (EIB),EIB_PR,0.5,UN Multilateral Engagement Score,UN_Index,0.1
RUN643,Cumulative Emissions since 1850,X1850_2024,0.3,Gross National Income per capita,GNI_pc,0.2,Physical Climate Risk (EIB),EIB_PR,0.1,UN Multilateral Engagement Score,UN_Index,0.4
RUN644,Cumulative Emissions since 1850,X1850_2024,0.3,Gross National Income per capita,GNI_pc,0.2,Physical Climate Risk (EIB),EIB_PR,0.2,UN Multilateral Engagement Score,UN_Index,0.3
RUN645,Cumulative Emissions since 1850,X1850_2024,0.3,Gross National Income per capita,GNI_pc,0.2,Physical Climate Risk (EIB),EIB_PR,0.3,UN Multilateral Engagement Score,UN_Index,0.2
RUN646,Cumulative Emissions since 1850,X1850_2024,0.3,Gross National Income per capita,GNI_pc,0.2,Physical Climate Risk (EIB),EIB_PR,0.4,UN Multilateral Engagement Score,UN_Index,0.1
RUN647,Cumulative Emissions since 1850,X1850_2024,0.3,Gross National Income per capita,GNI_pc,0.3,Physical Climate Risk (EIB),EIB_PR,0.1,UN Multilateral Engagement Score,UN_Index,0.3
RUN648,Cumulative Emissions since 1850,X1850_2024,0.3,Gross National Income per capita,GNI_pc,0.3,Physical Climate Risk (EIB),EIB_PR,0.2,UN Multilateral Engagement Score,UN_Index,0.2
RUN649,Cumulative Emissions since 1850,X1850_2024,0.3,Gross National Income per capita,GNI_pc,0.3,Physical Climate Risk (EIB),EIB_PR,0.3,UN Multilateral Engagement Score,UN_Index,0.1
RUN650,Cumulative Emissions since 1850,X1850_2024,0.3,Gross National Income per capita,GNI_pc,0.4,Physical Climate Risk (EIB),EIB_PR,0.1,UN Multilateral Engagement Score,UN_Index,0.2
RUN651,Cumulative Emissions since 1850,X1850_2024,0.3,Gross National Income per capita,GNI_pc,0.4,Physical Climate Risk (EIB),EIB_PR,0.2,UN Multilateral Engagement Score,UN_Index,0.1
RUN652,Cumulative Emissions since 1850,X1850_2024,0.3,Gross National Income per capita,GNI_pc,0.5,Physical Climate Risk (EIB),EIB_PR,0.1,UN Multilateral Engagement Score,UN_Index,0.1
RUN653,Cumulative Emissions since 1850,X1850_2024,0.4,Gross National Income per capita,GNI_pc,0.1,Physical Climate Risk (EIB),EIB_PR,0.1,UN Multilateral Engagement Score,UN_Index,0.4
RUN654,Cumulative Emissions since 1850,X1850_2024,0.4,Gross National Income per capita,GNI_pc,0.1,Physical Climate Risk (EIB),EIB_PR,0.2,UN Multilateral Engagement Score,UN_Index,0.3
RUN655,Cumulative Emissions since 1850,X1850_2024,0.4,Gross National Income per capita,GNI_pc,0.1,Physical Climate Risk (EIB),EIB_PR,0.3,UN Multilateral Engagement Score,UN_Index,0.2
RUN656,Cumulative Emissions since 1850,X1850_2024,0.4,Gross National Income per capita,GNI_pc,0.1,Physical Climate Risk (EIB),EIB_PR,0.4,UN Multilateral Engagement Score,UN_Index,0.1
RUN657,Cumulative Emissions since 1850,X1850_2024,0.4,Gross National Income per capita,GNI_pc,0.2,Physical Climate Risk (EIB),EIB_PR,0.1,UN Multilateral Engagement Score,UN_Index,0.3
RUN658,Cumulative Emissions since 1850,X1850_2024,0.4,Gross National Income per capita,GNI_pc,0.2,Physical Climate Risk (EIB),EIB_PR,0.2,UN Multilateral Engagement Score,UN_Index,0.2
RUN659,Cumulative Emissions since 1850,X1850_2024,0.4,Gross National Income per capita,GNI_pc,0.2,Physical Climate Risk (EIB),EIB_PR,0.3,UN Multilateral Engagement Score,UN_Index,0.1
RUN660,Cumulative Emissions since 1850,X1850_2024,0.4,Gross National Income per capita,GNI_pc,0.3,Physical Climate Risk (EIB),EIB_PR,0.1,UN Multilateral Engagement Score,UN_Index,0.2
RUN661,Cumulative Emissions since 1850,X1850_2024,0.4,Gross National Income per capita,GNI_pc,0.3,Physical Climate Risk (EIB),EIB_PR,0.2,UN Multilateral Engagement Score,UN_Index,0.1
RUN662,Cumulative Emissions since 1850,X1850_2024,0.4,Gross National Income per capita,GNI_pc,0.4,Physical Climate Risk (EIB),EIB_PR,0.1,UN Multilateral Engagement Score,UN_Index,0.1
RUN663,Cumulative Emissions since 1850,X1850_2024,0.5,Gross National Income per capita,GNI_pc,0.1,Physical Climate Risk (EIB),EIB_PR,0.1,UN Multilateral Engagement Score,UN_Index,0.3
RUN664,Cumulative Emissions since 1850,X1850_2024,0.5,Gross National Income per capita,GNI_pc,0.1,Physical Climate Risk (EIB),EIB_PR,0.2,UN Multilateral Engagement Score,UN_Index,0.2
RUN665,Cumulative Emissions since 1850,X1850_2024,0.5,Gross National Income per capita,GNI_pc,0.1,Physical Climate Risk (EIB),EIB_PR,0.3,UN Multilateral Engagement Score,UN_Index,0.1
RUN666,Cumulative Emissions since 1850,X1850_2024,0.5,Gross National Income per capita,GNI_pc,0.2,Physical Climate Risk (EIB),EIB_PR,0.1,UN Multilateral Engagement Score,UN_Index,0.2
RUN667,Cumulative Emissions since 1850,X1850_2024,0.5,Gross National Income per capita,GNI_pc,0.2,Physical Climate Risk (EIB),EIB_PR,0.2,UN Multilateral Engagement Score,UN_Index,0.1
RUN668,Cumulative Emissions since 1850,X1850_2024,0.5,Gross National Income per capita,GNI_pc,0.3,Physical Climate Risk (EIB),EIB_PR,0.1,UN Multilateral Engagement Score,UN_Index,0.1
RUN669,Cumulative Emissions since 1850,X1850_2024,0.6,Gross National Income per capita,GNI_pc,0.1,Physical Climate Risk (EIB),EIB_PR,0.1,UN Multilateral Engagement Score,UN_Index,0.2
RUN670,Cumulative Emissions since 1850,X1850_2024,0.6,Gross National Income per capita,GNI_pc,0.1,Physical Climate Risk (EIB),EIB_PR,0.2,UN Multilateral Engagement Score,UN_Index,0.1
RUN671,Cumulative Emissions since 1850,X1850_2024,0.6,Gross National Income per capita,GNI_pc,0.2,Physical Climate Risk (EIB),EIB_PR,0.1,UN Multilateral Engagement Score,UN_Index,0.1
RUN672,Cumulative Emissions since 1850,X1850_2024,0.7,Gross National Income per capita,GNI_pc,0.1,Physical Climate Risk (EIB),EIB_PR,0.1,UN Multilateral Engagement Score,UN_Index,0.1
RUN673,Cumulative Emissions since 1850,X1850_2024,0.1,Gross National Income per capita,GNI_pc,0.1,Transition Climate Risk (EIB),EIB_TR,0.1,UN Multilateral Engagement Score,UN_Index,0.7
RUN674,Cumulative Emissions since 1850,X1850_2024,0.1,Gross National Income per capita,GNI_pc,0.1,Transition Climate Risk (EIB),EIB_TR,0.2,UN Multilateral Engagement Score,UN_Index,0.6
RUN675,Cumulative Emissions since 1850,X1850_2024,0.1,Gross National Income per capita,GNI_pc,0.1,Transition Climate Risk (EIB),EIB_TR,0.3,UN Multilateral Engagement Score,UN_Index,0.5
RUN676,Cumulative Emissions since 1850,X1850_2024,0.1,Gross National Income per capita,GNI_pc,0.1,Transition Climate Risk (EIB),EIB_TR,0.4,UN Multilateral Engagement Score,UN_Index,0.4
RUN677,Cumulative Emissions since 1850,X1850_2024,0.1,Gross National Income per capita,GNI_pc,0.1,Transition Climate Risk (EIB),EIB_TR,0.5,UN Multilateral Engagement Score,UN_Index,0.3
RUN678,Cumulative Emissions since 1850,X1850_2024,0.1,Gross National Income per capita,GNI_pc,0.1,Transition Climate Risk (EIB),EIB_TR,0.6,UN Multilateral Engagement Score,UN_Index,0.2
RUN679,Cumulative Emissions since 1850,X1850_2024,0.1,Gross National Income per capita,GNI_pc,0.1,Transition Climate Risk (EIB),EIB_TR,0.7,UN Multilateral Engagement Score,UN_Index,0.1
RUN680,Cumulative Emissions since 1850,X1850_2024,0.1,Gross National Income per capita,GNI_pc,0.2,Transition Climate Risk (EIB),EIB_TR,0.1,UN Multilateral Engagement Score,UN_Index,0.6
RUN681,Cumulative Emissions since 1850,X1850_2024,0.1,Gross National Income per capita,GNI_pc,0.2,Transition Climate Risk (EIB),EIB_TR,0.2,UN Multilateral Engagement Score,UN_Index,0.5
RUN682,Cumulative Emissions since 1850,X1850_2024,0.1,Gross National Income per capita,GNI_pc,0.2,Transition Climate Risk (EIB),EIB_TR,0.3,UN Multilateral Engagement Score,UN_Index,0.4
RUN683,Cumulative Emissions since 1850,X1850_2024,0.1,Gross National Income per capita,GNI_pc,0.2,Transition Climate Risk (EIB),EIB_TR,0.4,UN Multilateral Engagement Score,UN_Index,0.3
RUN684,Cumulative Emissions since 1850,X1850_2024,0.1,Gross National Income per capita,GNI_pc,0.2,Transition Climate Risk (EIB),EIB_TR,0.5,UN Multilateral Engagement Score,UN_Index,0.2
RUN685,Cumulative Emissions since 1850,X1850_2024,0.1,Gross National Income per capita,GNI_pc,0.2,Transition Climate Risk (EIB),EIB_TR,0.6,UN Multilateral Engagement Score,UN_Index,0.1
RUN686,Cumulative Emissions since 1850,X1850_2024,0.1,Gross National Income per capita,GNI_pc,0.3,Transition Climate Risk (EIB),EIB_TR,0.1,UN Multilateral Engagement Score,UN_Index,0.5
RUN687,Cumulative Emissions since 1850,X1850_2024,0.1,Gross National Income per capita,GNI_pc,0.3,Transition Climate Risk (EIB),EIB_TR,0.2,UN Multilateral Engagement Score,UN_Index,0.4
RUN688,Cumulative Emissions since 1850,X1850_2024,0.1,Gross National Income per capita,GNI_pc,0.3,Transition Climate Risk (EIB),EIB_TR,0.3,UN Multilateral Engagement Score,UN_Index,0.3
RUN689,Cumulative Emissions since 1850,X1850_2024,0.1,Gross National Income per capita,GNI_pc,0.3,Transition Climate Risk (EIB),EIB_TR,0.4,UN Multilateral Engagement Score,UN_Index,0.2
RUN690,Cumulative Emissions since 1850,X1850_2024,0.1,Gross National Income per capita,GNI_pc,0.3,Transition Climate Risk (EIB),EIB_TR,0.5,UN Multilateral Engagement Score,UN_Index,0.1
RUN691,Cumulative Emissions since 1850,X1850_2024,0.1,Gross National Income per capita,GNI_pc,0.4,Transition Climate Risk (EIB),EIB_TR,0.1,UN Multilateral Engagement Score,UN_Index,0.4
RUN692,Cumulative Emissions since 1850,X1850_2024,0.1,Gross National Income per capita,GNI_pc,0.4,Transition Climate Risk (EIB),EIB_TR,0.2,UN Multilateral Engagement Score,UN_Index,0.3
RUN693,Cumulative Emissions since 1850,X1850_2024,0.1,Gross National Income per capita,GNI_pc,0.4,Transition Climate Risk (EIB),EIB_TR,0.3,UN Multilateral Engagement Score,UN_Index,0.2
RUN694,Cumulative Emissions since 1850,X1850_2024,0.1,Gross National Income per capita,GNI_pc,0.4,Transition Climate Risk (EIB),EIB_TR,0.4,UN Multilateral Engagement Score,UN_Index,0.1
RUN695,Cumulative Emissions since 1850,X1850_2024,0.1,Gross National Income per capita,GNI_pc,0.5,Transition Climate Risk (EIB),EIB_TR,0.1,UN Multilateral Engagement Score,UN_Index,0.3
RUN696,Cumulative Emissions since 1850,X1850_2024,0.1,Gross National Income per capita,GNI_pc,0.5,Transition Climate Risk (EIB),EIB_TR,0.2,UN Multilateral Engagement Score,UN_Index,0.2
RUN697,Cumulative Emissions since 1850,X1850_2024,0.1,Gross National Income per capita,GNI_pc,0.5,Transition Climate Risk (EIB),EIB_TR,0.3,UN Multilateral Engagement Score,UN_Index,0.1
RUN698,Cumulative Emissions since 1850,X1850_2024,0.1,Gross National Income per capita,GNI_pc,0.6,Transition Climate Risk (EIB),EIB_TR,0.1,UN Multilateral Engagement Score,UN_Index,0.2
RUN699,Cumulative Emissions since 1850,X1850_2024,0.1,Gross National Income per capita,GNI_pc,0.6,Transition Climate Risk (EIB),EIB_TR,0.2,UN Multilateral Engagement Score,UN_Index,0.1
RUN700,Cumulative Emissions since 1850,X1850_2024,0.1,Gross National Income per capita,GNI_pc,0.7,Transition Climate Risk (EIB),EIB_TR,0.1,UN Multilateral Engagement Score,UN_Index,0.1
RUN701,Cumulative Emissions since 1850,X1850_2024,0.2,Gross National Income per capita,GNI_pc,0.1,Transition Climate Risk (EIB),EIB_TR,0.1,UN Multilateral Engagement Score,UN_Index,0.6
RUN702,Cumulative Emissions since 1850,X1850_2024,0.2,Gross National Income per capita,GNI_pc,0.1,Transition Climate Risk (EIB),EIB_TR,0.2,UN Multilateral Engagement Score,UN_Index,0.5
RUN703,Cumulative Emissions since 1850,X1850_2024,0.2,Gross National Income per capita,GNI_pc,0.1,Transition Climate Risk (EIB),EIB_TR,0.3,UN Multilateral Engagement Score,UN_Index,0.4
RUN704,Cumulative Emissions since 1850,X1850_2024,0.2,Gross National Income per capita,GNI_pc,0.1,Transition Climate Risk (EIB),EIB_TR,0.4,UN Multilateral Engagement Score,UN_Index,0.3
RUN705,Cumulative Emissions since 1850,X1850_2024,0.2,Gross National Income per capita,GNI_pc,0.1,Transition Climate Risk (EIB),EIB_TR,0.5,UN Multilateral Engagement Score,UN_Index,0.2
RUN706,Cumulative Emissions since 1850,X1850_2024,0.2,Gross National Income per capita,GNI_pc,0.1,Transition Climate Risk (EIB),EIB_TR,0.6,UN Multilateral Engagement Score,UN_Index,0.1
RUN707,Cumulative Emissions since 1850,X1850_2024,0.2,Gross National Income per capita,GNI_pc,0.2,Transition Climate Risk (EIB),EIB_TR,0.1,UN Multilateral Engagement Score,UN_Index,0.5
RUN708,Cumulative Emissions since 1850,X1850_2024,0.2,Gross National Income per capita,GNI_pc,0.2,Transition Climate Risk (EIB),EIB_TR,0.2,UN Multilateral Engagement Score,UN_Index,0.4
RUN709,Cumulative Emissions since 1850,X1850_2024,0.2,Gross National Income per capita,GNI_pc,0.2,Transition Climate Risk (EIB),EIB_TR,0.3,UN Multilateral Engagement Score,UN_Index,0.3
RUN710,Cumulative Emissions since 1850,X1850_2024,0.2,Gross National Income per capita,GNI_pc,0.2,Transition Climate Risk (EIB),EIB_TR,0.4,UN Multilateral Engagement Score,UN_Index,0.2
RUN711,Cumulative Emissions since 1850,X1850_2024,0.2,Gross National Income per capita,GNI_pc,0.2,Transition Climate Risk (EIB),EIB_TR,0.5,UN Multilateral Engagement Score,UN_Index,0.1
RUN712,Cumulative Emissions since 1850,X1850_2024,0.2,Gross National Income per capita,GNI_pc,0.3,Transition Climate Risk (EIB),EIB_TR,0.1,UN Multilateral Engagement Score,UN_Index,0.4
RUN713,Cumulative Emissions since 1850,X1850_2024,0.2,Gross National Income per capita,GNI_pc,0.3,Transition Climate Risk (EIB),EIB_TR,0.2,UN Multilateral Engagement Score,UN_Index,0.3
RUN714,Cumulative Emissions since 1850,X1850_2024,0.2,Gross National Income per capita,GNI_pc,0.3,Transition Climate Risk (EIB),EIB_TR,0.3,UN Multilateral Engagement Score,UN_Index,0.2
RUN715,Cumulative Emissions since 1850,X1850_2024,0.2,Gross National Income per capita,GNI_pc,0.3,Transition Climate Risk (EIB),EIB_TR,0.4,UN Multilateral Engagement Score,UN_Index,0.1
RUN716,Cumulative Emissions since 1850,X1850_2024,0.2,Gross National Income per capita,GNI_pc,0.4,Transition Climate Risk (EIB),EIB_TR,0.1,UN Multilateral Engagement Score,UN_Index,0.3
RUN717,Cumulative Emissions since 1850,X1850_2024,0.2,Gross National Income per capita,GNI_pc,0.4,Transition Climate Risk (EIB),EIB_TR,0.2,UN Multilateral Engagement Score,UN_Index,0.2
RUN718,Cumulative Emissions since 1850,X1850_2024,0.2,Gross National Income per capita,GNI_pc,0.4,Transition Climate Risk (EIB),EIB_TR,0.3,UN Multilateral Engagement Score,UN_Index,0.1
RUN719,Cumulative Emissions since 1850,X1850_2024,0.2,Gross National Income per capita,GNI_pc,0.5,Transition Climate Risk (EIB),EIB_TR,0.1,UN Multilateral Engagement Score,UN_Index,0.2
RUN720,Cumulative Emissions since 1850,X1850_2024,0.2,Gross National Income per capita,GNI_pc,0.5,Transition Climate Risk (EIB),EIB_TR,0.2,UN Multilateral Engagement Score,UN_Index,0.1
RUN721,Cumulative Emissions since 1850,X1850_2024,0.2,Gross National Income per capita,GNI_pc,0.6,Transition Climate Risk (EIB),EIB_TR,0.1,UN Multilateral Engagement Score,UN_Index,0.1
RUN722,Cumulative Emissions since 1850,X1850_2024,0.3,Gross National Income per capita,GNI_pc,0.1,Transition Climate Risk (EIB),EIB_TR,0.1,UN Multilateral Engagement Score,UN_Index,0.5
RUN723,Cumulative Emissions since 1850,X1850_2024,0.3,Gross National Income per capita,GNI_pc,0.1,Transition Climate Risk (EIB),EIB_TR,0.2,UN Multilateral Engagement Score,UN_Index,0.4
RUN724,Cumulative Emissions since 1850,X1850_2024,0.3,Gross National Income per capita,GNI_pc,0.1,Transition Climate Risk (EIB),EIB_TR,0.3,UN Multilateral Engagement Score,UN_Index,0.3
RUN725,Cumulative Emissions since 1850,X1850_2024,0.3,Gross National Income per capita,GNI_pc,0.1,Transition Climate Risk (EIB),EIB_TR,0.4,UN Multilateral Engagement Score,UN_Index,0.2
RUN726,Cumulative Emissions since 1850,X1850_2024,0.3,Gross National Income per capita,GNI_pc,0.1,Transition Climate Risk (EIB),EIB_TR,0.5,UN Multilateral Engagement Score,UN_Index,0.1
RUN727,Cumulative Emissions since 1850,X1850_2024,0.3,Gross National Income per capita,GNI_pc,0.2,Transition Climate Risk (EIB),EIB_TR,0.1,UN Multilateral Engagement Score,UN_Index,0.4
RUN728,Cumulative Emissions since 1850,X1850_2024,0.3,Gross National Income per capita,GNI_pc,0.2,Transition Climate Risk (EIB),EIB_TR,0.2,UN Multilateral Engagement Score,UN_Index,0.3
RUN729,Cumulative Emissions since 1850,X1850_2024,0.3,Gross National Income per capita,GNI_pc,0.2,Transition Climate Risk (EIB),EIB_TR,0.3,UN Multilateral Engagement Score,UN_Index,0.2
RUN730,Cumulative Emissions since 1850,X1850_2024,0.3,Gross National Income per capita,GNI_pc,0.2,Transition Climate Risk (EIB),EIB_TR,0.4,UN Multilateral Engagement Score,UN_Index,0.1
RUN731,Cumulative Emissions since 1850,X1850_2024,0.3,Gross National Income per capita,GNI_pc,0.3,Transition Climate Risk (EIB),EIB_TR,0.1,UN Multilateral Engagement Score,UN_Index,0.3
RUN732,Cumulative Emissions since 1850,X1850_2024,0.3,Gross National Income per capita,GNI_pc,0.3,Transition Climate Risk (EIB),EIB_TR,0.2,UN Multilateral Engagement Score,UN_Index,0.2
RUN733,Cumulative Emissions since 1850,X1850_2024,0.3,Gross National Income per capita,GNI_pc,0.3,Transition Climate Risk (EIB),EIB_TR,0.3,UN Multilateral Engagement Score,UN_Index,0.1
RUN734,Cumulative Emissions since 1850,X1850_2024,0.3,Gross National Income per capita,GNI_pc,0.4,Transition Climate Risk (EIB),EIB_TR,0.1,UN Multilateral Engagement Score,UN_Index,0.2
RUN735,Cumulative Emissions since 1850,X1850_2024,0.3,Gross National Income per capita,GNI_pc,0.4,Transition Climate Risk (EIB),EIB_TR,0.2,UN Multilateral Engagement Score,UN_Index,0.1
RUN736,Cumulative Emissions since 1850,X1850_2024,0.3,Gross National Income per capita,GNI_pc,0.5,Transition Climate Risk (EIB),EIB_TR,0.1,UN Multilateral Engagement Score,UN_Index,0.1
RUN737,Cumulative Emissions since 1850,X1850_2024,0.4,Gross National Income per capita,GNI_pc,0.1,Transition Climate Risk (EIB),EIB_TR,0.1,UN Multilateral Engagement Score,UN_Index,0.4
RUN738,Cumulative Emissions since 1850,X1850_2024,0.4,Gross National Income per capita,GNI_pc,0.1,Transition Climate Risk (EIB),EIB_TR,0.2,UN Multilateral Engagement Score,UN_Index,0.3
RUN739,Cumulative Emissions since 1850,X1850_2024,0.4,Gross National Income per capita,GNI_pc,0.1,Transition Climate Risk (EIB),EIB_TR,0.3,UN Multilateral Engagement Score,UN_Index,0.2
RUN740,Cumulative Emissions since 1850,X1850_2024,0.4,Gross National Income per capita,GNI_pc,0.1,Transition Climate Risk (EIB),EIB_TR,0.4,UN Multilateral Engagement Score,UN_Index,0.1
RUN741,Cumulative Emissions since 1850,X1850_2024,0.4,Gross National Income per capita,GNI_pc,0.2,Transition Climate Risk (EIB),EIB_TR,0.1,UN Multilateral Engagement Score,UN_Index,0.3
RUN742,Cumulative Emissions since 1850,X1850_2024,0.4,Gross National Income per capita,GNI_pc,0.2,Transition Climate Risk (EIB),EIB_TR,0.2,UN Multilateral Engagement Score,UN_Index,0.2
RUN743,Cumulative Emissions since 1850,X1850_2024,0.4,Gross National Income per capita,GNI_pc,0.2,Transition Climate Risk (EIB),EIB_TR,0.3,UN Multilateral Engagement Score,UN_Index,0.1
RUN744,Cumulative Emissions since 1850,X1850_2024,0.4,Gross National Income per capita,GNI_pc,0.3,Transition Climate Risk (EIB),EIB_TR,0.1,UN Multilateral Engagement Score,UN_Index,0.2
RUN745,Cumulative Emissions since 1850,X1850_2024,0.4,Gross National Income per capita,GNI_pc,0.3,Transition Climate Risk (EIB),EIB_TR,0.2,UN Multilateral Engagement Score,UN_Index,0.1
RUN746,Cumulative Emissions since 1850,X1850_2024,0.4,Gross National Income per capita,GNI_pc,0.4,Transition Climate Risk (EIB),EIB_TR,0.1,UN Multilateral Engagement Score,UN_Index,0.1
RUN747,Cumulative Emissions since 1850,X1850_2024,0.5,Gross National Income per capita,GNI_pc,0.1,Transition Climate Risk (EIB),EIB_TR,0.1,UN Multilateral Engagement Score,UN_Index,0.3
RUN748,Cumulative Emissions since 1850,X1850_2024,0.5,Gross National Income per capita,GNI_pc,0.1,Transition Climate Risk (EIB),EIB_TR,0.2,UN Multilateral Engagement Score,UN_Index,0.2
RUN749,Cumulative Emissions since 1850,X1850_2024,0.5,Gross National Income per capita,GNI_pc,0.1,Transition Climate Risk (EIB),EIB_TR,0.3,UN Multilateral Engagement Score,UN_Index,0.1
RUN750,Cumulative Emissions since 1850,X1850_2024,0.5,Gross National Income per capita,GNI_pc,0.2,Transition Climate Risk (EIB),EIB_TR,0.1,UN Multilateral Engagement Score,UN_Index,0.2
RUN751,Cumulative Emissions since 1850,X1850_2024,0.5,Gross National Income per capita,GNI_pc,0.2,Transition Climate Risk (EIB),EIB_TR,0.2,UN Multilateral Engagement Score,UN_Index,0.1
RUN752,Cumulative Emissions since 1850,X1850_2024,0.5,Gross National Income per capita,GNI_pc,0.3,Transition Climate Risk (EIB),EIB_TR,0.1,UN Multilateral Engagement Score,UN_Index,0.1
RUN753,Cumulative Emissions since 1850,X1850_2024,0.6,Gross National Income per capita,GNI_pc,0.1,Transition Climate Risk (EIB),EIB_TR,0.1,UN Multilateral Engagement Score,UN_Index,0.2
RUN754,Cumulative Emissions since 1850,X1850_2024,0.6,Gross National Income per capita,GNI_pc,0.1,Transition Climate Risk (EIB),EIB_TR,0.2,UN Multilateral Engagement Score,UN_Index,0.1
RUN755,Cumulative Emissions since 1850,X1850_2024,0.6,Gross National Income per capita,GNI_pc,0.2,Transition Climate Risk (EIB),EIB_TR,0.1,UN Multilateral Engagement Score,UN_Index,0.1
RUN756,Cumulative Emissions since 1850,X1850_2024,0.7,Gross National Income per capita,GNI_pc,0.1,Transition Climate Risk (EIB),EIB_TR,0.1,UN Multilateral Engagement Score,UN_Index,0.1
RUN757,Cumulative Emissions since 1850,X1850_2024,0.1,Gross National Product per capita,GDP_pc,0.1,Climate Risk and Vulnerability Index,GAIN_CR,0.1,UN Multilateral Engagement Score,UN_Index,0.7
RUN758,Cumulative Emissions since 1850,X1850_2024,0.1,Gross National Product per capita,GDP_pc,0.1,Climate Risk and Vulnerability Index,GAIN_CR,0.2,UN Multilateral Engagement Score,UN_Index,0.6
RUN759,Cumulative Emissions since 1850,X1850_2024,0.1,Gross National Product per capita,GDP_pc,0.1,Climate Risk and Vulnerability Index,GAIN_CR,0.3,UN Multilateral Engagement Score,UN_Index,0.5
RUN760,Cumulative Emissions since 1850,X1850_2024,0.1,Gross National Product per capita,GDP_pc,0.1,Climate Risk and Vulnerability Index,GAIN_CR,0.4,UN Multilateral Engagement Score,UN_Index,0.4
RUN761,Cumulative Emissions since 1850,X1850_2024,0.1,Gross National Product per capita,GDP_pc,0.1,Climate Risk and Vulnerability Index,GAIN_CR,0.5,UN Multilateral Engagement Score,UN_Index,0.3
RUN762,Cumulative Emissions since 1850,X1850_2024,0.1,Gross National Product per capita,GDP_pc,0.1,Climate Risk and Vulnerability Index,GAIN_CR,0.6,UN Multilateral Engagement Score,UN_Index,0.2
RUN763,Cumulative Emissions since 1850,X1850_2024,0.1,Gross National Product per capita,GDP_pc,0.1,Climate Risk and Vulnerability Index,GAIN_CR,0.7,UN Multilateral Engagement Score,UN_Index,0.1
RUN764,Cumulative Emissions since 1850,X1850_2024,0.1,Gross National Product per capita,GDP_pc,0.2,Climate Risk and Vulnerability Index,GAIN_CR,0.1,UN Multilateral Engagement Score,UN_Index,0.6
RUN765,Cumulative Emissions since 1850,X1850_2024,0.1,Gross National Product per capita,GDP_pc,0.2,Climate Risk and Vulnerability Index,GAIN_CR,0.2,UN Multilateral Engagement Score,UN_Index,0.5
RUN766,Cumulative Emissions since 1850,X1850_2024,0.1,Gross National Product per capita,GDP_pc,0.2,Climate Risk and Vulnerability Index,GAIN_CR,0.3,UN Multilateral Engagement Score,UN_Index,0.4
RUN767,Cumulative Emissions since 1850,X1850_2024,0.1,Gross National Product per capita,GDP_pc,0.2,Climate Risk and Vulnerability Index,GAIN_CR,0.4,UN Multilateral Engagement Score,UN_Index,0.3
RUN768,Cumulative Emissions since 1850,X1850_2024,0.1,Gross National Product per capita,GDP_pc,0.2,Climate Risk and Vulnerability Index,GAIN_CR,0.5,UN Multilateral Engagement Score,UN_Index,0.2
RUN769,Cumulative Emissions since 1850,X1850_2024,0.1,Gross National Product per capita,GDP_pc,0.2,Climate Risk and Vulnerability Index,GAIN_CR,0.6,UN Multilateral Engagement Score,UN_Index,0.1
RUN770,Cumulative Emissions since 1850,X1850_2024,0.1,Gross National Product per capita,GDP_pc,0.3,Climate Risk and Vulnerability Index,GAIN_CR,0.1,UN Multilateral Engagement Score,UN_Index,0.5
RUN771,Cumulative Emissions since 1850,X1850_2024,0.1,Gross National Product per capita,GDP_pc,0.3,Climate Risk and Vulnerability Index,GAIN_CR,0.2,UN Multilateral Engagement Score,UN_Index,0.4
RUN772,Cumulative Emissions since 1850,X1850_2024,0.1,Gross National Product per capita,GDP_pc,0.3,Climate Risk and Vulnerability Index,GAIN_CR,0.3,UN Multilateral Engagement Score,UN_Index,0.3
RUN773,Cumulative Emissions since 1850,X1850_2024,0.1,Gross National Product per capita,GDP_pc,0.3,Climate Risk and Vulnerability Index,GAIN_CR,0.4,UN Multilateral Engagement Score,UN_Index,0.2
RUN774,Cumulative Emissions since 1850,X1850_2024,0.1,Gross National Product per capita,GDP_pc,0.3,Climate Risk and Vulnerability Index,GAIN_CR,0.5,UN Multilateral Engagement Score,UN_Index,0.1
RUN775,Cumulative Emissions since 1850,X1850_2024,0.1,Gross National Product per capita,GDP_pc,0.4,Climate Risk and Vulnerability Index,GAIN_CR,0.1,UN Multilateral Engagement Score,UN_Index,0.4
RUN776,Cumulative Emissions since 1850,X1850_2024,0.1,Gross National Product per capita,GDP_pc,0.4,Climate Risk and Vulnerability Index,GAIN_CR,0.2,UN Multilateral Engagement Score,UN_Index,0.3
RUN777,Cumulative Emissions since 1850,X1850_2024,0.1,Gross National Product per capita,GDP_pc,0.4,Climate Risk and Vulnerability Index,GAIN_CR,0.3,UN Multilateral Engagement Score,UN_Index,0.2
RUN778,Cumulative Emissions since 1850,X1850_2024,0.1,Gross National Product per capita,GDP_pc,0.4,Climate Risk and Vulnerability Index,GAIN_CR,0.4,UN Multilateral Engagement Score,UN_Index,0.1
RUN779,Cumulative Emissions since 1850,X1850_2024,0.1,Gross National Product per capita,GDP_pc,0.5,Climate Risk and Vulnerability Index,GAIN_CR,0.1,UN Multilateral Engagement Score,UN_Index,0.3
RUN780,Cumulative Emissions since 1850,X1850_2024,0.1,Gross National Product per capita,GDP_pc,0.5,Climate Risk and Vulnerability Index,GAIN_CR,0.2,UN Multilateral Engagement Score,UN_Index,0.2
RUN781,Cumulative Emissions since 1850,X1850_2024,0.1,Gross National Product per capita,GDP_pc,0.5,Climate Risk and Vulnerability Index,GAIN_CR,0.3,UN Multilateral Engagement Score,UN_Index,0.1
RUN782,Cumulative Emissions since 1850,X1850_2024,0.1,Gross National Product per capita,GDP_pc,0.6,Climate Risk and Vulnerability Index,GAIN_CR,0.1,UN Multilateral Engagement Score,UN_Index,0.2
RUN783,Cumulative Emissions since 1850,X1850_2024,0.1,Gross National Product per capita,GDP_pc,0.6,Climate Risk and Vulnerability Index,GAIN_CR,0.2,UN Multilateral Engagement Score,UN_Index,0.1
RUN784,Cumulative Emissions since 1850,X1850_2024,0.1,Gross National Product per capita,GDP_pc,0.7,Climate Risk and Vulnerability Index,GAIN_CR,0.1,UN Multilateral Engagement Score,UN_Index,0.1
RUN785,Cumulative Emissions since 1850,X1850_2024,0.2,Gross National Product per capita,GDP_pc,0.1,Climate Risk and Vulnerability Index,GAIN_CR,0.1,UN Multilateral Engagement Score,UN_Index,0.6
RUN786,Cumulative Emissions since 1850,X1850_2024,0.2,Gross National Product per capita,GDP_pc,0.1,Climate Risk and Vulnerability Index,GAIN_CR,0.2,UN Multilateral Engagement Score,UN_Index,0.5
RUN787,Cumulative Emissions since 1850,X1850_2024,0.2,Gross National Product per capita,GDP_pc,0.1,Climate Risk and Vulnerability Index,GAIN_CR,0.3,UN Multilateral Engagement Score,UN_Index,0.4
RUN788,Cumulative Emissions since 1850,X1850_2024,0.2,Gross National Product per capita,GDP_pc,0.1,Climate Risk and Vulnerability Index,GAIN_CR,0.4,UN Multilateral Engagement Score,UN_Index,0.3
RUN789,Cumulative Emissions since 1850,X1850_2024,0.2,Gross National Product per capita,GDP_pc,0.1,Climate Risk and Vulnerability Index,GAIN_CR,0.5,UN Multilateral Engagement Score,UN_Index,0.2
RUN790,Cumulative Emissions since 1850,X1850_2024,0.2,Gross National Product per capita,GDP_pc,0.1,Climate Risk and Vulnerability Index,GAIN_CR,0.6,UN Multilateral Engagement Score,UN_Index,0.1
RUN791,Cumulative Emissions since 1850,X1850_2024,0.2,Gross National Product per capita,GDP_pc,0.2,Climate Risk and Vulnerability Index,GAIN_CR,0.1,UN Multilateral Engagement Score,UN_Index,0.5
RUN792,Cumulative Emissions since 1850,X1850_2024,0.2,Gross National Product per capita,GDP_pc,0.2,Climate Risk and Vulnerability Index,GAIN_CR,0.2,UN Multilateral Engagement Score,UN_Index,0.4
RUN793,Cumulative Emissions since 1850,X1850_2024,0.2,Gross National Product per capita,GDP_pc,0.2,Climate Risk and Vulnerability Index,GAIN_CR,0.3,UN Multilateral Engagement Score,UN_Index,0.3
RUN794,Cumulative Emissions since 1850,X1850_2024,0.2,Gross National Product per capita,GDP_pc,0.2,Climate Risk and Vulnerability Index,GAIN_CR,0.4,UN Multilateral Engagement Score,UN_Index,0.2
RUN795,Cumulative Emissions since 1850,X1850_2024,0.2,Gross National Product per capita,GDP_pc,0.2,Climate Risk and Vulnerability Index,GAIN_CR,0.5,UN Multilateral Engagement Score,UN_Index,0.1
RUN796,Cumulative Emissions since 1850,X1850_2024,0.2,Gross National Product per capita,GDP_pc,0.3,Climate Risk and Vulnerability Index,GAIN_CR,0.1,UN Multilateral Engagement Score,UN_Index,0.4
RUN797,Cumulative Emissions since 1850,X1850_2024,0.2,Gross National Product per capita,GDP_pc,0.3,Climate Risk and Vulnerability Index,GAIN_CR,0.2,UN Multilateral Engagement Score,UN_Index,0.3
RUN798,Cumulative Emissions since 1850,X1850_2024,0.2,Gross National Product per capita,GDP_pc,0.3,Climate Risk and Vulnerability Index,GAIN_CR,0.3,UN Multilateral Engagement Score,UN_Index,0.2
RUN799,Cumulative Emissions since 1850,X1850_2024,0.2,Gross National Product per capita,GDP_pc,0.3,Climate Risk and Vulnerability Index,GAIN_CR,0.4,UN Multilateral Engagement Score,UN_Index,0.1
RUN800,Cumulative Emissions since 1850,X1850_2024,0.2,Gross National Product per capita,GDP_pc,0.4,Climate Risk and Vulnerability Index,GAIN_CR,0.1,UN Multilateral Engagement Score,UN_Index,0.3
RUN801,Cumulative Emissions since 1850,X1850_2024,0.2,Gross National Product per capita,GDP_pc,0.4,Climate Risk and Vulnerability Index,GAIN_CR,0.2,UN Multilateral Engagement Score,UN_Index,0.2
RUN802,Cumulative Emissions since 1850,X1850_2024,0.2,Gross National Product per capita,GDP_pc,0.4,Climate Risk and Vulnerability Index,GAIN_CR,0.3,UN Multilateral Engagement Score,UN_Index,0.1
RUN803,Cumulative Emissions since 1850,X1850_2024,0.2,Gross National Product per capita,GDP_pc,0.5,Climate Risk and Vulnerability Index,GAIN_CR,0.1,UN Multilateral Engagement Score,UN_Index,0.2
RUN804,Cumulative Emissions since 1850,X1850_2024,0.2,Gross National Product per capita,GDP_pc,0.5,Climate Risk and Vulnerability Index,GAIN_CR,0.2,UN Multilateral Engagement Score,UN_Index,0.1
RUN805,Cumulative Emissions since 1850,X1850_2024,0.2,Gross National Product per capita,GDP_pc,0.6,Climate Risk and Vulnerability Index,GAIN_CR,0.1,UN Multilateral Engagement Score,UN_Index,0.1
RUN806,Cumulative Emissions since 1850,X1850_2024,0.3,Gross National Product per capita,GDP_pc,0.1,Climate Risk and Vulnerability Index,GAIN_CR,0.1,UN Multilateral Engagement Score,UN_Index,0.5
RUN807,Cumulative Emissions since 1850,X1850_2024,0.3,Gross National Product per capita,GDP_pc,0.1,Climate Risk and Vulnerability Index,GAIN_CR,0.2,UN Multilateral Engagement Score,UN_Index,0.4
RUN808,Cumulative Emissions since 1850,X1850_2024,0.3,Gross National Product per capita,GDP_pc,0.1,Climate Risk and Vulnerability Index,GAIN_CR,0.3,UN Multilateral Engagement Score,UN_Index,0.3
RUN809,Cumulative Emissions since 1850,X1850_2024,0.3,Gross National Product per capita,GDP_pc,0.1,Climate Risk and Vulnerability Index,GAIN_CR,0.4,UN Multilateral Engagement Score,UN_Index,0.2
RUN810,Cumulative Emissions since 1850,X1850_2024,0.3,Gross National Product per capita,GDP_pc,0.1,Climate Risk and Vulnerability Index,GAIN_CR,0.5,UN Multilateral Engagement Score,UN_Index,0.1
RUN811,Cumulative Emissions since 1850,X1850_2024,0.3,Gross National Product per capita,GDP_pc,0.2,Climate Risk and Vulnerability Index,GAIN_CR,0.1,UN Multilateral Engagement Score,UN_Index,0.4
RUN812,Cumulative Emissions since 1850,X1850_2024,0.3,Gross National Product per capita,GDP_pc,0.2,Climate Risk and Vulnerability Index,GAIN_CR,0.2,UN Multilateral Engagement Score,UN_Index,0.3
RUN813,Cumulative Emissions since 1850,X1850_2024,0.3,Gross National Product per capita,GDP_pc,0.2,Climate Risk and Vulnerability Index,GAIN_CR,0.3,UN Multilateral Engagement Score,UN_Index,0.2
RUN814,Cumulative Emissions since 1850,X1850_2024,0.3,Gross National Product per capita,GDP_pc,0.2,Climate Risk and Vulnerability Index,GAIN_CR,0.4,UN Multilateral Engagement Score,UN_Index,0.1
RUN815,Cumulative Emissions since 1850,X1850_2024,0.3,Gross National Product per capita,GDP_pc,0.3,Climate Risk and Vulnerability Index,GAIN_CR,0.1,UN Multilateral Engagement Score,UN_Index,0.3
RUN816,Cumulative Emissions since 1850,X1850_2024,0.3,Gross National Product per capita,GDP_pc,0.3,Climate Risk and Vulnerability Index,GAIN_CR,0.2,UN Multilateral Engagement Score,UN_Index,0.2
RUN817,Cumulative Emissions since 1850,X1850_2024,0.3,Gross National Product per capita,GDP_pc,0.3,Climate Risk and Vulnerability Index,GAIN_CR,0.3,UN Multilateral Engagement Score,UN_Index,0.1
RUN818,Cumulative Emissions since 1850,X1850_2024,0.3,Gross National Product per capita,GDP_pc,0.4,Climate Risk and Vulnerability Index,GAIN_CR,0.1,UN Multilateral Engagement Score,UN_Index,0.2
RUN819,Cumulative Emissions since 1850,X1850_2024,0.3,Gross National Product per capita,GDP_pc,0.4,Climate Risk and Vulnerability Index,GAIN_CR,0.2,UN Multilateral Engagement Score,UN_Index,0.1
RUN820,Cumulative Emissions since 1850,X1850_2024,0.3,Gross National Product per capita,GDP_pc,0.5,Climate Risk and Vulnerability Index,GAIN_CR,0.1,UN Multilateral Engagement Score,UN_Index,0.1
RUN821,Cumulative Emissions since 1850,X1850_2024,0.4,Gross National Product per capita,GDP_pc,0.1,Climate Risk and Vulnerability Index,GAIN_CR,0.1,UN Multilateral Engagement Score,UN_Index,0.4
RUN822,Cumulative Emissions since 1850,X1850_2024,0.4,Gross National Product per capita,GDP_pc,0.1,Climate Risk and Vulnerability Index,GAIN_CR,0.2,UN Multilateral Engagement Score,UN_Index,0.3
RUN823,Cumulative Emissions since 1850,X1850_2024,0.4,Gross National Product per capita,GDP_pc,0.1,Climate Risk and Vulnerability Index,GAIN_CR,0.3,UN Multilateral Engagement Score,UN_Index,0.2
RUN824,Cumulative Emissions since 1850,X1850_2024,0.4,Gross National Product per capita,GDP_pc,0.1,Climate Risk and Vulnerability Index,GAIN_CR,0.4,UN Multilateral Engagement Score,UN_Index,0.1
RUN825,Cumulative Emissions since 1850,X1850_2024,0.4,Gross National Product per capita,GDP_pc,0.2,Climate Risk and Vulnerability Index,GAIN_CR,0.1,UN Multilateral Engagement Score,UN_Index,0.3
RUN826,Cumulative Emissions since 1850,X1850_2024,0.4,Gross National Product per capita,GDP_pc,0.2,Climate Risk and Vulnerability Index,GAIN_CR,0.2,UN Multilateral Engagement Score,UN_Index,0.2
RUN827,Cumulative Emissions since 1850,X1850_2024,0.4,Gross National Product per capita,GDP_pc,0.2,Climate Risk and Vulnerability Index,GAIN_CR,0.3,UN Multilateral Engagement Score,UN_Index,0.1
RUN828,Cumulative Emissions since 1850,X1850_2024,0.4,Gross National Product per capita,GDP_pc,0.3,Climate Risk and Vulnerability Index,GAIN_CR,0.1,UN Multilateral Engagement Score,UN_Index,0.2
RUN829,Cumulative Emissions since 1850,X1850_2024,0.4,Gross National Product per capita,GDP_pc,0.3,Climate Risk and Vulnerability Index,GAIN_CR,0.2,UN Multilateral Engagement Score,UN_Index,0.1
RUN830,Cumulative Emissions since 1850,X1850_2024,0.4,Gross National Product per capita,GDP_pc,0.4,Climate Risk and Vulnerability Index,GAIN_CR,0.1,UN Multilateral Engagement Score,UN_Index,0.1
RUN831,Cumulative Emissions since 1850,X1850_2024,0.5,Gross National Product per capita,GDP_pc,0.1,Climate Risk and Vulnerability Index,GAIN_CR,0.1,UN Multilateral Engagement Score,UN_Index,0.3
RUN832,Cumulative Emissions since 1850,X1850_2024,0.5,Gross National Product per capita,GDP_pc,0.1,Climate Risk and Vulnerability Index,GAIN_CR,0.2,UN Multilateral Engagement Score,UN_Index,0.2
RUN833,Cumulative Emissions since 1850,X1850_2024,0.5,Gross National Product per capita,GDP_pc,0.1,Climate Risk and Vulnerability Index,GAIN_CR,0.3,UN Multilateral Engagement Score,UN_Index,0.1
RUN834,Cumulative Emissions since 1850,X1850_2024,0.5,Gross National Product per capita,GDP_pc,0.2,Climate Risk and Vulnerability Index,GAIN_CR,0.1,UN Multilateral Engagement Score,UN_Index,0.2
RUN835,Cumulative Emissions since 1850,X1850_2024,0.5,Gross National Product per capita,GDP_pc,0.2,Climate Risk and Vulnerability Index,GAIN_CR,0.2,UN Multilateral Engagement Score,UN_Index,0.1
RUN836,Cumulative Emissions since 1850,X1850_2024,0.5,Gross National Product per capita,GDP_pc,0.3,Climate Risk and Vulnerability Index,GAIN_CR,0.1,UN Multilateral Engagement Score,UN_Index,0.1
RUN837,Cumulative Emissions since 1850,X1850_2024,0.6,Gross National Product per capita,GDP_pc,0.1,Climate Risk and Vulnerability Index,GAIN_CR,0.1,UN Multilateral Engagement Score,UN_Index,0.2
RUN838,Cumulative Emissions since 1850,X1850_2024,0.6,Gross National Product per capita,GDP_pc,0.1,Climate Risk and Vulnerability Index,GAIN_CR,0.2,UN Multilateral Engagement Score,UN_Index,0.1
RUN839,Cumulative Emissions since 1850,X1850_2024,0.6,Gross National Product per capita,GDP_pc,0.2,Climate Risk and Vulnerability Index,GAIN_CR,0.1,UN Multilateral Engagement Score,UN_Index,0.1
RUN840,Cumulative Emissions since 1850,X1850_2024,0.7,Gross National Product per capita,GDP_pc,0.1,Climate Risk and Vulnerability Index,GAIN_CR,0.1,UN Multilateral Engagement Score,UN_Index,0.1
RUN841,Cumulative Emissions since 1850,X1850_2024,0.1,Gross National Product per capita,GDP_pc,0.1,Physical Climate Risk (EIB),EIB_PR,0.1,UN Multilateral Engagement Score,UN_Index,0.7
RUN842,Cumulative Emissions since 1850,X1850_2024,0.1,Gross National Product per capita,GDP_pc,0.1,Physical Climate Risk (EIB),EIB_PR,0.2,UN Multilateral Engagement Score,UN_Index,0.6
RUN843,Cumulative Emissions since 1850,X1850_2024,0.1,Gross National Product per capita,GDP_pc,0.1,Physical Climate Risk (EIB),EIB_PR,0.3,UN Multilateral Engagement Score,UN_Index,0.5
RUN844,Cumulative Emissions since 1850,X1850_2024,0.1,Gross National Product per capita,GDP_pc,0.1,Physical Climate Risk (EIB),EIB_PR,0.4,UN Multilateral Engagement Score,UN_Index,0.4
RUN845,Cumulative Emissions since 1850,X1850_2024,0.1,Gross National Product per capita,GDP_pc,0.1,Physical Climate Risk (EIB),EIB_PR,0.5,UN Multilateral Engagement Score,UN_Index,0.3
RUN846,Cumulative Emissions since 1850,X1850_2024,0.1,Gross National Product per capita,GDP_pc,0.1,Physical Climate Risk (EIB),EIB_PR,0.6,UN Multilateral Engagement Score,UN_Index,0.2
RUN847,Cumulative Emissions since 1850,X1850_2024,0.1,Gross National Product per capita,GDP_pc,0.1,Physical Climate Risk (EIB),EIB_PR,0.7,UN Multilateral Engagement Score,UN_Index,0.1
RUN848,Cumulative Emissions since 1850,X1850_2024,0.1,Gross National Product per capita,GDP_pc,0.2,Physical Climate Risk (EIB),EIB_PR,0.1,UN Multilateral Engagement Score,UN_Index,0.6
RUN849,Cumulative Emissions since 1850,X1850_2024,0.1,Gross National Product per capita,GDP_pc,0.2,Physical Climate Risk (EIB),EIB_PR,0.2,UN Multilateral Engagement Score,UN_Index,0.5
RUN850,Cumulative Emissions since 1850,X1850_2024,0.1,Gross National Product per capita,GDP_pc,0.2,Physical Climate Risk (EIB),EIB_PR,0.3,UN Multilateral Engagement Score,UN_Index,0.4
RUN851,Cumulative Emissions since 1850,X1850_2024,0.1,Gross National Product per capita,GDP_pc,0.2,Physical Climate Risk (EIB),EIB_PR,0.4,UN Multilateral Engagement Score,UN_Index,0.3
RUN852,Cumulative Emissions since 1850,X1850_2024,0.1,Gross National Product per capita,GDP_pc,0.2,Physical Climate Risk (EIB),EIB_PR,0.5,UN Multilateral Engagement Score,UN_Index,0.2
RUN853,Cumulative Emissions since 1850,X1850_2024,0.1,Gross National Product per capita,GDP_pc,0.2,Physical Climate Risk (EIB),EIB_PR,0.6,UN Multilateral Engagement Score,UN_Index,0.1
RUN854,Cumulative Emissions since 1850,X1850_2024,0.1,Gross National Product per capita,GDP_pc,0.3,Physical Climate Risk (EIB),EIB_PR,0.1,UN Multilateral Engagement Score,UN_Index,0.5
RUN855,Cumulative Emissions since 1850,X1850_2024,0.1,Gross National Product per capita,GDP_pc,0.3,Physical Climate Risk (EIB),EIB_PR,0.2,UN Multilateral Engagement Score,UN_Index,0.4
RUN856,Cumulative Emissions since 1850,X1850_2024,0.1,Gross National Product per capita,GDP_pc,0.3,Physical Climate Risk (EIB),EIB_PR,0.3,UN Multilateral Engagement Score,UN_Index,0.3
RUN857,Cumulative Emissions since 1850,X1850_2024,0.1,Gross National Product per capita,GDP_pc,0.3,Physical Climate Risk (EIB),EIB_PR,0.4,UN Multilateral Engagement Score,UN_Index,0.2
RUN858,Cumulative Emissions since 1850,X1850_2024,0.1,Gross National Product per capita,GDP_pc,0.3,Physical Climate Risk (EIB),EIB_PR,0.5,UN Multilateral Engagement Score,UN_Index,0.1
RUN859,Cumulative Emissions since 1850,X1850_2024,0.1,Gross National Product per capita,GDP_pc,0.4,Physical Climate Risk (EIB),EIB_PR,0.1,UN Multilateral Engagement Score,UN_Index,0.4
RUN860,Cumulative Emissions since 1850,X1850_2024,0.1,Gross National Product per capita,GDP_pc,0.4,Physical Climate Risk (EIB),EIB_PR,0.2,UN Multilateral Engagement Score,UN_Index,0.3
RUN861,Cumulative Emissions since 1850,X1850_2024,0.1,Gross National Product per capita,GDP_pc,0.4,Physical Climate Risk (EIB),EIB_PR,0.3,UN Multilateral Engagement Score,UN_Index,0.2
RUN862,Cumulative Emissions since 1850,X1850_2024,0.1,Gross National Product per capita,GDP_pc,0.4,Physical Climate Risk (EIB),EIB_PR,0.4,UN Multilateral Engagement Score,UN_Index,0.1
RUN863,Cumulative Emissions since 1850,X1850_2024,0.1,Gross National Product per capita,GDP_pc,0.5,Physical Climate Risk (EIB),EIB_PR,0.1,UN Multilateral Engagement Score,UN_Index,0.3
RUN864,Cumulative Emissions since 1850,X1850_2024,0.1,Gross National Product per capita,GDP_pc,0.5,Physical Climate Risk (EIB),EIB_PR,0.2,UN Multilateral Engagement Score,UN_Index,0.2
RUN865,Cumulative Emissions since 1850,X1850_2024,0.1,Gross National Product per capita,GDP_pc,0.5,Physical Climate Risk (EIB),EIB_PR,0.3,UN Multilateral Engagement Score,UN_Index,0.1
RUN866,Cumulative Emissions since 1850,X1850_2024,0.1,Gross National Product per capita,GDP_pc,0.6,Physical Climate Risk (EIB),EIB_PR,0.1,UN Multilateral Engagement Score,UN_Index,0.2
RUN867,Cumulative Emissions since 1850,X1850_2024,0.1,Gross National Product per capita,GDP_pc,0.6,Physical Climate Risk (EIB),EIB_PR,0.2,UN Multilateral Engagement Score,UN_Index,0.1
RUN868,Cumulative Emissions since 1850,X1850_2024,0.1,Gross National Product per capita,GDP_pc,0.7,Physical Climate Risk (EIB),EIB_PR,0.1,UN Multilateral Engagement Score,UN_Index,0.1
RUN869,Cumulative Emissions since 1850,X1850_2024,0.2,Gross National Product per capita,GDP_pc,0.1,Physical Climate Risk (EIB),EIB_PR,0.1,UN Multilateral Engagement Score,UN_Index,0.6
RUN870,Cumulative Emissions since 1850,X1850_2024,0.2,Gross National Product per capita,GDP_pc,0.1,Physical Climate Risk (EIB),EIB_PR,0.2,UN Multilateral Engagement Score,UN_Index,0.5
RUN871,Cumulative Emissions since 1850,X1850_2024,0.2,Gross National Product per capita,GDP_pc,0.1,Physical Climate Risk (EIB),EIB_PR,0.3,UN Multilateral Engagement Score,UN_Index,0.4
RUN872,Cumulative Emissions since 1850,X1850_2024,0.2,Gross National Product per capita,GDP_pc,0.1,Physical Climate Risk (EIB),EIB_PR,0.4,UN Multilateral Engagement Score,UN_Index,0.3
RUN873,Cumulative Emissions since 1850,X1850_2024,0.2,Gross National Product per capita,GDP_pc,0.1,Physical Climate Risk (EIB),EIB_PR,0.5,UN Multilateral Engagement Score,UN_Index,0.2
RUN874,Cumulative Emissions since 1850,X1850_2024,0.2,Gross National Product per capita,GDP_pc,0.1,Physical Climate Risk (EIB),EIB_PR,0.6,UN Multilateral Engagement Score,UN_Index,0.1
RUN875,Cumulative Emissions since 1850,X1850_2024,0.2,Gross National Product per capita,GDP_pc,0.2,Physical Climate Risk (EIB),EIB_PR,0.1,UN Multilateral Engagement Score,UN_Index,0.5
RUN876,Cumulative Emissions since 1850,X1850_2024,0.2,Gross National Product per capita,GDP_pc,0.2,Physical Climate Risk (EIB),EIB_PR,0.2,UN Multilateral Engagement Score,UN_Index,0.4
RUN877,Cumulative Emissions since 1850,X1850_2024,0.2,Gross National Product per capita,GDP_pc,0.2,Physical Climate Risk (EIB),EIB_PR,0.3,UN Multilateral Engagement Score,UN_Index,0.3
RUN878,Cumulative Emissions since 1850,X1850_2024,0.2,Gross National Product per capita,GDP_pc,0.2,Physical Climate Risk (EIB),EIB_PR,0.4,UN Multilateral Engagement Score,UN_Index,0.2
RUN879,Cumulative Emissions since 1850,X1850_2024,0.2,Gross National Product per capita,GDP_pc,0.2,Physical Climate Risk (EIB),EIB_PR,0.5,UN Multilateral Engagement Score,UN_Index,0.1
RUN880,Cumulative Emissions since 1850,X1850_2024,0.2,Gross National Product per capita,GDP_pc,0.3,Physical Climate Risk (EIB),EIB_PR,0.1,UN Multilateral Engagement Score,UN_Index,0.4
RUN881,Cumulative Emissions since 1850,X1850_2024,0.2,Gross National Product per capita,GDP_pc,0.3,Physical Climate Risk (EIB),EIB_PR,0.2,UN Multilateral Engagement Score,UN_Index,0.3
RUN882,Cumulative Emissions since 1850,X1850_2024,0.2,Gross National Product per capita,GDP_pc,0.3,Physical Climate Risk (EIB),EIB_PR,0.3,UN Multilateral Engagement Score,UN_Index,0.2
RUN883,Cumulative Emissions since 1850,X1850_2024,0.2,Gross National Product per capita,GDP_pc,0.3,Physical Climate Risk (EIB),EIB_PR,0.4,UN Multilateral Engagement Score,UN_Index,0.1
RUN884,Cumulative Emissions since 1850,X1850_2024,0.2,Gross National Product per capita,GDP_pc,0.4,Physical Climate Risk (EIB),EIB_PR,0.1,UN Multilateral Engagement Score,UN_Index,0.3
RUN885,Cumulative Emissions since 1850,X1850_2024,0.2,Gross National Product per capita,GDP_pc,0.4,Physical Climate Risk (EIB),EIB_PR,0.2,UN Multilateral Engagement Score,UN_Index,0.2
RUN886,Cumulative Emissions since 1850,X1850_2024,0.2,Gross National Product per capita,GDP_pc,0.4,Physical Climate Risk (EIB),EIB_PR,0.3,UN Multilateral Engagement Score,UN_Index,0.1
RUN887,Cumulative Emissions since 1850,X1850_2024,0.2,Gross National Product per capita,GDP_pc,0.5,Physical Climate Risk (EIB),EIB_PR,0.1,UN Multilateral Engagement Score,UN_Index,0.2
RUN888,Cumulative Emissions since 1850,X1850_2024,0.2,Gross National Product per capita,GDP_pc,0.5,Physical Climate Risk (EIB),EIB_PR,0.2,UN Multilateral Engagement Score,UN_Index,0.1
RUN889,Cumulative Emissions since 1850,X1850_2024,0.2,Gross National Product per capita,GDP_pc,0.6,Physical Climate Risk (EIB),EIB_PR,0.1,UN Multilateral Engagement Score,UN_Index,0.1
RUN890,Cumulative Emissions since 1850,X1850_2024,0.3,Gross National Product per capita,GDP_pc,0.1,Physical Climate Risk (EIB),EIB_PR,0.1,UN Multilateral Engagement Score,UN_Index,0.5
RUN891,Cumulative Emissions since 1850,X1850_2024,0.3,Gross National Product per capita,GDP_pc,0.1,Physical Climate Risk (EIB),EIB_PR,0.2,UN Multilateral Engagement Score,UN_Index,0.4
RUN892,Cumulative Emissions since 1850,X1850_2024,0.3,Gross National Product per capita,GDP_pc,0.1,Physical Climate Risk (EIB),EIB_PR,0.3,UN Multilateral Engagement Score,UN_Index,0.3
RUN893,Cumulative Emissions since 1850,X1850_2024,0.3,Gross National Product per capita,GDP_pc,0.1,Physical Climate Risk (EIB),EIB_PR,0.4,UN Multilateral Engagement Score,UN_Index,0.2
RUN894,Cumulative Emissions since 1850,X1850_2024,0.3,Gross National Product per capita,GDP_pc,0.1,Physical Climate Risk (EIB),EIB_PR,0.5,UN Multilateral Engagement Score,UN_Index,0.1
RUN895,Cumulative Emissions since 1850,X1850_2024,0.3,Gross National Product per capita,GDP_pc,0.2,Physical Climate Risk (EIB),EIB_PR,0.1,UN Multilateral Engagement Score,UN_Index,0.4
RUN896,Cumulative Emissions since 1850,X1850_2024,0.3,Gross National Product per capita,GDP_pc,0.2,Physical Climate Risk (EIB),EIB_PR,0.2,UN Multilateral Engagement Score,UN_Index,0.3
RUN897,Cumulative Emissions since 1850,X1850_2024,0.3,Gross National Product per capita,GDP_pc,0.2,Physical Climate Risk (EIB),EIB_PR,0.3,UN Multilateral Engagement Score,UN_Index,0.2
RUN898,Cumulative Emissions since 1850,X1850_2024,0.3,Gross National Product per capita,GDP_pc,0.2,Physical Climate Risk (EIB),EIB_PR,0.4,UN Multilateral Engagement Score,UN_Index,0.1
RUN899,Cumulative Emissions since 1850,X1850_2024,0.3,Gross National Product per capita,GDP_pc,0.3,Physical Climate Risk (EIB),EIB_PR,0.1,UN Multilateral Engagement Score,UN_Index,0.3
RUN900,Cumulative Emissions since 1850,X1850_2024,0.3,Gross National Product per capita,GDP_pc,0.3,Physical Climate Risk (EIB),EIB_PR,0.2,UN Multilateral Engagement Score,UN_Index,0.2
RUN901,Cumulative Emissions since 1850,X1850_2024,0.3,Gross National Product per capita,GDP_pc,0.3,Physical Climate Risk (EIB),EIB_PR,0.3,UN Multilateral Engagement Score,UN_Index,0.1
RUN902,Cumulative Emissions since 1850,X1850_2024,0.3,Gross National Product per capita,GDP_pc,0.4,Physical Climate Risk (EIB),EIB_PR,0.1,UN Multilateral Engagement Score,UN_Index,0.2
RUN903,Cumulative Emissions since 1850,X1850_2024,0.3,Gross National Product per capita,GDP_pc,0.4,Physical Climate Risk (EIB),EIB_PR,0.2,UN Multilateral Engagement Score,UN_Index,0.1
RUN904,Cumulative Emissions since 1850,X1850_2024,0.3,Gross National Product per capita,GDP_pc,0.5,Physical Climate Risk (EIB),EIB_PR,0.1,UN Multilateral Engagement Score,UN_Index,0.1
RUN905,Cumulative Emissions since 1850,X1850_2024,0.4,Gross National Product per capita,GDP_pc,0.1,Physical Climate Risk (EIB),EIB_PR,0.1,UN Multilateral Engagement Score,UN_Index,0.4
RUN906,Cumulative Emissions since 1850,X1850_2024,0.4,Gross National Product per capita,GDP_pc,0.1,Physical Climate Risk (EIB),EIB_PR,0.2,UN Multilateral Engagement Score,UN_Index,0.3
RUN907,Cumulative Emissions since 1850,X1850_2024,0.4,Gross National Product per capita,GDP_pc,0.1,Physical Climate Risk (EIB),EIB_PR,0.3,UN Multilateral Engagement Score,UN_Index,0.2
RUN908,Cumulative Emissions since 1850,X1850_2024,0.4,Gross National Product per capita,GDP_pc,0.1,Physical Climate Risk (EIB),EIB_PR,0.4,UN Multilateral Engagement Score,UN_Index,0.1
RUN909,Cumulative Emissions since 1850,X1850_2024,0.4,Gross National Product per capita,GDP_pc,0.2,Physical Climate Risk (EIB),EIB_PR,0.1,UN Multilateral Engagement Score,UN_Index,0.3
RUN910,Cumulative Emissions since 1850,X1850_2024,0.4,Gross National Product per capita,GDP_pc,0.2,Physical Climate Risk (EIB),EIB_PR,0.2,UN Multilateral Engagement Score,UN_Index,0.2
RUN911,Cumulative Emissions since 1850,X1850_2024,0.4,Gross National Product per capita,GDP_pc,0.2,Physical Climate Risk (EIB),EIB_PR,0.3,UN Multilateral Engagement Score,UN_Index,0.1
RUN912,Cumulative Emissions since 1850,X1850_2024,0.4,Gross National Product per capita,GDP_pc,0.3,Physical Climate Risk (EIB),EIB_PR,0.1,UN Multilateral Engagement Score,UN_Index,0.2
RUN913,Cumulative Emissions since 1850,X1850_2024,0.4,Gross National Product per capita,GDP_pc,0.3,Physical Climate Risk (EIB),EIB_PR,0.2,UN Multilateral Engagement Score,UN_Index,0.1
RUN914,Cumulative Emissions since 1850,X1850_2024,0.4,Gross National Product per capita,GDP_pc,0.4,Physical Climate Risk (EIB),EIB_PR,0.1,UN Multilateral Engagement Score,UN_Index,0.1
RUN915,Cumulative Emissions since 1850,X1850_2024,0.5,Gross National Product per capita,GDP_pc,0.1,Physical Climate Risk (EIB),EIB_PR,0.1,UN Multilateral Engagement Score,UN_Index,0.3
RUN916,Cumulative Emissions since 1850,X1850_2024,0.5,Gross National Product per capita,GDP_pc,0.1,Physical Climate Risk (EIB),EIB_PR,0.2,UN Multilateral Engagement Score,UN_Index,0.2
RUN917,Cumulative Emissions since 1850,X1850_2024,0.5,Gross National Product per capita,GDP_pc,0.1,Physical Climate Risk (EIB),EIB_PR,0.3,UN Multilateral Engagement Score,UN_Index,0.1
RUN918,Cumulative Emissions since 1850,X1850_2024,0.5,Gross National Product per capita,GDP_pc,0.2,Physical Climate Risk (EIB),EIB_PR,0.1,UN Multilateral Engagement Score,UN_Index,0.2
RUN919,Cumulative Emissions since 1850,X1850_2024,0.5,Gross National Product per capita,GDP_pc,0.2,Physical Climate Risk (EIB),EIB_PR,0.2,UN Multilateral Engagement Score,UN_Index,0.1
RUN920,Cumulative Emissions since 1850,X1850_2024,0.5,Gross National Product per capita,GDP_pc,0.3,Physical Climate Risk (EIB),EIB_PR,0.1,UN Multilateral Engagement Score,UN_Index,0.1
RUN921,Cumulative Emissions since 1850,X1850_2024,0.6,Gross National Product per capita,GDP_pc,0.1,Physical Climate Risk (EIB),EIB_PR,0.1,UN Multilateral Engagement Score,UN_Index,0.2
RUN922,Cumulative Emissions since 1850,X1850_2024,0.6,Gross National Product per capita,GDP_pc,0.1,Physical Climate Risk (EIB),EIB_PR,0.2,UN Multilateral Engagement Score,UN_Index,0.1
RUN923,Cumulative Emissions since 1850,X1850_2024,0.6,Gross National Product per capita,GDP_pc,0.2,Physical Climate Risk (EIB),EIB_PR,0.1,UN Multilateral Engagement Score,UN_Index,0.1
RUN924,Cumulative Emissions since 1850,X1850_2024,0.7,Gross National Product per capita,GDP_pc,0.1,Physical Climate Risk (EIB),EIB_PR,0.1,UN Multilateral Engagement Score,UN_Index,0.1
RUN925,Cumulative Emissions since 1850,X1850_2024,0.1,Gross National Product per capita,GDP_pc,0.1,Transition Climate Risk (EIB),EIB_TR,0.1,UN Multilateral Engagement Score,UN_Index,0.7
RUN926,Cumulative Emissions since 1850,X1850_2024,0.1,Gross National Product per capita,GDP_pc,0.1,Transition Climate Risk (EIB),EIB_TR,0.2,UN Multilateral Engagement Score,UN_Index,0.6
RUN927,Cumulative Emissions since 1850,X1850_2024,0.1,Gross National Product per capita,GDP_pc,0.1,Transition Climate Risk (EIB),EIB_TR,0.3,UN Multilateral Engagement Score,UN_Index,0.5
RUN928,Cumulative Emissions since 1850,X1850_2024,0.1,Gross National Product per capita,GDP_pc,0.1,Transition Climate Risk (EIB),EIB_TR,0.4,UN Multilateral Engagement Score,UN_Index,0.4
RUN929,Cumulative Emissions since 1850,X1850_2024,0.1,Gross National Product per capita,GDP_pc,0.1,Transition Climate Risk (EIB),EIB_TR,0.5,UN Multilateral Engagement Score,UN_Index,0.3
RUN930,Cumulative Emissions since 1850,X1850_2024,0.1,Gross National Product per capita,GDP_pc,0.1,Transition Climate Risk (EIB),EIB_TR,0.6,UN Multilateral Engagement Score,UN_Index,0.2
RUN931,Cumulative Emissions since 1850,X1850_2024,0.1,Gross National Product per capita,GDP_pc,0.1,Transition Climate Risk (EIB),EIB_TR,0.7,UN Multilateral Engagement Score,UN_Index,0.1
RUN932,Cumulative Emissions since 1850,X1850_2024,0.1,Gross National Product per capita,GDP_pc,0.2,Transition Climate Risk (EIB),EIB_TR,0.1,UN Multilateral Engagement Score,UN_Index,0.6
RUN933,Cumulative Emissions since 1850,X1850_2024,0.1,Gross National Product per capita,GDP_pc,0.2,Transition Climate Risk (EIB),EIB_TR,0.2,UN Multilateral Engagement Score,UN_Index,0.5
RUN934,Cumulative Emissions since 1850,X1850_2024,0.1,Gross National Product per capita,GDP_pc,0.2,Transition Climate Risk (EIB),EIB_TR,0.3,UN Multilateral Engagement Score,UN_Index,0.4
RUN935,Cumulative Emissions since 1850,X1850_2024,0.1,Gross National Product per capita,GDP_pc,0.2,Transition Climate Risk (EIB),EIB_TR,0.4,UN Multilateral Engagement Score,UN_Index,0.3
RUN936,Cumulative Emissions since 1850,X1850_2024,0.1,Gross National Product per capita,GDP_pc,0.2,Transition Climate Risk (EIB),EIB_TR,0.5,UN Multilateral Engagement Score,UN_Index,0.2
RUN937,Cumulative Emissions since 1850,X1850_2024,0.1,Gross National Product per capita,GDP_pc,0.2,Transition Climate Risk (EIB),EIB_TR,0.6,UN Multilateral Engagement Score,UN_Index,0.1
RUN938,Cumulative Emissions since 1850,X1850_2024,0.1,Gross National Product per capita,GDP_pc,0.3,Transition Climate Risk (EIB),EIB_TR,0.1,UN Multilateral Engagement Score,UN_Index,0.5
RUN939,Cumulative Emissions since 1850,X1850_2024,0.1,Gross National Product per capita,GDP_pc,0.3,Transition Climate Risk (EIB),EIB_TR,0.2,UN Multilateral Engagement Score,UN_Index,0.4
RUN940,Cumulative Emissions since 1850,X1850_2024,0.1,Gross National Product per capita,GDP_pc,0.3,Transition Climate Risk (EIB),EIB_TR,0.3,UN Multilateral Engagement Score,UN_Index,0.3
RUN941,Cumulative Emissions since 1850,X1850_2024,0.1,Gross National Product per capita,GDP_pc,0.3,Transition Climate Risk (EIB),EIB_TR,0.4,UN Multilateral Engagement Score,UN_Index,0.2
RUN942,Cumulative Emissions since 1850,X1850_2024,0.1,Gross National Product per capita,GDP_pc,0.3,Transition Climate Risk (EIB),EIB_TR,0.5,UN Multilateral Engagement Score,UN_Index,0.1
RUN943,Cumulative Emissions since 1850,X1850_2024,0.1,Gross National Product per capita,GDP_pc,0.4,Transition Climate Risk (EIB),EIB_TR,0.1,UN Multilateral Engagement Score,UN_Index,0.4
RUN944,Cumulative Emissions since 1850,X1850_2024,0.1,Gross National Product per capita,GDP_pc,0.4,Transition Climate Risk (EIB),EIB_TR,0.2,UN Multilateral Engagement Score,UN_Index,0.3
RUN945,Cumulative Emissions since 1850,X1850_2024,0.1,Gross National Product per capita,GDP_pc,0.4,Transition Climate Risk (EIB),EIB_TR,0.3,UN Multilateral Engagement Score,UN_Index,0.2
RUN946,Cumulative Emissions since 1850,X1850_2024,0.1,Gross National Product per capita,GDP_pc,0.4,Transition Climate Risk (EIB),EIB_TR,0.4,UN Multilateral Engagement Score,UN_Index,0.1
RUN947,Cumulative Emissions since 1850,X1850_2024,0.1,Gross National Product per capita,GDP_pc,0.5,Transition Climate Risk (EIB),EIB_TR,0.1,UN Multilateral Engagement Score,UN_Index,0.3
RUN948,Cumulative Emissions since 1850,X1850_2024,0.1,Gross National Product per capita,GDP_pc,0.5,Transition Climate Risk (EIB),EIB_TR,0.2,UN Multilateral Engagement Score,UN_Index,0.2
RUN949,Cumulative Emissions since 1850,X1850_2024,0.1,Gross National Product per capita,GDP_pc,0.5,Transition Climate Risk (EIB),EIB_TR,0.3,UN Multilateral Engagement Score,UN_Index,0.1
RUN950,Cumulative Emissions since 1850,X1850_2024,0.1,Gross National Product per capita,GDP_pc,0.6,Transition Climate Risk (EIB),EIB_TR,0.1,UN Multilateral Engagement Score,UN_Index,0.2
RUN951,Cumulative Emissions since 1850,X1850_2024,0.1,Gross National Product per capita,GDP_pc,0.6,Transition Climate Risk (EIB),EIB_TR,0.2,UN Multilateral Engagement Score,UN_Index,0.1
RUN952,Cumulative Emissions since 1850,X1850_2024,0.1,Gross National Product per capita,GDP_pc,0.7,Transition Climate Risk (EIB),EIB_TR,0.1,UN Multilateral Engagement Score,UN_Index,0.1
RUN953,Cumulative Emissions since 1850,X1850_2024,0.2,Gross National Product per capita,GDP_pc,0.1,Transition Climate Risk (EIB),EIB_TR,0.1,UN Multilateral Engagement Score,UN_Index,0.6
RUN954,Cumulative Emissions since 1850,X1850_2024,0.2,Gross National Product per capita,GDP_pc,0.1,Transition Climate Risk (EIB),EIB_TR,0.2,UN Multilateral Engagement Score,UN_Index,0.5
RUN955,Cumulative Emissions since 1850,X1850_2024,0.2,Gross National Product per capita,GDP_pc,0.1,Transition Climate Risk (EIB),EIB_TR,0.3,UN Multilateral Engagement Score,UN_Index,0.4
RUN956,Cumulative Emissions since 1850,X1850_2024,0.2,Gross National Product per capita,GDP_pc,0.1,Transition Climate Risk (EIB),EIB_TR,0.4,UN Multilateral Engagement Score,UN_Index,0.3
RUN957,Cumulative Emissions since 1850,X1850_2024,0.2,Gross National Product per capita,GDP_pc,0.1,Transition Climate Risk (EIB),EIB_TR,0.5,UN Multilateral Engagement Score,UN_Index,0.2
RUN958,Cumulative Emissions since 1850,X1850_2024,0.2,Gross National Product per capita,GDP_pc,0.1,Transition Climate Risk (EIB),EIB_TR,0.6,UN Multilateral Engagement Score,UN_Index,0.1
RUN959,Cumulative Emissions since 1850,X1850_2024,0.2,Gross National Product per capita,GDP_pc,0.2,Transition Climate Risk (EIB),EIB_TR,0.1,UN Multilateral Engagement Score,UN_Index,0.5
RUN960,Cumulative Emissions since 1850,X1850_2024,0.2,Gross National Product per capita,GDP_pc,0.2,Transition Climate Risk (EIB),EIB_TR,0.2,UN Multilateral Engagement Score,UN_Index,0.4
RUN961,Cumulative Emissions since 1850,X1850_2024,0.2,Gross National Product per capita,GDP_pc,0.2,Transition Climate Risk (EIB),EIB_TR,0.3,UN Multilateral Engagement Score,UN_Index,0.3
RUN962,Cumulative Emissions since 1850,X1850_2024,0.2,Gross National Product per capita,GDP_pc,0.2,Transition Climate Risk (EIB),EIB_TR,0.4,UN Multilateral Engagement Score,UN_Index,0.2
RUN963,Cumulative Emissions since 1850,X1850_2024,0.2,Gross National Product per capita,GDP_pc,0.2,Transition Climate Risk (EIB),EIB_TR,0.5,UN Multilateral Engagement Score,UN_Index,0.1
RUN964,Cumulative Emissions since 1850,X1850_2024,0.2,Gross National Product per capita,GDP_pc,0.3,Transition Climate Risk (EIB),EIB_TR,0.1,UN Multilateral Engagement Score,UN_Index,0.4
RUN965,Cumulative Emissions since 1850,X1850_2024,0.2,Gross National Product per capita,GDP_pc,0.3,Transition Climate Risk (EIB),EIB_TR,0.2,UN Multilateral Engagement Score,UN_Index,0.3
RUN966,Cumulative Emissions since 1850,X1850_2024,0.2,Gross National Product per capita,GDP_pc,0.3,Transition Climate Risk (EIB),EIB_TR,0.3,UN Multilateral Engagement Score,UN_Index,0.2
RUN967,Cumulative Emissions since 1850,X1850_2024,0.2,Gross National Product per capita,GDP_pc,0.3,Transition Climate Risk (EIB),EIB_TR,0.4,UN Multilateral Engagement Score,UN_Index,0.1
RUN968,Cumulative Emissions since 1850,X1850_2024,0.2,Gross National Product per capita,GDP_pc,0.4,Transition Climate Risk (EIB),EIB_TR,0.1,UN Multilateral Engagement Score,UN_Index,0.3
RUN969,Cumulative Emissions since 1850,X1850_2024,0.2,Gross National Product per capita,GDP_pc,0.4,Transition Climate Risk (EIB),EIB_TR,0.2,UN Multilateral Engagement Score,UN_Index,0.2
RUN970,Cumulative Emissions since 1850,X1850_2024,0.2,Gross National Product per capita,GDP_pc,0.4,Transition Climate Risk (EIB),EIB_TR,0.3,UN Multilateral Engagement Score,UN_Index,0.1
RUN971,Cumulative Emissions since 1850,X1850_2024,0.2,Gross National Product per capita,GDP_pc,0.5,Transition Climate Risk (EIB),EIB_TR,0.1,UN Multilateral Engagement Score,UN_Index,0.2
RUN972,Cumulative Emissions since 1850,X1850_2024,0.2,Gross National Product per capita,GDP_pc,0.5,Transition Climate Risk (EIB),EIB_TR,0.2,UN Multilateral Engagement Score,UN_Index,0.1
RUN973,Cumulative Emissions since 1850,X1850_2024,0.2,Gross National Product per capita,GDP_pc,0.6,Transition Climate Risk (EIB),EIB_TR,0.1,UN Multilateral Engagement Score,UN_Index,0.1
RUN974,Cumulative Emissions since 1850,X1850_2024,0.3,Gross National Product per capita,GDP_pc,0.1,Transition Climate Risk (EIB),EIB_TR,0.1,UN Multilateral Engagement Score,UN_Index,0.5
RUN975,Cumulative Emissions since 1850,X1850_2024,0.3,Gross National Product per capita,GDP_pc,0.1,Transition Climate Risk (EIB),EIB_TR,0.2,UN Multilateral Engagement Score,UN_Index,0.4
RUN976,Cumulative Emissions since 1850,X1850_2024,0.3,Gross National Product per capita,GDP_pc,0.1,Transition Climate Risk (EIB),EIB_TR,0.3,UN Multilateral Engagement Score,UN_Index,0.3
RUN977,Cumulative Emissions since 1850,X1850_2024,0.3,Gross National Product per capita,GDP_pc,0.1,Transition Climate Risk (EIB),EIB_TR,0.4,UN Multilateral Engagement Score,UN_Index,0.2
RUN978,Cumulative Emissions since 1850,X1850_2024,0.3,Gross National Product per capita,GDP_pc,0.1,Transition Climate Risk (EIB),EIB_TR,0.5,UN Multilateral Engagement Score,UN_Index,0.1
RUN979,Cumulative Emissions since 1850,X1850_2024,0.3,Gross National Product per capita,GDP_pc,0.2,Transition Climate Risk (EIB),EIB_TR,0.1,UN Multilateral Engagement Score,UN_Index,0.4
RUN980,Cumulative Emissions since 1850,X1850_2024,0.3,Gross National Product per capita,GDP_pc,0.2,Transition Climate Risk (EIB),EIB_TR,0.2,UN Multilateral Engagement Score,UN_Index,0.3
RUN981,Cumulative Emissions since 1850,X1850_2024,0.3,Gross National Product per capita,GDP_pc,0.2,Transition Climate Risk (EIB),EIB_TR,0.3,UN Multilateral Engagement Score,UN_Index,0.2
RUN982,Cumulative Emissions since 1850,X1850_2024,0.3,Gross National Product per capita,GDP_pc,0.2,Transition Climate Risk (EIB),EIB_TR,0.4,UN Multilateral Engagement Score,UN_Index,0.1
RUN983,Cumulative Emissions since 1850,X1850_2024,0.3,Gross National Product per capita,GDP_pc,0.3,Transition Climate Risk (EIB),EIB_TR,0.1,UN Multilateral Engagement Score,UN_Index,0.3
RUN984,Cumulative Emissions since 1850,X1850_2024,0.3,Gross National Product per capita,GDP_pc,0.3,Transition Climate Risk (EIB),EIB_TR,0.2,UN Multilateral Engagement Score,UN_Index,0.2
RUN985,Cumulative Emissions since 1850,X1850_2024,0.3,Gross National Product per capita,GDP_pc,0.3,Transition Climate Risk (EIB),EIB_TR,0.3,UN Multilateral Engagement Score,UN_Index,0.1
RUN986,Cumulative Emissions since 1850,X1850_2024,0.3,Gross National Product per capita,GDP_pc,0.4,Transition Climate Risk (EIB),EIB_TR,0.1,UN Multilateral Engagement Score,UN_Index,0.2
RUN987,Cumulative Emissions since 1850,X1850_2024,0.3,Gross National Product per capita,GDP_pc,0.4,Transition Climate Risk (EIB),EIB_TR,0.2,UN Multilateral Engagement Score,UN_Index,0.1
RUN988,Cumulative Emissions since 1850,X1850_2024,0.3,Gross National Product per capita,GDP_pc,0.5,Transition Climate Risk (EIB),EIB_TR,0.1,UN Multilateral Engagement Score,UN_Index,0.1
RUN989,Cumulative Emissions since 1850,X1850_2024,0.4,Gross National Product per capita,GDP_pc,0.1,Transition Climate Risk (EIB),EIB_TR,0.1,UN Multilateral Engagement Score,UN_Index,0.4
RUN990,Cumulative Emissions since 1850,X1850_2024,0.4,Gross National Product per capita,GDP_pc,0.1,Transition Climate Risk (EIB),EIB_TR,0.2,UN Multilateral Engagement Score,UN_Index,0.3
RUN991,Cumulative Emissions since 1850,X1850_2024,0.4,Gross National Product per capita,GDP_pc,0.1,Transition Climate Risk (EIB),EIB_TR,0.3,UN Multilateral Engagement Score,UN_Index,0.2
RUN992,Cumulative Emissions since 1850,X1850_2024,0.4,Gross National Product per capita,GDP_pc,0.1,Transition Climate Risk (EIB),EIB_TR,0.4,UN Multilateral Engagement Score,UN_Index,0.1
RUN993,Cumulative Emissions since 1850,X1850_2024,0.4,Gross National Product per capita,GDP_pc,0.2,Transition Climate Risk (EIB),EIB_TR,0.1,UN Multilateral Engagement Score,UN_Index,0.3
RUN994,Cumulative Emissions since 1850,X1850_2024,0.4,Gross National Product per capita,GDP_pc,0.2,Transition Climate Risk (EIB),EIB_TR,0.2,UN Multilateral Engagement Score,UN_Index,0.2
RUN995,Cumulative Emissions since 1850,X1850_2024,0.4,Gross National Product per capita,GDP_pc,0.2,Transition Climate Risk (EIB),EIB_TR,0.3,UN Multilateral Engagement Score,UN_Index,0.1
RUN996,Cumulative Emissions since 1850,X1850_2024,0.4,Gross National Product per capita,GDP_pc,0.3,Transition Climate Risk (EIB),EIB_TR,0.1,UN Multilateral Engagement Score,UN_Index,0.2
RUN997,Cumulative Emissions since 1850,X1850_2024,0.4,Gross National Product per capita,GDP_pc,0.3,Transition Climate Risk (EIB),EIB_TR,0.2,UN Multilateral Engagement Score,UN_Index,0.1
RUN998,Cumulative Emissions since 1850,X1850_2024,0.4,Gross National Product per capita,GDP_pc,0.4,Transition Climate Risk (EIB),EIB_TR,0.1,UN Multilateral Engagement Score,UN_Index,0.1
RUN999,Cumulative Emissions since 1850,X1850_2024,0.5,Gross National Product per capita,GDP_pc,0.1,Transition Climate Risk (EIB),EIB_TR,0.1,UN Multilateral Engagement Score,UN_Index,0.3
RUN1000,Cumulative Emissions since 1850,X1850_2024,0.5,Gross National Product per capita,GDP_pc,0.1,Transition Climate Risk (EIB),EIB_TR,0.2,UN Multilateral Engagement Score,UN_Index,0.2
RUN1001,Cumulative Emissions since 1850,X1850_2024,0.5,Gross National Product per capita,GDP_pc,0.1,Transition Climate Risk (EIB),EIB_TR,0.3,UN Multilateral Engagement Score,UN_Index,0.1
RUN1002,Cumulative Emissions since 1850,X1850_2024,0.5,Gross National Product per capita,GDP_pc,0.2,Transition Climate Risk (EIB),EIB_TR,0.1,UN Multilateral Engagement Score,UN_Index,0.2
RUN1003,Cumulative Emissions since 1850,X1850_2024,0.5,Gross National Product per capita,GDP_pc,0.2,Transition Climate Risk (EIB),EIB_TR,0.2,UN Multilateral Engagement Score,UN_Index,0.1
RUN1004,Cumulative Emissions since 1850,X1850_2024,0.5,Gross National Product per capita,GDP_pc,0.3,Transition Climate Risk (EIB),EIB_TR,0.1,UN Multilateral Engagement Score,UN_Index,0.1
RUN1005,Cumulative Emissions since 1850,X1850_2024,0.6,Gross National Product per capita,GDP_pc,0.1,Transition Climate Risk (EIB),EIB_TR,0.1,UN Multilateral Engagement Score,UN_Index,0.2
RUN1006,Cumulative Emissions since 1850,X1850_2024,0.6,Gross National Product per capita,GDP_pc,0.1,Transition Climate Risk (EIB),EIB_TR,0.2,UN Multilateral Engagement Score,UN_Index,0.1
RUN1007,Cumulative Emissions since 1850,X1850_2024,0.6,Gross National Product per capita,GDP_pc,0.2,Transition Climate Risk (EIB),EIB_TR,0.1,UN Multilateral Engagement Score,UN_Index,0.1
RUN1008,Cumulative Emissions since 1850,X1850_2024,0.7,Gross National Product per capita,GDP_pc,0.1,Transition Climate Risk (EIB),EIB_TR,0.1,UN Multilateral Engagement Score,UN_Index,0.1
RUN1009,Cumulative Emissions since 1990,X1990_2024,0.1,Gross National Income,GNI,0.1,Climate Risk and Vulnerability Index,GAIN_CR,0.1,UN Multilateral Engagement Score,UN_Index,0.7
RUN1010,Cumulative Emissions since 1990,X1990_2024,0.1,Gross National Income,GNI,0.1,Climate Risk and Vulnerability Index,GAIN_CR,0.2,UN Multilateral Engagement Score,UN_Index,0.6
RUN1011,Cumulative Emissions since 1990,X1990_2024,0.1,Gross National Income,GNI,0.1,Climate Risk and Vulnerability Index,GAIN_CR,0.3,UN Multilateral Engagement Score,UN_Index,0.5
RUN1012,Cumulative Emissions since 1990,X1990_2024,0.1,Gross National Income,GNI,0.1,Climate Risk and Vulnerability Index,GAIN_CR,0.4,UN Multilateral Engagement Score,UN_Index,0.4
RUN1013,Cumulative Emissions since 1990,X1990_2024,0.1,Gross National Income,GNI,0.1,Climate Risk and Vulnerability Index,GAIN_CR,0.5,UN Multilateral Engagement Score,UN_Index,0.3
RUN1014,Cumulative Emissions since 1990,X1990_2024,0.1,Gross National Income,GNI,0.1,Climate Risk and Vulnerability Index,GAIN_CR,0.6,UN Multilateral Engagement Score,UN_Index,0.2
RUN1015,Cumulative Emissions since 1990,X1990_2024,0.1,Gross National Income,GNI,0.1,Climate Risk and Vulnerability Index,GAIN_CR,0.7,UN Multilateral Engagement Score,UN_Index,0.1
RUN1016,Cumulative Emissions since 1990,X1990_2024,0.1,Gross National Income,GNI,0.2,Climate Risk and Vulnerability Index,GAIN_CR,0.1,UN Multilateral Engagement Score,UN_Index,0.6
RUN1017,Cumulative Emissions since 1990,X1990_2024,0.1,Gross National Income,GNI,0.2,Climate Risk and Vulnerability Index,GAIN_CR,0.2,UN Multilateral Engagement Score,UN_Index,0.5
RUN1018,Cumulative Emissions since 1990,X1990_2024,0.1,Gross National Income,GNI,0.2,Climate Risk and Vulnerability Index,GAIN_CR,0.3,UN Multilateral Engagement Score,UN_Index,0.4
RUN1019,Cumulative Emissions since 1990,X1990_2024,0.1,Gross National Income,GNI,0.2,Climate Risk and Vulnerability Index,GAIN_CR,0.4,UN Multilateral Engagement Score,UN_Index,0.3
RUN1020,Cumulative Emissions since 1990,X1990_2024,0.1,Gross National Income,GNI,0.2,Climate Risk and Vulnerability Index,GAIN_CR,0.5,UN Multilateral Engagement Score,UN_Index,0.2
RUN1021,Cumulative Emissions since 1990,X1990_2024,0.1,Gross National Income,GNI,0.2,Climate Risk and Vulnerability Index,GAIN_CR,0.6,UN Multilateral Engagement Score,UN_Index,0.1
RUN1022,Cumulative Emissions since 1990,X1990_2024,0.1,Gross National Income,GNI,0.3,Climate Risk and Vulnerability Index,GAIN_CR,0.1,UN Multilateral Engagement Score,UN_Index,0.5
RUN1023,Cumulative Emissions since 1990,X1990_2024,0.1,Gross National Income,GNI,0.3,Climate Risk and Vulnerability Index,GAIN_CR,0.2,UN Multilateral Engagement Score,UN_Index,0.4
RUN1024,Cumulative Emissions since 1990,X1990_2024,0.1,Gross National Income,GNI,0.3,Climate Risk and Vulnerability Index,GAIN_CR,0.3,UN Multilateral Engagement Score,UN_Index,0.3
RUN1025,Cumulative Emissions since 1990,X1990_2024,0.1,Gross National Income,GNI,0.3,Climate Risk and Vulnerability Index,GAIN_CR,0.4,UN Multilateral Engagement Score,UN_Index,0.2
RUN1026,Cumulative Emissions since 1990,X1990_2024,0.1,Gross National Income,GNI,0.3,Climate Risk and Vulnerability Index,GAIN_CR,0.5,UN Multilateral Engagement Score,UN_Index,0.1
RUN1027,Cumulative Emissions since 1990,X1990_2024,0.1,Gross National Income,GNI,0.4,Climate Risk and Vulnerability Index,GAIN_CR,0.1,UN Multilateral Engagement Score,UN_Index,0.4
RUN1028,Cumulative Emissions since 1990,X1990_2024,0.1,Gross National Income,GNI,0.4,Climate Risk and Vulnerability Index,GAIN_CR,0.2,UN Multilateral Engagement Score,UN_Index,0.3
RUN1029,Cumulative Emissions since 1990,X1990_2024,0.1,Gross National Income,GNI,0.4,Climate Risk and Vulnerability Index,GAIN_CR,0.3,UN Multilateral Engagement Score,UN_Index,0.2
RUN1030,Cumulative Emissions since 1990,X1990_2024,0.1,Gross National Income,GNI,0.4,Climate Risk and Vulnerability Index,GAIN_CR,0.4,UN Multilateral Engagement Score,UN_Index,0.1
RUN1031,Cumulative Emissions since 1990,X1990_2024,0.1,Gross National Income,GNI,0.5,Climate Risk and Vulnerability Index,GAIN_CR,0.1,UN Multilateral Engagement Score,UN_Index,0.3
RUN1032,Cumulative Emissions since 1990,X1990_2024,0.1,Gross National Income,GNI,0.5,Climate Risk and Vulnerability Index,GAIN_CR,0.2,UN Multilateral Engagement Score,UN_Index,0.2
RUN1033,Cumulative Emissions since 1990,X1990_2024,0.1,Gross National Income,GNI,0.5,Climate Risk and Vulnerability Index,GAIN_CR,0.3,UN Multilateral Engagement Score,UN_Index,0.1
RUN1034,Cumulative Emissions since 1990,X1990_2024,0.1,Gross National Income,GNI,0.6,Climate Risk and Vulnerability Index,GAIN_CR,0.1,UN Multilateral Engagement Score,UN_Index,0.2
RUN1035,Cumulative Emissions since 1990,X1990_2024,0.1,Gross National Income,GNI,0.6,Climate Risk and Vulnerability Index,GAIN_CR,0.2,UN Multilateral Engagement Score,UN_Index,0.1
RUN1036,Cumulative Emissions since 1990,X1990_2024,0.1,Gross National Income,GNI,0.7,Climate Risk and Vulnerability Index,GAIN_CR,0.1,UN Multilateral Engagement Score,UN_Index,0.1
RUN1037,Cumulative Emissions since 1990,X1990_2024,0.2,Gross National Income,GNI,0.1,Climate Risk and Vulnerability Index,GAIN_CR,0.1,UN Multilateral Engagement Score,UN_Index,0.6
RUN1038,Cumulative Emissions since 1990,X1990_2024,0.2,Gross National Income,GNI,0.1,Climate Risk and Vulnerability Index,GAIN_CR,0.2,UN Multilateral Engagement Score,UN_Index,0.5
RUN1039,Cumulative Emissions since 1990,X1990_2024,0.2,Gross National Income,GNI,0.1,Climate Risk and Vulnerability Index,GAIN_CR,0.3,UN Multilateral Engagement Score,UN_Index,0.4
RUN1040,Cumulative Emissions since 1990,X1990_2024,0.2,Gross National Income,GNI,0.1,Climate Risk and Vulnerability Index,GAIN_CR,0.4,UN Multilateral Engagement Score,UN_Index,0.3
RUN1041,Cumulative Emissions since 1990,X1990_2024,0.2,Gross National Income,GNI,0.1,Climate Risk and Vulnerability Index,GAIN_CR,0.5,UN Multilateral Engagement Score,UN_Index,0.2
RUN1042,Cumulative Emissions since 1990,X1990_2024,0.2,Gross National Income,GNI,0.1,Climate Risk and Vulnerability Index,GAIN_CR,0.6,UN Multilateral Engagement Score,UN_Index,0.1
RUN1043,Cumulative Emissions since 1990,X1990_2024,0.2,Gross National Income,GNI,0.2,Climate Risk and Vulnerability Index,GAIN_CR,0.1,UN Multilateral Engagement Score,UN_Index,0.5
RUN1044,Cumulative Emissions since 1990,X1990_2024,0.2,Gross National Income,GNI,0.2,Climate Risk and Vulnerability Index,GAIN_CR,0.2,UN Multilateral Engagement Score,UN_Index,0.4
RUN1045,Cumulative Emissions since 1990,X1990_2024,0.2,Gross National Income,GNI,0.2,Climate Risk and Vulnerability Index,GAIN_CR,0.3,UN Multilateral Engagement Score,UN_Index,0.3
RUN1046,Cumulative Emissions since 1990,X1990_2024,0.2,Gross National Income,GNI,0.2,Climate Risk and Vulnerability Index,GAIN_CR,0.4,UN Multilateral Engagement Score,UN_Index,0.2
RUN1047,Cumulative Emissions since 1990,X1990_2024,0.2,Gross National Income,GNI,0.2,Climate Risk and Vulnerability Index,GAIN_CR,0.5,UN Multilateral Engagement Score,UN_Index,0.1
RUN1048,Cumulative Emissions since 1990,X1990_2024,0.2,Gross National Income,GNI,0.3,Climate Risk and Vulnerability Index,GAIN_CR,0.1,UN Multilateral Engagement Score,UN_Index,0.4
RUN1049,Cumulative Emissions since 1990,X1990_2024,0.2,Gross National Income,GNI,0.3,Climate Risk and Vulnerability Index,GAIN_CR,0.2,UN Multilateral Engagement Score,UN_Index,0.3
RUN1050,Cumulative Emissions since 1990,X1990_2024,0.2,Gross National Income,GNI,0.3,Climate Risk and Vulnerability Index,GAIN_CR,0.3,UN Multilateral Engagement Score,UN_Index,0.2
RUN1051,Cumulative Emissions since 1990,X1990_2024,0.2,Gross National Income,GNI,0.3,Climate Risk and Vulnerability Index,GAIN_CR,0.4,UN Multilateral Engagement Score,UN_Index,0.1
RUN1052,Cumulative Emissions since 1990,X1990_2024,0.2,Gross National Income,GNI,0.4,Climate Risk and Vulnerability Index,GAIN_CR,0.1,UN Multilateral Engagement Score,UN_Index,0.3
RUN1053,Cumulative Emissions since 1990,X1990_2024,0.2,Gross National Income,GNI,0.4,Climate Risk and Vulnerability Index,GAIN_CR,0.2,UN Multilateral Engagement Score,UN_Index,0.2
RUN1054,Cumulative Emissions since 1990,X1990_2024,0.2,Gross National Income,GNI,0.4,Climate Risk and Vulnerability Index,GAIN_CR,0.3,UN Multilateral Engagement Score,UN_Index,0.1
RUN1055,Cumulative Emissions since 1990,X1990_2024,0.2,Gross National Income,GNI,0.5,Climate Risk and Vulnerability Index,GAIN_CR,0.1,UN Multilateral Engagement Score,UN_Index,0.2
RUN1056,Cumulative Emissions since 1990,X1990_2024,0.2,Gross National Income,GNI,0.5,Climate Risk and Vulnerability Index,GAIN_CR,0.2,UN Multilateral Engagement Score,UN_Index,0.1
RUN1057,Cumulative Emissions since 1990,X1990_2024,0.2,Gross National Income,GNI,0.6,Climate Risk and Vulnerability Index,GAIN_CR,0.1,UN Multilateral Engagement Score,UN_Index,0.1
RUN1058,Cumulative Emissions since 1990,X1990_2024,0.3,Gross National Income,GNI,0.1,Climate Risk and Vulnerability Index,GAIN_CR,0.1,UN Multilateral Engagement Score,UN_Index,0.5
RUN1059,Cumulative Emissions since 1990,X1990_2024,0.3,Gross National Income,GNI,0.1,Climate Risk and Vulnerability Index,GAIN_CR,0.2,UN Multilateral Engagement Score,UN_Index,0.4
RUN1060,Cumulative Emissions since 1990,X1990_2024,0.3,Gross National Income,GNI,0.1,Climate Risk and Vulnerability Index,GAIN_CR,0.3,UN Multilateral Engagement Score,UN_Index,0.3
RUN1061,Cumulative Emissions since 1990,X1990_2024,0.3,Gross National Income,GNI,0.1,Climate Risk and Vulnerability Index,GAIN_CR,0.4,UN Multilateral Engagement Score,UN_Index,0.2
RUN1062,Cumulative Emissions since 1990,X1990_2024,0.3,Gross National Income,GNI,0.1,Climate Risk and Vulnerability Index,GAIN_CR,0.5,UN Multilateral Engagement Score,UN_Index,0.1
RUN1063,Cumulative Emissions since 1990,X1990_2024,0.3,Gross National Income,GNI,0.2,Climate Risk and Vulnerability Index,GAIN_CR,0.1,UN Multilateral Engagement Score,UN_Index,0.4
RUN1064,Cumulative Emissions since 1990,X1990_2024,0.3,Gross National Income,GNI,0.2,Climate Risk and Vulnerability Index,GAIN_CR,0.2,UN Multilateral Engagement Score,UN_Index,0.3
RUN1065,Cumulative Emissions since 1990,X1990_2024,0.3,Gross National Income,GNI,0.2,Climate Risk and Vulnerability Index,GAIN_CR,0.3,UN Multilateral Engagement Score,UN_Index,0.2
RUN1066,Cumulative Emissions since 1990,X1990_2024,0.3,Gross National Income,GNI,0.2,Climate Risk and Vulnerability Index,GAIN_CR,0.4,UN Multilateral Engagement Score,UN_Index,0.1
RUN1067,Cumulative Emissions since 1990,X1990_2024,0.3,Gross National Income,GNI,0.3,Climate Risk and Vulnerability Index,GAIN_CR,0.1,UN Multilateral Engagement Score,UN_Index,0.3
RUN1068,Cumulative Emissions since 1990,X1990_2024,0.3,Gross National Income,GNI,0.3,Climate Risk and Vulnerability Index,GAIN_CR,0.2,UN Multilateral Engagement Score,UN_Index,0.2
RUN1069,Cumulative Emissions since 1990,X1990_2024,0.3,Gross National Income,GNI,0.3,Climate Risk and Vulnerability Index,GAIN_CR,0.3,UN Multilateral Engagement Score,UN_Index,0.1
RUN1070,Cumulative Emissions since 1990,X1990_2024,0.3,Gross National Income,GNI,0.4,Climate Risk and Vulnerability Index,GAIN_CR,0.1,UN Multilateral Engagement Score,UN_Index,0.2
RUN1071,Cumulative Emissions since 1990,X1990_2024,0.3,Gross National Income,GNI,0.4,Climate Risk and Vulnerability Index,GAIN_CR,0.2,UN Multilateral Engagement Score,UN_Index,0.1
RUN1072,Cumulative Emissions since 1990,X1990_2024,0.3,Gross National Income,GNI,0.5,Climate Risk and Vulnerability Index,GAIN_CR,0.1,UN Multilateral Engagement Score,UN_Index,0.1
RUN1073,Cumulative Emissions since 1990,X1990_2024,0.4,Gross National Income,GNI,0.1,Climate Risk and Vulnerability Index,GAIN_CR,0.1,UN Multilateral Engagement Score,UN_Index,0.4
RUN1074,Cumulative Emissions since 1990,X1990_2024,0.4,Gross National Income,GNI,0.1,Climate Risk and Vulnerability Index,GAIN_CR,0.2,UN Multilateral Engagement Score,UN_Index,0.3
RUN1075,Cumulative Emissions since 1990,X1990_2024,0.4,Gross National Income,GNI,0.1,Climate Risk and Vulnerability Index,GAIN_CR,0.3,UN Multilateral Engagement Score,UN_Index,0.2
RUN1076,Cumulative Emissions since 1990,X1990_2024,0.4,Gross National Income,GNI,0.1,Climate Risk and Vulnerability Index,GAIN_CR,0.4,UN Multilateral Engagement Score,UN_Index,0.1
RUN1077,Cumulative Emissions since 1990,X1990_2024,0.4,Gross National Income,GNI,0.2,Climate Risk and Vulnerability Index,GAIN_CR,0.1,UN Multilateral Engagement Score,UN_Index,0.3
RUN1078,Cumulative Emissions since 1990,X1990_2024,0.4,Gross National Income,GNI,0.2,Climate Risk and Vulnerability Index,GAIN_CR,0.2,UN Multilateral Engagement Score,UN_Index,0.2
RUN1079,Cumulative Emissions since 1990,X1990_2024,0.4,Gross National Income,GNI,0.2,Climate Risk and Vulnerability Index,GAIN_CR,0.3,UN Multilateral Engagement Score,UN_Index,0.1
RUN1080,Cumulative Emissions since 1990,X1990_2024,0.4,Gross National Income,GNI,0.3,Climate Risk and Vulnerability Index,GAIN_CR,0.1,UN Multilateral Engagement Score,UN_Index,0.2
RUN1081,Cumulative Emissions since 1990,X1990_2024,0.4,Gross National Income,GNI,0.3,Climate Risk and Vulnerability Index,GAIN_CR,0.2,UN Multilateral Engagement Score,UN_Index,0.1
RUN1082,Cumulative Emissions since 1990,X1990_2024,0.4,Gross National Income,GNI,0.4,Climate Risk and Vulnerability Index,GAIN_CR,0.1,UN Multilateral Engagement Score,UN_Index,0.1
RUN1083,Cumulative Emissions since 1990,X1990_2024,0.5,Gross National Income,GNI,0.1,Climate Risk and Vulnerability Index,GAIN_CR,0.1,UN Multilateral Engagement Score,UN_Index,0.3
RUN1084,Cumulative Emissions since 1990,X1990_2024,0.5,Gross National Income,GNI,0.1,Climate Risk and Vulnerability Index,GAIN_CR,0.2,UN Multilateral Engagement Score,UN_Index,0.2
RUN1085,Cumulative Emissions since 1990,X1990_2024,0.5,Gross National Income,GNI,0.1,Climate Risk and Vulnerability Index,GAIN_CR,0.3,UN Multilateral Engagement Score,UN_Index,0.1
RUN1086,Cumulative Emissions since 1990,X1990_2024,0.5,Gross National Income,GNI,0.2,Climate Risk and Vulnerability Index,GAIN_CR,0.1,UN Multilateral Engagement Score,UN_Index,0.2
RUN1087,Cumulative Emissions since 1990,X1990_2024,0.5,Gross National Income,GNI,0.2,Climate Risk and Vulnerability Index,GAIN_CR,0.2,UN Multilateral Engagement Score,UN_Index,0.1
RUN1088,Cumulative Emissions since 1990,X1990_2024,0.5,Gross National Income,GNI,0.3,Climate Risk and Vulnerability Index,GAIN_CR,0.1,UN Multilateral Engagement Score,UN_Index,0.1
RUN1089,Cumulative Emissions since 1990,X1990_2024,0.6,Gross National Income,GNI,0.1,Climate Risk and Vulnerability Index,GAIN_CR,0.1,UN Multilateral Engagement Score,UN_Index,0.2
RUN1090,Cumulative Emissions since 1990,X1990_2024,0.6,Gross National Income,GNI,0.1,Climate Risk and Vulnerability Index,GAIN_CR,0.2,UN Multilateral Engagement Score,UN_Index,0.1
RUN1091,Cumulative Emissions since 1990,X1990_2024,0.6,Gross National Income,GNI,0.2,Climate Risk and Vulnerability Index,GAIN_CR,0.1,UN Multilateral Engagement Score,UN_Index,0.1
RUN1092,Cumulative Emissions since 1990,X1990_2024,0.7,Gross National Income,GNI,0.1,Climate Risk and Vulnerability Index,GAIN_CR,0.1,UN Multilateral Engagement Score,UN_Index,0.1
RUN1093,Cumulative Emissions since 1990,X1990_2024,0.1,Gross National Income,GNI,0.1,Physical Climate Risk (EIB),EIB_PR,0.1,UN Multilateral Engagement Score,UN_Index,0.7
RUN1094,Cumulative Emissions since 1990,X1990_2024,0.1,Gross National Income,GNI,0.1,Physical Climate Risk (EIB),EIB_PR,0.2,UN Multilateral Engagement Score,UN_Index,0.6
RUN1095,Cumulative Emissions since 1990,X1990_2024,0.1,Gross National Income,GNI,0.1,Physical Climate Risk (EIB),EIB_PR,0.3,UN Multilateral Engagement Score,UN_Index,0.5
RUN1096,Cumulative Emissions since 1990,X1990_2024,0.1,Gross National Income,GNI,0.1,Physical Climate Risk (EIB),EIB_PR,0.4,UN Multilateral Engagement Score,UN_Index,0.4
RUN1097,Cumulative Emissions since 1990,X1990_2024,0.1,Gross National Income,GNI,0.1,Physical Climate Risk (EIB),EIB_PR,0.5,UN Multilateral Engagement Score,UN_Index,0.3
RUN1098,Cumulative Emissions since 1990,X1990_2024,0.1,Gross National Income,GNI,0.1,Physical Climate Risk (EIB),EIB_PR,0.6,UN Multilateral Engagement Score,UN_Index,0.2
RUN1099,Cumulative Emissions since 1990,X1990_2024,0.1,Gross National Income,GNI,0.1,Physical Climate Risk (EIB),EIB_PR,0.7,UN Multilateral Engagement Score,UN_Index,0.1
RUN1100,Cumulative Emissions since 1990,X1990_2024,0.1,Gross National Income,GNI,0.2,Physical Climate Risk (EIB),EIB_PR,0.1,UN Multilateral Engagement Score,UN_Index,0.6
RUN1101,Cumulative Emissions since 1990,X1990_2024,0.1,Gross National Income,GNI,0.2,Physical Climate Risk (EIB),EIB_PR,0.2,UN Multilateral Engagement Score,UN_Index,0.5
RUN1102,Cumulative Emissions since 1990,X1990_2024,0.1,Gross National Income,GNI,0.2,Physical Climate Risk (EIB),EIB_PR,0.3,UN Multilateral Engagement Score,UN_Index,0.4
RUN1103,Cumulative Emissions since 1990,X1990_2024,0.1,Gross National Income,GNI,0.2,Physical Climate Risk (EIB),EIB_PR,0.4,UN Multilateral Engagement Score,UN_Index,0.3
RUN1104,Cumulative Emissions since 1990,X1990_2024,0.1,Gross National Income,GNI,0.2,Physical Climate Risk (EIB),EIB_PR,0.5,UN Multilateral Engagement Score,UN_Index,0.2
RUN1105,Cumulative Emissions since 1990,X1990_2024,0.1,Gross National Income,GNI,0.2,Physical Climate Risk (EIB),EIB_PR,0.6,UN Multilateral Engagement Score,UN_Index,0.1
RUN1106,Cumulative Emissions since 1990,X1990_2024,0.1,Gross National Income,GNI,0.3,Physical Climate Risk (EIB),EIB_PR,0.1,UN Multilateral Engagement Score,UN_Index,0.5
RUN1107,Cumulative Emissions since 1990,X1990_2024,0.1,Gross National Income,GNI,0.3,Physical Climate Risk (EIB),EIB_PR,0.2,UN Multilateral Engagement Score,UN_Index,0.4
RUN1108,Cumulative Emissions since 1990,X1990_2024,0.1,Gross National Income,GNI,0.3,Physical Climate Risk (EIB),EIB_PR,0.3,UN Multilateral Engagement Score,UN_Index,0.3
RUN1109,Cumulative Emissions since 1990,X1990_2024,0.1,Gross National Income,GNI,0.3,Physical Climate Risk (EIB),EIB_PR,0.4,UN Multilateral Engagement Score,UN_Index,0.2
RUN1110,Cumulative Emissions since 1990,X1990_2024,0.1,Gross National Income,GNI,0.3,Physical Climate Risk (EIB),EIB_PR,0.5,UN Multilateral Engagement Score,UN_Index,0.1
RUN1111,Cumulative Emissions since 1990,X1990_2024,0.1,Gross National Income,GNI,0.4,Physical Climate Risk (EIB),EIB_PR,0.1,UN Multilateral Engagement Score,UN_Index,0.4
RUN1112,Cumulative Emissions since 1990,X1990_2024,0.1,Gross National Income,GNI,0.4,Physical Climate Risk (EIB),EIB_PR,0.2,UN Multilateral Engagement Score,UN_Index,0.3
RUN1113,Cumulative Emissions since 1990,X1990_2024,0.1,Gross National Income,GNI,0.4,Physical Climate Risk (EIB),EIB_PR,0.3,UN Multilateral Engagement Score,UN_Index,0.2
RUN1114,Cumulative Emissions since 1990,X1990_2024,0.1,Gross National Income,GNI,0.4,Physical Climate Risk (EIB),EIB_PR,0.4,UN Multilateral Engagement Score,UN_Index,0.1
RUN1115,Cumulative Emissions since 1990,X1990_2024,0.1,Gross National Income,GNI,0.5,Physical Climate Risk (EIB),EIB_PR,0.1,UN Multilateral Engagement Score,UN_Index,0.3
RUN1116,Cumulative Emissions since 1990,X1990_2024,0.1,Gross National Income,GNI,0.5,Physical Climate Risk (EIB),EIB_PR,0.2,UN Multilateral Engagement Score,UN_Index,0.2
RUN1117,Cumulative Emissions since 1990,X1990_2024,0.1,Gross National Income,GNI,0.5,Physical Climate Risk (EIB),EIB_PR,0.3,UN Multilateral Engagement Score,UN_Index,0.1
RUN1118,Cumulative Emissions since 1990,X1990_2024,0.1,Gross National Income,GNI,0.6,Physical Climate Risk (EIB),EIB_PR,0.1,UN Multilateral Engagement Score,UN_Index,0.2
RUN1119,Cumulative Emissions since 1990,X1990_2024,0.1,Gross National Income,GNI,0.6,Physical Climate Risk (EIB),EIB_PR,0.2,UN Multilateral Engagement Score,UN_Index,0.1
RUN1120,Cumulative Emissions since 1990,X1990_2024,0.1,Gross National Income,GNI,0.7,Physical Climate Risk (EIB),EIB_PR,0.1,UN Multilateral Engagement Score,UN_Index,0.1
RUN1121,Cumulative Emissions since 1990,X1990_2024,0.2,Gross National Income,GNI,0.1,Physical Climate Risk (EIB),EIB_PR,0.1,UN Multilateral Engagement Score,UN_Index,0.6
RUN1122,Cumulative Emissions since 1990,X1990_2024,0.2,Gross National Income,GNI,0.1,Physical Climate Risk (EIB),EIB_PR,0.2,UN Multilateral Engagement Score,UN_Index,0.5
RUN1123,Cumulative Emissions since 1990,X1990_2024,0.2,Gross National Income,GNI,0.1,Physical Climate Risk (EIB),EIB_PR,0.3,UN Multilateral Engagement Score,UN_Index,0.4
RUN1124,Cumulative Emissions since 1990,X1990_2024,0.2,Gross National Income,GNI,0.1,Physical Climate Risk (EIB),EIB_PR,0.4,UN Multilateral Engagement Score,UN_Index,0.3
RUN1125,Cumulative Emissions since 1990,X1990_2024,0.2,Gross National Income,GNI,0.1,Physical Climate Risk (EIB),EIB_PR,0.5,UN Multilateral Engagement Score,UN_Index,0.2
RUN1126,Cumulative Emissions since 1990,X1990_2024,0.2,Gross National Income,GNI,0.1,Physical Climate Risk (EIB),EIB_PR,0.6,UN Multilateral Engagement Score,UN_Index,0.1
RUN1127,Cumulative Emissions since 1990,X1990_2024,0.2,Gross National Income,GNI,0.2,Physical Climate Risk (EIB),EIB_PR,0.1,UN Multilateral Engagement Score,UN_Index,0.5
RUN1128,Cumulative Emissions since 1990,X1990_2024,0.2,Gross National Income,GNI,0.2,Physical Climate Risk (EIB),EIB_PR,0.2,UN Multilateral Engagement Score,UN_Index,0.4
RUN1129,Cumulative Emissions since 1990,X1990_2024,0.2,Gross National Income,GNI,0.2,Physical Climate Risk (EIB),EIB_PR,0.3,UN Multilateral Engagement Score,UN_Index,0.3
RUN1130,Cumulative Emissions since 1990,X1990_2024,0.2,Gross National Income,GNI,0.2,Physical Climate Risk (EIB),EIB_PR,0.4,UN Multilateral Engagement Score,UN_Index,0.2
RUN1131,Cumulative Emissions since 1990,X1990_2024,0.2,Gross National Income,GNI,0.2,Physical Climate Risk (EIB),EIB_PR,0.5,UN Multilateral Engagement Score,UN_Index,0.1
RUN1132,Cumulative Emissions since 1990,X1990_2024,0.2,Gross National Income,GNI,0.3,Physical Climate Risk (EIB),EIB_PR,0.1,UN Multilateral Engagement Score,UN_Index,0.4
RUN1133,Cumulative Emissions since 1990,X1990_2024,0.2,Gross National Income,GNI,0.3,Physical Climate Risk (EIB),EIB_PR,0.2,UN Multilateral Engagement Score,UN_Index,0.3
RUN1134,Cumulative Emissions since 1990,X1990_2024,0.2,Gross National Income,GNI,0.3,Physical Climate Risk (EIB),EIB_PR,0.3,UN Multilateral Engagement Score,UN_Index,0.2
RUN1135,Cumulative Emissions since 1990,X1990_2024,0.2,Gross National Income,GNI,0.3,Physical Climate Risk (EIB),EIB_PR,0.4,UN Multilateral Engagement Score,UN_Index,0.1
RUN1136,Cumulative Emissions since 1990,X1990_2024,0.2,Gross National Income,GNI,0.4,Physical Climate Risk (EIB),EIB_PR,0.1,UN Multilateral Engagement Score,UN_Index,0.3
RUN1137,Cumulative Emissions since 1990,X1990_2024,0.2,Gross National Income,GNI,0.4,Physical Climate Risk (EIB),EIB_PR,0.2,UN Multilateral Engagement Score,UN_Index,0.2
RUN1138,Cumulative Emissions since 1990,X1990_2024,0.2,Gross National Income,GNI,0.4,Physical Climate Risk (EIB),EIB_PR,0.3,UN Multilateral Engagement Score,UN_Index,0.1
RUN1139,Cumulative Emissions since 1990,X1990_2024,0.2,Gross National Income,GNI,0.5,Physical Climate Risk (EIB),EIB_PR,0.1,UN Multilateral Engagement Score,UN_Index,0.2
RUN1140,Cumulative Emissions since 1990,X1990_2024,0.2,Gross National Income,GNI,0.5,Physical Climate Risk (EIB),EIB_PR,0.2,UN Multilateral Engagement Score,UN_Index,0.1
RUN1141,Cumulative Emissions since 1990,X1990_2024,0.2,Gross National Income,GNI,0.6,Physical Climate Risk (EIB),EIB_PR,0.1,UN Multilateral Engagement Score,UN_Index,0.1
RUN1142,Cumulative Emissions since 1990,X1990_2024,0.3,Gross National Income,GNI,0.1,Physical Climate Risk (EIB),EIB_PR,0.1,UN Multilateral Engagement Score,UN_Index,0.5
RUN1143,Cumulative Emissions since 1990,X1990_2024,0.3,Gross National Income,GNI,0.1,Physical Climate Risk (EIB),EIB_PR,0.2,UN Multilateral Engagement Score,UN_Index,0.4
RUN1144,Cumulative Emissions since 1990,X1990_2024,0.3,Gross National Income,GNI,0.1,Physical Climate Risk (EIB),EIB_PR,0.3,UN Multilateral Engagement Score,UN_Index,0.3
RUN1145,Cumulative Emissions since 1990,X1990_2024,0.3,Gross National Income,GNI,0.1,Physical Climate Risk (EIB),EIB_PR,0.4,UN Multilateral Engagement Score,UN_Index,0.2
RUN1146,Cumulative Emissions since 1990,X1990_2024,0.3,Gross National Income,GNI,0.1,Physical Climate Risk (EIB),EIB_PR,0.5,UN Multilateral Engagement Score,UN_Index,0.1
RUN1147,Cumulative Emissions since 1990,X1990_2024,0.3,Gross National Income,GNI,0.2,Physical Climate Risk (EIB),EIB_PR,0.1,UN Multilateral Engagement Score,UN_Index,0.4
RUN1148,Cumulative Emissions since 1990,X1990_2024,0.3,Gross National Income,GNI,0.2,Physical Climate Risk (EIB),EIB_PR,0.2,UN Multilateral Engagement Score,UN_Index,0.3
RUN1149,Cumulative Emissions since 1990,X1990_2024,0.3,Gross National Income,GNI,0.2,Physical Climate Risk (EIB),EIB_PR,0.3,UN Multilateral Engagement Score,UN_Index,0.2
RUN1150,Cumulative Emissions since 1990,X1990_2024,0.3,Gross National Income,GNI,0.2,Physical Climate Risk (EIB),EIB_PR,0.4,UN Multilateral Engagement Score,UN_Index,0.1
RUN1151,Cumulative Emissions since 1990,X1990_2024,0.3,Gross National Income,GNI,0.3,Physical Climate Risk (EIB),EIB_PR,0.1,UN Multilateral Engagement Score,UN_Index,0.3
RUN1152,Cumulative Emissions since 1990,X1990_2024,0.3,Gross National Income,GNI,0.3,Physical Climate Risk (EIB),EIB_PR,0.2,UN Multilateral Engagement Score,UN_Index,0.2
RUN1153,Cumulative Emissions since 1990,X1990_2024,0.3,Gross National Income,GNI,0.3,Physical Climate Risk (EIB),EIB_PR,0.3,UN Multilateral Engagement Score,UN_Index,0.1
RUN1154,Cumulative Emissions since 1990,X1990_2024,0.3,Gross National Income,GNI,0.4,Physical Climate Risk (EIB),EIB_PR,0.1,UN Multilateral Engagement Score,UN_Index,0.2
RUN1155,Cumulative Emissions since 1990,X1990_2024,0.3,Gross National Income,GNI,0.4,Physical Climate Risk (EIB),EIB_PR,0.2,UN Multilateral Engagement Score,UN_Index,0.1
RUN1156,Cumulative Emissions since 1990,X1990_2024,0.3,Gross National Income,GNI,0.5,Physical Climate Risk (EIB),EIB_PR,0.1,UN Multilateral Engagement Score,UN_Index,0.1
RUN1157,Cumulative Emissions since 1990,X1990_2024,0.4,Gross National Income,GNI,0.1,Physical Climate Risk (EIB),EIB_PR,0.1,UN Multilateral Engagement Score,UN_Index,0.4
RUN1158,Cumulative Emissions since 1990,X1990_2024,0.4,Gross National Income,GNI,0.1,Physical Climate Risk (EIB),EIB_PR,0.2,UN Multilateral Engagement Score,UN_Index,0.3
RUN1159,Cumulative Emissions since 1990,X1990_2024,0.4,Gross National Income,GNI,0.1,Physical Climate Risk (EIB),EIB_PR,0.3,UN Multilateral Engagement Score,UN_Index,0.2
RUN1160,Cumulative Emissions since 1990,X1990_2024,0.4,Gross National Income,GNI,0.1,Physical Climate Risk (EIB),EIB_PR,0.4,UN Multilateral Engagement Score,UN_Index,0.1
RUN1161,Cumulative Emissions since 1990,X1990_2024,0.4,Gross National Income,GNI,0.2,Physical Climate Risk (EIB),EIB_PR,0.1,UN Multilateral Engagement Score,UN_Index,0.3
RUN1162,Cumulative Emissions since 1990,X1990_2024,0.4,Gross National Income,GNI,0.2,Physical Climate Risk (EIB),EIB_PR,0.2,UN Multilateral Engagement Score,UN_Index,0.2
RUN1163,Cumulative Emissions since 1990,X1990_2024,0.4,Gross National Income,GNI,0.2,Physical Climate Risk (EIB),EIB_PR,0.3,UN Multilateral Engagement Score,UN_Index,0.1
RUN1164,Cumulative Emissions since 1990,X1990_2024,0.4,Gross National Income,GNI,0.3,Physical Climate Risk (EIB),EIB_PR,0.1,UN Multilateral Engagement Score,UN_Index,0.2
RUN1165,Cumulative Emissions since 1990,X1990_2024,0.4,Gross National Income,GNI,0.3,Physical Climate Risk (EIB),EIB_PR,0.2,UN Multilateral Engagement Score,UN_Index,0.1
RUN1166,Cumulative Emissions since 1990,X1990_2024,0.4,Gross National Income,GNI,0.4,Physical Climate Risk (EIB),EIB_PR,0.1,UN Multilateral Engagement Score,UN_Index,0.1
RUN1167,Cumulative Emissions since 1990,X1990_2024,0.5,Gross National Income,GNI,0.1,Physical Climate Risk (EIB),EIB_PR,0.1,UN Multilateral Engagement Score,UN_Index,0.3
RUN1168,Cumulative Emissions since 1990,X1990_2024,0.5,Gross National Income,GNI,0.1,Physical Climate Risk (EIB),EIB_PR,0.2,UN Multilateral Engagement Score,UN_Index,0.2
RUN1169,Cumulative Emissions since 1990,X1990_2024,0.5,Gross National Income,GNI,0.1,Physical Climate Risk (EIB),EIB_PR,0.3,UN Multilateral Engagement Score,UN_Index,0.1
RUN1170,Cumulative Emissions since 1990,X1990_2024,0.5,Gross National Income,GNI,0.2,Physical Climate Risk (EIB),EIB_PR,0.1,UN Multilateral Engagement Score,UN_Index,0.2
RUN1171,Cumulative Emissions since 1990,X1990_2024,0.5,Gross National Income,GNI,0.2,Physical Climate Risk (EIB),EIB_PR,0.2,UN Multilateral Engagement Score,UN_Index,0.1
RUN1172,Cumulative Emissions since 1990,X1990_2024,0.5,Gross National Income,GNI,0.3,Physical Climate Risk (EIB),EIB_PR,0.1,UN Multilateral Engagement Score,UN_Index,0.1
RUN1173,Cumulative Emissions since 1990,X1990_2024,0.6,Gross National Income,GNI,0.1,Physical Climate Risk (EIB),EIB_PR,0.1,UN Multilateral Engagement Score,UN_Index,0.2
RUN1174,Cumulative Emissions since 1990,X1990_2024,0.6,Gross National Income,GNI,0.1,Physical Climate Risk (EIB),EIB_PR,0.2,UN Multilateral Engagement Score,UN_Index,0.1
RUN1175,Cumulative Emissions since 1990,X1990_2024,0.6,Gross National Income,GNI,0.2,Physical Climate Risk (EIB),EIB_PR,0.1,UN Multilateral Engagement Score,UN_Index,0.1
RUN1176,Cumulative Emissions since 1990,X1990_2024,0.7,Gross National Income,GNI,0.1,Physical Climate Risk (EIB),EIB_PR,0.1,UN Multilateral Engagement Score,UN_Index,0.1
RUN1177,Cumulative Emissions since 1990,X1990_2024,0.1,Gross National Income,GNI,0.1,Transition Climate Risk (EIB),EIB_TR,0.1,UN Multilateral Engagement Score,UN_Index,0.7
RUN1178,Cumulative Emissions since 1990,X1990_2024,0.1,Gross National Income,GNI,0.1,Transition Climate Risk (EIB),EIB_TR,0.2,UN Multilateral Engagement Score,UN_Index,0.6
RUN1179,Cumulative Emissions since 1990,X1990_2024,0.1,Gross National Income,GNI,0.1,Transition Climate Risk (EIB),EIB_TR,0.3,UN Multilateral Engagement Score,UN_Index,0.5
RUN1180,Cumulative Emissions since 1990,X1990_2024,0.1,Gross National Income,GNI,0.1,Transition Climate Risk (EIB),EIB_TR,0.4,UN Multilateral Engagement Score,UN_Index,0.4
RUN1181,Cumulative Emissions since 1990,X1990_2024,0.1,Gross National Income,GNI,0.1,Transition Climate Risk (EIB),EIB_TR,0.5,UN Multilateral Engagement Score,UN_Index,0.3
RUN1182,Cumulative Emissions since 1990,X1990_2024,0.1,Gross National Income,GNI,0.1,Transition Climate Risk (EIB),EIB_TR,0.6,UN Multilateral Engagement Score,UN_Index,0.2
RUN1183,Cumulative Emissions since 1990,X1990_2024,0.1,Gross National Income,GNI,0.1,Transition Climate Risk (EIB),EIB_TR,0.7,UN Multilateral Engagement Score,UN_Index,0.1
RUN1184,Cumulative Emissions since 1990,X1990_2024,0.1,Gross National Income,GNI,0.2,Transition Climate Risk (EIB),EIB_TR,0.1,UN Multilateral Engagement Score,UN_Index,0.6
RUN1185,Cumulative Emissions since 1990,X1990_2024,0.1,Gross National Income,GNI,0.2,Transition Climate Risk (EIB),EIB_TR,0.2,UN Multilateral Engagement Score,UN_Index,0.5
RUN1186,Cumulative Emissions since 1990,X1990_2024,0.1,Gross National Income,GNI,0.2,Transition Climate Risk (EIB),EIB_TR,0.3,UN Multilateral Engagement Score,UN_Index,0.4
RUN1187,Cumulative Emissions since 1990,X1990_2024,0.1,Gross National Income,GNI,0.2,Transition Climate Risk (EIB),EIB_TR,0.4,UN Multilateral Engagement Score,UN_Index,0.3
RUN1188,Cumulative Emissions since 1990,X1990_2024,0.1,Gross National Income,GNI,0.2,Transition Climate Risk (EIB),EIB_TR,0.5,UN Multilateral Engagement Score,UN_Index,0.2
RUN1189,Cumulative Emissions since 1990,X1990_2024,0.1,Gross National Income,GNI,0.2,Transition Climate Risk (EIB),EIB_TR,0.6,UN Multilateral Engagement Score,UN_Index,0.1
RUN1190,Cumulative Emissions since 1990,X1990_2024,0.1,Gross National Income,GNI,0.3,Transition Climate Risk (EIB),EIB_TR,0.1,UN Multilateral Engagement Score,UN_Index,0.5
RUN1191,Cumulative Emissions since 1990,X1990_2024,0.1,Gross National Income,GNI,0.3,Transition Climate Risk (EIB),EIB_TR,0.2,UN Multilateral Engagement Score,UN_Index,0.4
RUN1192,Cumulative Emissions since 1990,X1990_2024,0.1,Gross National Income,GNI,0.3,Transition Climate Risk (EIB),EIB_TR,0.3,UN Multilateral Engagement Score,UN_Index,0.3
RUN1193,Cumulative Emissions since 1990,X1990_2024,0.1,Gross National Income,GNI,0.3,Transition Climate Risk (EIB),EIB_TR,0.4,UN Multilateral Engagement Score,UN_Index,0.2
RUN1194,Cumulative Emissions since 1990,X1990_2024,0.1,Gross National Income,GNI,0.3,Transition Climate Risk (EIB),EIB_TR,0.5,UN Multilateral Engagement Score,UN_Index,0.1
RUN1195,Cumulative Emissions since 1990,X1990_2024,0.1,Gross National Income,GNI,0.4,Transition Climate Risk (EIB),EIB_TR,0.1,UN Multilateral Engagement Score,UN_Index,0.4
RUN1196,Cumulative Emissions since 1990,X1990_2024,0.1,Gross National Income,GNI,0.4,Transition Climate Risk (EIB),EIB_TR,0.2,UN Multilateral Engagement Score,UN_Index,0.3
RUN1197,Cumulative Emissions since 1990,X1990_2024,0.1,Gross National Income,GNI,0.4,Transition Climate Risk (EIB),EIB_TR,0.3,UN Multilateral Engagement Score,UN_Index,0.2
RUN1198,Cumulative Emissions since 1990,X1990_2024,0.1,Gross National Income,GNI,0.4,Transition Climate Risk (EIB),EIB_TR,0.4,UN Multilateral Engagement Score,UN_Index,0.1
RUN1199,Cumulative Emissions since 1990,X1990_2024,0.1,Gross National Income,GNI,0.5,Transition Climate Risk (EIB),EIB_TR,0.1,UN Multilateral Engagement Score,UN_Index,0.3
RUN1200,Cumulative Emissions since 1990,X1990_2024,0.1,Gross National Income,GNI,0.5,Transition Climate Risk (EIB),EIB_TR,0.2,UN Multilateral Engagement Score,UN_Index,0.2
RUN1201,Cumulative Emissions since 1990,X1990_2024,0.1,Gross National Income,GNI,0.5,Transition Climate Risk (EIB),EIB_TR,0.3,UN Multilateral Engagement Score,UN_Index,0.1
RUN1202,Cumulative Emissions since 1990,X1990_2024,0.1,Gross National Income,GNI,0.6,Transition Climate Risk (EIB),EIB_TR,0.1,UN Multilateral Engagement Score,UN_Index,0.2
RUN1203,Cumulative Emissions since 1990,X1990_2024,0.1,Gross National Income,GNI,0.6,Transition Climate Risk (EIB),EIB_TR,0.2,UN Multilateral Engagement Score,UN_Index,0.1
RUN1204,Cumulative Emissions since 1990,X1990_2024,0.1,Gross National Income,GNI,0.7,Transition Climate Risk (EIB),EIB_TR,0.1,UN Multilateral Engagement Score,UN_Index,0.1
RUN1205,Cumulative Emissions since 1990,X1990_2024,0.2,Gross National Income,GNI,0.1,Transition Climate Risk (EIB),EIB_TR,0.1,UN Multilateral Engagement Score,UN_Index,0.6
RUN1206,Cumulative Emissions since 1990,X1990_2024,0.2,Gross National Income,GNI,0.1,Transition Climate Risk (EIB),EIB_TR,0.2,UN Multilateral Engagement Score,UN_Index,0.5
RUN1207,Cumulative Emissions since 1990,X1990_2024,0.2,Gross National Income,GNI,0.1,Transition Climate Risk (EIB),EIB_TR,0.3,UN Multilateral Engagement Score,UN_Index,0.4
RUN1208,Cumulative Emissions since 1990,X1990_2024,0.2,Gross National Income,GNI,0.1,Transition Climate Risk (EIB),EIB_TR,0.4,UN Multilateral Engagement Score,UN_Index,0.3
RUN1209,Cumulative Emissions since 1990,X1990_2024,0.2,Gross National Income,GNI,0.1,Transition Climate Risk (EIB),EIB_TR,0.5,UN Multilateral Engagement Score,UN_Index,0.2
RUN1210,Cumulative Emissions since 1990,X1990_2024,0.2,Gross National Income,GNI,0.1,Transition Climate Risk (EIB),EIB_TR,0.6,UN Multilateral Engagement Score,UN_Index,0.1
RUN1211,Cumulative Emissions since 1990,X1990_2024,0.2,Gross National Income,GNI,0.2,Transition Climate Risk (EIB),EIB_TR,0.1,UN Multilateral Engagement Score,UN_Index,0.5
RUN1212,Cumulative Emissions since 1990,X1990_2024,0.2,Gross National Income,GNI,0.2,Transition Climate Risk (EIB),EIB_TR,0.2,UN Multilateral Engagement Score,UN_Index,0.4
RUN1213,Cumulative Emissions since 1990,X1990_2024,0.2,Gross National Income,GNI,0.2,Transition Climate Risk (EIB),EIB_TR,0.3,UN Multilateral Engagement Score,UN_Index,0.3
RUN1214,Cumulative Emissions since 1990,X1990_2024,0.2,Gross National Income,GNI,0.2,Transition Climate Risk (EIB),EIB_TR,0.4,UN Multilateral Engagement Score,UN_Index,0.2
RUN1215,Cumulative Emissions since 1990,X1990_2024,0.2,Gross National Income,GNI,0.2,Transition Climate Risk (EIB),EIB_TR,0.5,UN Multilateral Engagement Score,UN_Index,0.1
RUN1216,Cumulative Emissions since 1990,X1990_2024,0.2,Gross National Income,GNI,0.3,Transition Climate Risk (EIB),EIB_TR,0.1,UN Multilateral Engagement Score,UN_Index,0.4
RUN1217,Cumulative Emissions since 1990,X1990_2024,0.2,Gross National Income,GNI,0.3,Transition Climate Risk (EIB),EIB_TR,0.2,UN Multilateral Engagement Score,UN_Index,0.3
RUN1218,Cumulative Emissions since 1990,X1990_2024,0.2,Gross National Income,GNI,0.3,Transition Climate Risk (EIB),EIB_TR,0.3,UN Multilateral Engagement Score,UN_Index,0.2
RUN1219,Cumulative Emissions since 1990,X1990_2024,0.2,Gross National Income,GNI,0.3,Transition Climate Risk (EIB),EIB_TR,0.4,UN Multilateral Engagement Score,UN_Index,0.1
RUN1220,Cumulative Emissions since 1990,X1990_2024,0.2,Gross National Income,GNI,0.4,Transition Climate Risk (EIB),EIB_TR,0.1,UN Multilateral Engagement Score,UN_Index,0.3
RUN1221,Cumulative Emissions since 1990,X1990_2024,0.2,Gross National Income,GNI,0.4,Transition Climate Risk (EIB),EIB_TR,0.2,UN Multilateral Engagement Score,UN_Index,0.2
RUN1222,Cumulative Emissions since 1990,X1990_2024,0.2,Gross National Income,GNI,0.4,Transition Climate Risk (EIB),EIB_TR,0.3,UN Multilateral Engagement Score,UN_Index,0.1
RUN1223,Cumulative Emissions since 1990,X1990_2024,0.2,Gross National Income,GNI,0.5,Transition Climate Risk (EIB),EIB_TR,0.1,UN Multilateral Engagement Score,UN_Index,0.2
RUN1224,Cumulative Emissions since 1990,X1990_2024,0.2,Gross National Income,GNI,0.5,Transition Climate Risk (EIB),EIB_TR,0.2,UN Multilateral Engagement Score,UN_Index,0.1
RUN1225,Cumulative Emissions since 1990,X1990_2024,0.2,Gross National Income,GNI,0.6,Transition Climate Risk (EIB),EIB_TR,0.1,UN Multilateral Engagement Score,UN_Index,0.1
RUN1226,Cumulative Emissions since 1990,X1990_2024,0.3,Gross National Income,GNI,0.1,Transition Climate Risk (EIB),EIB_TR,0.1,UN Multilateral Engagement Score,UN_Index,0.5
RUN1227,Cumulative Emissions since 1990,X1990_2024,0.3,Gross National Income,GNI,0.1,Transition Climate Risk (EIB),EIB_TR,0.2,UN Multilateral Engagement Score,UN_Index,0.4
RUN1228,Cumulative Emissions since 1990,X1990_2024,0.3,Gross National Income,GNI,0.1,Transition Climate Risk (EIB),EIB_TR,0.3,UN Multilateral Engagement Score,UN_Index,0.3
RUN1229,Cumulative Emissions since 1990,X1990_2024,0.3,Gross National Income,GNI,0.1,Transition Climate Risk (EIB),EIB_TR,0.4,UN Multilateral Engagement Score,UN_Index,0.2
RUN1230,Cumulative Emissions since 1990,X1990_2024,0.3,Gross National Income,GNI,0.1,Transition Climate Risk (EIB),EIB_TR,0.5,UN Multilateral Engagement Score,UN_Index,0.1
RUN1231,Cumulative Emissions since 1990,X1990_2024,0.3,Gross National Income,GNI,0.2,Transition Climate Risk (EIB),EIB_TR,0.1,UN Multilateral Engagement Score,UN_Index,0.4
RUN1232,Cumulative Emissions since 1990,X1990_2024,0.3,Gross National Income,GNI,0.2,Transition Climate Risk (EIB),EIB_TR,0.2,UN Multilateral Engagement Score,UN_Index,0.3
RUN1233,Cumulative Emissions since 1990,X1990_2024,0.3,Gross National Income,GNI,0.2,Transition Climate Risk (EIB),EIB_TR,0.3,UN Multilateral Engagement Score,UN_Index,0.2
RUN1234,Cumulative Emissions since 1990,X1990_2024,0.3,Gross National Income,GNI,0.2,Transition Climate Risk (EIB),EIB_TR,0.4,UN Multilateral Engagement Score,UN_Index,0.1
RUN1235,Cumulative Emissions since 1990,X1990_2024,0.3,Gross National Income,GNI,0.3,Transition Climate Risk (EIB),EIB_TR,0.1,UN Multilateral Engagement Score,UN_Index,0.3
RUN1236,Cumulative Emissions since 1990,X1990_2024,0.3,Gross National Income,GNI,0.3,Transition Climate Risk (EIB),EIB_TR,0.2,UN Multilateral Engagement Score,UN_Index,0.2
RUN1237,Cumulative Emissions since 1990,X1990_2024,0.3,Gross National Income,GNI,0.3,Transition Climate Risk (EIB),EIB_TR,0.3,UN Multilateral Engagement Score,UN_Index,0.1
RUN1238,Cumulative Emissions since 1990,X1990_2024,0.3,Gross National Income,GNI,0.4,Transition Climate Risk (EIB),EIB_TR,0.1,UN Multilateral Engagement Score,UN_Index,0.2
RUN1239,Cumulative Emissions since 1990,X1990_2024,0.3,Gross National Income,GNI,0.4,Transition Climate Risk (EIB),EIB_TR,0.2,UN Multilateral Engagement Score,UN_Index,0.1
RUN1240,Cumulative Emissions since 1990,X1990_2024,0.3,Gross National Income,GNI,0.5,Transition Climate Risk (EIB),EIB_TR,0.1,UN Multilateral Engagement Score,UN_Index,0.1
RUN1241,Cumulative Emissions since 1990,X1990_2024,0.4,Gross National Income,GNI,0.1,Transition Climate Risk (EIB),EIB_TR,0.1,UN Multilateral Engagement Score,UN_Index,0.4
RUN1242,Cumulative Emissions since 1990,X1990_2024,0.4,Gross National Income,GNI,0.1,Transition Climate Risk (EIB),EIB_TR,0.2,UN Multilateral Engagement Score,UN_Index,0.3
RUN1243,Cumulative Emissions since 1990,X1990_2024,0.4,Gross National Income,GNI,0.1,Transition Climate Risk (EIB),EIB_TR,0.3,UN Multilateral Engagement Score,UN_Index,0.2
RUN1244,Cumulative Emissions since 1990,X1990_2024,0.4,Gross National Income,GNI,0.1,Transition Climate Risk (EIB),EIB_TR,0.4,UN Multilateral Engagement Score,UN_Index,0.1
RUN1245,Cumulative Emissions since 1990,X1990_2024,0.4,Gross National Income,GNI,0.2,Transition Climate Risk (EIB),EIB_TR,0.1,UN Multilateral Engagement Score,UN_Index,0.3
RUN1246,Cumulative Emissions since 1990,X1990_2024,0.4,Gross National Income,GNI,0.2,Transition Climate Risk (EIB),EIB_TR,0.2,UN Multilateral Engagement Score,UN_Index,0.2
RUN1247,Cumulative Emissions since 1990,X1990_2024,0.4,Gross National Income,GNI,0.2,Transition Climate Risk (EIB),EIB_TR,0.3,UN Multilateral Engagement Score,UN_Index,0.1
RUN1248,Cumulative Emissions since 1990,X1990_2024,0.4,Gross National Income,GNI,0.3,Transition Climate Risk (EIB),EIB_TR,0.1,UN Multilateral Engagement Score,UN_Index,0.2
RUN1249,Cumulative Emissions since 1990,X1990_2024,0.4,Gross National Income,GNI,0.3,Transition Climate Risk (EIB),EIB_TR,0.2,UN Multilateral Engagement Score,UN_Index,0.1
RUN1250,Cumulative Emissions since 1990,X1990_2024,0.4,Gross National Income,GNI,0.4,Transition Climate Risk (EIB),EIB_TR,0.1,UN Multilateral Engagement Score,UN_Index,0.1
RUN1251,Cumulative Emissions since 1990,X1990_2024,0.5,Gross National Income,GNI,0.1,Transition Climate Risk (EIB),EIB_TR,0.1,UN Multilateral Engagement Score,UN_Index,0.3
RUN1252,Cumulative Emissions since 1990,X1990_2024,0.5,Gross National Income,GNI,0.1,Transition Climate Risk (EIB),EIB_TR,0.2,UN Multilateral Engagement Score,UN_Index,0.2
RUN1253,Cumulative Emissions since 1990,X1990_2024,0.5,Gross National Income,GNI,0.1,Transition Climate Risk (EIB),EIB_TR,0.3,UN Multilateral Engagement Score,UN_Index,0.1
RUN1254,Cumulative Emissions since 1990,X1990_2024,0.5,Gross National Income,GNI,0.2,Transition Climate Risk (EIB),EIB_TR,0.1,UN Multilateral Engagement Score,UN_Index,0.2
RUN1255,Cumulative Emissions since 1990,X1990_2024,0.5,Gross National Income,GNI,0.2,Transition Climate Risk (EIB),EIB_TR,0.2,UN Multilateral Engagement Score,UN_Index,0.1
RUN1256,Cumulative Emissions since 1990,X1990_2024,0.5,Gross National Income,GNI,0.3,Transition Climate Risk (EIB),EIB_TR,0.1,UN Multilateral Engagement Score,UN_Index,0.1
RUN1257,Cumulative Emissions since 1990,X1990_2024,0.6,Gross National Income,GNI,0.1,Transition Climate Risk (EIB),EIB_TR,0.1,UN Multilateral Engagement Score,UN_Index,0.2
RUN1258,Cumulative Emissions since 1990,X1990_2024,0.6,Gross National Income,GNI,0.1,Transition Climate Risk (EIB),EIB_TR,0.2,UN Multilateral Engagement Score,UN_Index,0.1
RUN1259,Cumulative Emissions since 1990,X1990_2024,0.6,Gross National Income,GNI,0.2,Transition Climate Risk (EIB),EIB_TR,0.1,UN Multilateral Engagement Score,UN_Index,0.1
RUN1260,Cumulative Emissions since 1990,X1990_2024,0.7,Gross National Income,GNI,0.1,Transition Climate Risk (EIB),EIB_TR,0.1,UN Multilateral Engagement Score,UN_Index,0.1
RUN1261,Cumulative Emissions since 1990,X1990_2024,0.1,Gross National Product,GDP,0.1,Climate Risk and Vulnerability Index,GAIN_CR,0.1,UN Multilateral Engagement Score,UN_Index,0.7
RUN1262,Cumulative Emissions since 1990,X1990_2024,0.1,Gross National Product,GDP,0.1,Climate Risk and Vulnerability Index,GAIN_CR,0.2,UN Multilateral Engagement Score,UN_Index,0.6
RUN1263,Cumulative Emissions since 1990,X1990_2024,0.1,Gross National Product,GDP,0.1,Climate Risk and Vulnerability Index,GAIN_CR,0.3,UN Multilateral Engagement Score,UN_Index,0.5
RUN1264,Cumulative Emissions since 1990,X1990_2024,0.1,Gross National Product,GDP,0.1,Climate Risk and Vulnerability Index,GAIN_CR,0.4,UN Multilateral Engagement Score,UN_Index,0.4
RUN1265,Cumulative Emissions since 1990,X1990_2024,0.1,Gross National Product,GDP,0.1,Climate Risk and Vulnerability Index,GAIN_CR,0.5,UN Multilateral Engagement Score,UN_Index,0.3
RUN1266,Cumulative Emissions since 1990,X1990_2024,0.1,Gross National Product,GDP,0.1,Climate Risk and Vulnerability Index,GAIN_CR,0.6,UN Multilateral Engagement Score,UN_Index,0.2
RUN1267,Cumulative Emissions since 1990,X1990_2024,0.1,Gross National Product,GDP,0.1,Climate Risk and Vulnerability Index,GAIN_CR,0.7,UN Multilateral Engagement Score,UN_Index,0.1
RUN1268,Cumulative Emissions since 1990,X1990_2024,0.1,Gross National Product,GDP,0.2,Climate Risk and Vulnerability Index,GAIN_CR,0.1,UN Multilateral Engagement Score,UN_Index,0.6
RUN1269,Cumulative Emissions since 1990,X1990_2024,0.1,Gross National Product,GDP,0.2,Climate Risk and Vulnerability Index,GAIN_CR,0.2,UN Multilateral Engagement Score,UN_Index,0.5
RUN1270,Cumulative Emissions since 1990,X1990_2024,0.1,Gross National Product,GDP,0.2,Climate Risk and Vulnerability Index,GAIN_CR,0.3,UN Multilateral Engagement Score,UN_Index,0.4
RUN1271,Cumulative Emissions since 1990,X1990_2024,0.1,Gross National Product,GDP,0.2,Climate Risk and Vulnerability Index,GAIN_CR,0.4,UN Multilateral Engagement Score,UN_Index,0.3
RUN1272,Cumulative Emissions since 1990,X1990_2024,0.1,Gross National Product,GDP,0.2,Climate Risk and Vulnerability Index,GAIN_CR,0.5,UN Multilateral Engagement Score,UN_Index,0.2
RUN1273,Cumulative Emissions since 1990,X1990_2024,0.1,Gross National Product,GDP,0.2,Climate Risk and Vulnerability Index,GAIN_CR,0.6,UN Multilateral Engagement Score,UN_Index,0.1
RUN1274,Cumulative Emissions since 1990,X1990_2024,0.1,Gross National Product,GDP,0.3,Climate Risk and Vulnerability Index,GAIN_CR,0.1,UN Multilateral Engagement Score,UN_Index,0.5
RUN1275,Cumulative Emissions since 1990,X1990_2024,0.1,Gross National Product,GDP,0.3,Climate Risk and Vulnerability Index,GAIN_CR,0.2,UN Multilateral Engagement Score,UN_Index,0.4
RUN1276,Cumulative Emissions since 1990,X1990_2024,0.1,Gross National Product,GDP,0.3,Climate Risk and Vulnerability Index,GAIN_CR,0.3,UN Multilateral Engagement Score,UN_Index,0.3
RUN1277,Cumulative Emissions since 1990,X1990_2024,0.1,Gross National Product,GDP,0.3,Climate Risk and Vulnerability Index,GAIN_CR,0.4,UN Multilateral Engagement Score,UN_Index,0.2
RUN1278,Cumulative Emissions since 1990,X1990_2024,0.1,Gross National Product,GDP,0.3,Climate Risk and Vulnerability Index,GAIN_CR,0.5,UN Multilateral Engagement Score,UN_Index,0.1
RUN1279,Cumulative Emissions since 1990,X1990_2024,0.1,Gross National Product,GDP,0.4,Climate Risk and Vulnerability Index,GAIN_CR,0.1,UN Multilateral Engagement Score,UN_Index,0.4
RUN1280,Cumulative Emissions since 1990,X1990_2024,0.1,Gross National Product,GDP,0.4,Climate Risk and Vulnerability Index,GAIN_CR,0.2,UN Multilateral Engagement Score,UN_Index,0.3
RUN1281,Cumulative Emissions since 1990,X1990_2024,0.1,Gross National Product,GDP,0.4,Climate Risk and Vulnerability Index,GAIN_CR,0.3,UN Multilateral Engagement Score,UN_Index,0.2
RUN1282,Cumulative Emissions since 1990,X1990_2024,0.1,Gross National Product,GDP,0.4,Climate Risk and Vulnerability Index,GAIN_CR,0.4,UN Multilateral Engagement Score,UN_Index,0.1
RUN1283,Cumulative Emissions since 1990,X1990_2024,0.1,Gross National Product,GDP,0.5,Climate Risk and Vulnerability Index,GAIN_CR,0.1,UN Multilateral Engagement Score,UN_Index,0.3
RUN1284,Cumulative Emissions since 1990,X1990_2024,0.1,Gross National Product,GDP,0.5,Climate Risk and Vulnerability Index,GAIN_CR,0.2,UN Multilateral Engagement Score,UN_Index,0.2
RUN1285,Cumulative Emissions since 1990,X1990_2024,0.1,Gross National Product,GDP,0.5,Climate Risk and Vulnerability Index,GAIN_CR,0.3,UN Multilateral Engagement Score,UN_Index,0.1
RUN1286,Cumulative Emissions since 1990,X1990_2024,0.1,Gross National Product,GDP,0.6,Climate Risk and Vulnerability Index,GAIN_CR,0.1,UN Multilateral Engagement Score,UN_Index,0.2
RUN1287,Cumulative Emissions since 1990,X1990_2024,0.1,Gross National Product,GDP,0.6,Climate Risk and Vulnerability Index,GAIN_CR,0.2,UN Multilateral Engagement Score,UN_Index,0.1
RUN1288,Cumulative Emissions since 1990,X1990_2024,0.1,Gross National Product,GDP,0.7,Climate Risk and Vulnerability Index,GAIN_CR,0.1,UN Multilateral Engagement Score,UN_Index,0.1
RUN1289,Cumulative Emissions since 1990,X1990_2024,0.2,Gross National Product,GDP,0.1,Climate Risk and Vulnerability Index,GAIN_CR,0.1,UN Multilateral Engagement Score,UN_Index,0.6
RUN1290,Cumulative Emissions since 1990,X1990_2024,0.2,Gross National Product,GDP,0.1,Climate Risk and Vulnerability Index,GAIN_CR,0.2,UN Multilateral Engagement Score,UN_Index,0.5
RUN1291,Cumulative Emissions since 1990,X1990_2024,0.2,Gross National Product,GDP,0.1,Climate Risk and Vulnerability Index,GAIN_CR,0.3,UN Multilateral Engagement Score,UN_Index,0.4
RUN1292,Cumulative Emissions since 1990,X1990_2024,0.2,Gross National Product,GDP,0.1,Climate Risk and Vulnerability Index,GAIN_CR,0.4,UN Multilateral Engagement Score,UN_Index,0.3
RUN1293,Cumulative Emissions since 1990,X1990_2024,0.2,Gross National Product,GDP,0.1,Climate Risk and Vulnerability Index,GAIN_CR,0.5,UN Multilateral Engagement Score,UN_Index,0.2
RUN1294,Cumulative Emissions since 1990,X1990_2024,0.2,Gross National Product,GDP,0.1,Climate Risk and Vulnerability Index,GAIN_CR,0.6,UN Multilateral Engagement Score,UN_Index,0.1
RUN1295,Cumulative Emissions since 1990,X1990_2024,0.2,Gross National Product,GDP,0.2,Climate Risk and Vulnerability Index,GAIN_CR,0.1,UN Multilateral Engagement Score,UN_Index,0.5
RUN1296,Cumulative Emissions since 1990,X1990_2024,0.2,Gross National Product,GDP,0.2,Climate Risk and Vulnerability Index,GAIN_CR,0.2,UN Multilateral Engagement Score,UN_Index,0.4
RUN1297,Cumulative Emissions since 1990,X1990_2024,0.2,Gross National Product,GDP,0.2,Climate Risk and Vulnerability Index,GAIN_CR,0.3,UN Multilateral Engagement Score,UN_Index,0.3
RUN1298,Cumulative Emissions since 1990,X1990_2024,0.2,Gross National Product,GDP,0.2,Climate Risk and Vulnerability Index,GAIN_CR,0.4,UN Multilateral Engagement Score,UN_Index,0.2
RUN1299,Cumulative Emissions since 1990,X1990_2024,0.2,Gross National Product,GDP,0.2,Climate Risk and Vulnerability Index,GAIN_CR,0.5,UN Multilateral Engagement Score,UN_Index,0.1
RUN1300,Cumulative Emissions since 1990,X1990_2024,0.2,Gross National Product,GDP,0.3,Climate Risk and Vulnerability Index,GAIN_CR,0.1,UN Multilateral Engagement Score,UN_Index,0.4
RUN1301,Cumulative Emissions since 1990,X1990_2024,0.2,Gross National Product,GDP,0.3,Climate Risk and Vulnerability Index,GAIN_CR,0.2,UN Multilateral Engagement Score,UN_Index,0.3
RUN1302,Cumulative Emissions since 1990,X1990_2024,0.2,Gross National Product,GDP,0.3,Climate Risk and Vulnerability Index,GAIN_CR,0.3,UN Multilateral Engagement Score,UN_Index,0.2
RUN1303,Cumulative Emissions since 1990,X1990_2024,0.2,Gross National Product,GDP,0.3,Climate Risk and Vulnerability Index,GAIN_CR,0.4,UN Multilateral Engagement Score,UN_Index,0.1
RUN1304,Cumulative Emissions since 1990,X1990_2024,0.2,Gross National Product,GDP,0.4,Climate Risk and Vulnerability Index,GAIN_CR,0.1,UN Multilateral Engagement Score,UN_Index,0.3
RUN1305,Cumulative Emissions since 1990,X1990_2024,0.2,Gross National Product,GDP,0.4,Climate Risk and Vulnerability Index,GAIN_CR,0.2,UN Multilateral Engagement Score,UN_Index,0.2
RUN1306,Cumulative Emissions since 1990,X1990_2024,0.2,Gross National Product,GDP,0.4,Climate Risk and Vulnerability Index,GAIN_CR,0.3,UN Multilateral Engagement Score,UN_Index,0.1
RUN1307,Cumulative Emissions since 1990,X1990_2024,0.2,Gross National Product,GDP,0.5,Climate Risk and Vulnerability Index,GAIN_CR,0.1,UN Multilateral Engagement Score,UN_Index,0.2
RUN1308,Cumulative Emissions since 1990,X1990_2024,0.2,Gross National Product,GDP,0.5,Climate Risk and Vulnerability Index,GAIN_CR,0.2,UN Multilateral Engagement Score,UN_Index,0.1
RUN1309,Cumulative Emissions since 1990,X1990_2024,0.2,Gross National Product,GDP,0.6,Climate Risk and Vulnerability Index,GAIN_CR,0.1,UN Multilateral Engagement Score,UN_Index,0.1
RUN1310,Cumulative Emissions since 1990,X1990_2024,0.3,Gross National Product,GDP,0.1,Climate Risk and Vulnerability Index,GAIN_CR,0.1,UN Multilateral Engagement Score,UN_Index,0.5
RUN1311,Cumulative Emissions since 1990,X1990_2024,0.3,Gross National Product,GDP,0.1,Climate Risk and Vulnerability Index,GAIN_CR,0.2,UN Multilateral Engagement Score,UN_Index,0.4
RUN1312,Cumulative Emissions since 1990,X1990_2024,0.3,Gross National Product,GDP,0.1,Climate Risk and Vulnerability Index,GAIN_CR,0.3,UN Multilateral Engagement Score,UN_Index,0.3
RUN1313,Cumulative Emissions since 1990,X1990_2024,0.3,Gross National Product,GDP,0.1,Climate Risk and Vulnerability Index,GAIN_CR,0.4,UN Multilateral Engagement Score,UN_Index,0.2
RUN1314,Cumulative Emissions since 1990,X1990_2024,0.3,Gross National Product,GDP,0.1,Climate Risk and Vulnerability Index,GAIN_CR,0.5,UN Multilateral Engagement Score,UN_Index,0.1
RUN1315,Cumulative Emissions since 1990,X1990_2024,0.3,Gross National Product,GDP,0.2,Climate Risk and Vulnerability Index,GAIN_CR,0.1,UN Multilateral Engagement Score,UN_Index,0.4
RUN1316,Cumulative Emissions since 1990,X1990_2024,0.3,Gross National Product,GDP,0.2,Climate Risk and Vulnerability Index,GAIN_CR,0.2,UN Multilateral Engagement Score,UN_Index,0.3
RUN1317,Cumulative Emissions since 1990,X1990_2024,0.3,Gross National Product,GDP,0.2,Climate Risk and Vulnerability Index,GAIN_CR,0.3,UN Multilateral Engagement Score,UN_Index,0.2
RUN1318,Cumulative Emissions since 1990,X1990_2024,0.3,Gross National Product,GDP,0.2,Climate Risk and Vulnerability Index,GAIN_CR,0.4,UN Multilateral Engagement Score,UN_Index,0.1
RUN1319,Cumulative Emissions since 1990,X1990_2024,0.3,Gross National Product,GDP,0.3,Climate Risk and Vulnerability Index,GAIN_CR,0.1,UN Multilateral Engagement Score,UN_Index,0.3
RUN1320,Cumulative Emissions since 1990,X1990_2024,0.3,Gross National Product,GDP,0.3,Climate Risk and Vulnerability Index,GAIN_CR,0.2,UN Multilateral Engagement Score,UN_Index,0.2
RUN1321,Cumulative Emissions since 1990,X1990_2024,0.3,Gross National Product,GDP,0.3,Climate Risk and Vulnerability Index,GAIN_CR,0.3,UN Multilateral Engagement Score,UN_Index,0.1
RUN1322,Cumulative Emissions since 1990,X1990_2024,0.3,Gross National Product,GDP,0.4,Climate Risk and Vulnerability Index,GAIN_CR,0.1,UN Multilateral Engagement Score,UN_Index,0.2
RUN1323,Cumulative Emissions since 1990,X1990_2024,0.3,Gross National Product,GDP,0.4,Climate Risk and Vulnerability Index,GAIN_CR,0.2,UN Multilateral Engagement Score,UN_Index,0.1
RUN1324,Cumulative Emissions since 1990,X1990_2024,0.3,Gross National Product,GDP,0.5,Climate Risk and Vulnerability Index,GAIN_CR,0.1,UN Multilateral Engagement Score,UN_Index,0.1
RUN1325,Cumulative Emissions since 1990,X1990_2024,0.4,Gross National Product,GDP,0.1,Climate Risk and Vulnerability Index,GAIN_CR,0.1,UN Multilateral Engagement Score,UN_Index,0.4
RUN1326,Cumulative Emissions since 1990,X1990_2024,0.4,Gross National Product,GDP,0.1,Climate Risk and Vulnerability Index,GAIN_CR,0.2,UN Multilateral Engagement Score,UN_Index,0.3
RUN1327,Cumulative Emissions since 1990,X1990_2024,0.4,Gross National Product,GDP,0.1,Climate Risk and Vulnerability Index,GAIN_CR,0.3,UN Multilateral Engagement Score,UN_Index,0.2
RUN1328,Cumulative Emissions since 1990,X1990_2024,0.4,Gross National Product,GDP,0.1,Climate Risk and Vulnerability Index,GAIN_CR,0.4,UN Multilateral Engagement Score,UN_Index,0.1
RUN1329,Cumulative Emissions since 1990,X1990_2024,0.4,Gross National Product,GDP,0.2,Climate Risk and Vulnerability Index,GAIN_CR,0.1,UN Multilateral Engagement Score,UN_Index,0.3
RUN1330,Cumulative Emissions since 1990,X1990_2024,0.4,Gross National Product,GDP,0.2,Climate Risk and Vulnerability Index,GAIN_CR,0.2,UN Multilateral Engagement Score,UN_Index,0.2
RUN1331,Cumulative Emissions since 1990,X1990_2024,0.4,Gross National Product,GDP,0.2,Climate Risk and Vulnerability Index,GAIN_CR,0.3,UN Multilateral Engagement Score,UN_Index,0.1
RUN1332,Cumulative Emissions since 1990,X1990_2024,0.4,Gross National Product,GDP,0.3,Climate Risk and Vulnerability Index,GAIN_CR,0.1,UN Multilateral Engagement Score,UN_Index,0.2
RUN1333,Cumulative Emissions since 1990,X1990_2024,0.4,Gross National Product,GDP,0.3,Climate Risk and Vulnerability Index,GAIN_CR,0.2,UN Multilateral Engagement Score,UN_Index,0.1
RUN1334,Cumulative Emissions since 1990,X1990_2024,0.4,Gross National Product,GDP,0.4,Climate Risk and Vulnerability Index,GAIN_CR,0.1,UN Multilateral Engagement Score,UN_Index,0.1
RUN1335,Cumulative Emissions since 1990,X1990_2024,0.5,Gross National Product,GDP,0.1,Climate Risk and Vulnerability Index,GAIN_CR,0.1,UN Multilateral Engagement Score,UN_Index,0.3
RUN1336,Cumulative Emissions since 1990,X1990_2024,0.5,Gross National Product,GDP,0.1,Climate Risk and Vulnerability Index,GAIN_CR,0.2,UN Multilateral Engagement Score,UN_Index,0.2
RUN1337,Cumulative Emissions since 1990,X1990_2024,0.5,Gross National Product,GDP,0.1,Climate Risk and Vulnerability Index,GAIN_CR,0.3,UN Multilateral Engagement Score,UN_Index,0.1
RUN1338,Cumulative Emissions since 1990,X1990_2024,0.5,Gross National Product,GDP,0.2,Climate Risk and Vulnerability Index,GAIN_CR,0.1,UN Multilateral Engagement Score,UN_Index,0.2
RUN1339,Cumulative Emissions since 1990,X1990_2024,0.5,Gross National Product,GDP,0.2,Climate Risk and Vulnerability Index,GAIN_CR,0.2,UN Multilateral Engagement Score,UN_Index,0.1
RUN1340,Cumulative Emissions since 1990,X1990_2024,0.5,Gross National Product,GDP,0.3,Climate Risk and Vulnerability Index,GAIN_CR,0.1,UN Multilateral Engagement Score,UN_Index,0.1
RUN1341,Cumulative Emissions since 1990,X1990_2024,0.6,Gross National Product,GDP,0.1,Climate Risk and Vulnerability Index,GAIN_CR,0.1,UN Multilateral Engagement Score,UN_Index,0.2
RUN1342,Cumulative Emissions since 1990,X1990_2024,0.6,Gross National Product,GDP,0.1,Climate Risk and Vulnerability Index,GAIN_CR,0.2,UN Multilateral Engagement Score,UN_Index,0.1
RUN1343,Cumulative Emissions since 1990,X1990_2024,0.6,Gross National Product,GDP,0.2,Climate Risk and Vulnerability Index,GAIN_CR,0.1,UN Multilateral Engagement Score,UN_Index,0.1
RUN1344,Cumulative Emissions since 1990,X1990_2024,0.7,Gross National Product,GDP,0.1,Climate Risk and Vulnerability Index,GAIN_CR,0.1,UN Multilateral Engagement Score,UN_Index,0.1
RUN1345,Cumulative Emissions since 1990,X1990_2024,0.1,Gross National Product,GDP,0.1,Physical Climate Risk (EIB),EIB_PR,0.1,UN Multilateral Engagement Score,UN_Index,0.7
RUN1346,Cumulative Emissions since 1990,X1990_2024,0.1,Gross National Product,GDP,0.1,Physical Climate Risk (EIB),EIB_PR,0.2,UN Multilateral Engagement Score,UN_Index,0.6
RUN1347,Cumulative Emissions since 1990,X1990_2024,0.1,Gross National Product,GDP,0.1,Physical Climate Risk (EIB),EIB_PR,0.3,UN Multilateral Engagement Score,UN_Index,0.5
RUN1348,Cumulative Emissions since 1990,X1990_2024,0.1,Gross National Product,GDP,0.1,Physical Climate Risk (EIB),EIB_PR,0.4,UN Multilateral Engagement Score,UN_Index,0.4
RUN1349,Cumulative Emissions since 1990,X1990_2024,0.1,Gross National Product,GDP,0.1,Physical Climate Risk (EIB),EIB_PR,0.5,UN Multilateral Engagement Score,UN_Index,0.3
RUN1350,Cumulative Emissions since 1990,X1990_2024,0.1,Gross National Product,GDP,0.1,Physical Climate Risk (EIB),EIB_PR,0.6,UN Multilateral Engagement Score,UN_Index,0.2
RUN1351,Cumulative Emissions since 1990,X1990_2024,0.1,Gross National Product,GDP,0.1,Physical Climate Risk (EIB),EIB_PR,0.7,UN Multilateral Engagement Score,UN_Index,0.1
RUN1352,Cumulative Emissions since 1990,X1990_2024,0.1,Gross National Product,GDP,0.2,Physical Climate Risk (EIB),EIB_PR,0.1,UN Multilateral Engagement Score,UN_Index,0.6
RUN1353,Cumulative Emissions since 1990,X1990_2024,0.1,Gross National Product,GDP,0.2,Physical Climate Risk (EIB),EIB_PR,0.2,UN Multilateral Engagement Score,UN_Index,0.5
RUN1354,Cumulative Emissions since 1990,X1990_2024,0.1,Gross National Product,GDP,0.2,Physical Climate Risk (EIB),EIB_PR,0.3,UN Multilateral Engagement Score,UN_Index,0.4
RUN1355,Cumulative Emissions since 1990,X1990_2024,0.1,Gross National Product,GDP,0.2,Physical Climate Risk (EIB),EIB_PR,0.4,UN Multilateral Engagement Score,UN_Index,0.3
RUN1356,Cumulative Emissions since 1990,X1990_2024,0.1,Gross National Product,GDP,0.2,Physical Climate Risk (EIB),EIB_PR,0.5,UN Multilateral Engagement Score,UN_Index,0.2
RUN1357,Cumulative Emissions since 1990,X1990_2024,0.1,Gross National Product,GDP,0.2,Physical Climate Risk (EIB),EIB_PR,0.6,UN Multilateral Engagement Score,UN_Index,0.1
RUN1358,Cumulative Emissions since 1990,X1990_2024,0.1,Gross National Product,GDP,0.3,Physical Climate Risk (EIB),EIB_PR,0.1,UN Multilateral Engagement Score,UN_Index,0.5
RUN1359,Cumulative Emissions since 1990,X1990_2024,0.1,Gross National Product,GDP,0.3,Physical Climate Risk (EIB),EIB_PR,0.2,UN Multilateral Engagement Score,UN_Index,0.4
RUN1360,Cumulative Emissions since 1990,X1990_2024,0.1,Gross National Product,GDP,0.3,Physical Climate Risk (EIB),EIB_PR,0.3,UN Multilateral Engagement Score,UN_Index,0.3
RUN1361,Cumulative Emissions since 1990,X1990_2024,0.1,Gross National Product,GDP,0.3,Physical Climate Risk (EIB),EIB_PR,0.4,UN Multilateral Engagement Score,UN_Index,0.2
RUN1362,Cumulative Emissions since 1990,X1990_2024,0.1,Gross National Product,GDP,0.3,Physical Climate Risk (EIB),EIB_PR,0.5,UN Multilateral Engagement Score,UN_Index,0.1
RUN1363,Cumulative Emissions since 1990,X1990_2024,0.1,Gross National Product,GDP,0.4,Physical Climate Risk (EIB),EIB_PR,0.1,UN Multilateral Engagement Score,UN_Index,0.4
RUN1364,Cumulative Emissions since 1990,X1990_2024,0.1,Gross National Product,GDP,0.4,Physical Climate Risk (EIB),EIB_PR,0.2,UN Multilateral Engagement Score,UN_Index,0.3
RUN1365,Cumulative Emissions since 1990,X1990_2024,0.1,Gross National Product,GDP,0.4,Physical Climate Risk (EIB),EIB_PR,0.3,UN Multilateral Engagement Score,UN_Index,0.2
RUN1366,Cumulative Emissions since 1990,X1990_2024,0.1,Gross National Product,GDP,0.4,Physical Climate Risk (EIB),EIB_PR,0.4,UN Multilateral Engagement Score,UN_Index,0.1
RUN1367,Cumulative Emissions since 1990,X1990_2024,0.1,Gross National Product,GDP,0.5,Physical Climate Risk (EIB),EIB_PR,0.1,UN Multilateral Engagement Score,UN_Index,0.3
RUN1368,Cumulative Emissions since 1990,X1990_2024,0.1,Gross National Product,GDP,0.5,Physical Climate Risk (EIB),EIB_PR,0.2,UN Multilateral Engagement Score,UN_Index,0.2
RUN1369,Cumulative Emissions since 1990,X1990_2024,0.1,Gross National Product,GDP,0.5,Physical Climate Risk (EIB),EIB_PR,0.3,UN Multilateral Engagement Score,UN_Index,0.1
RUN1370,Cumulative Emissions since 1990,X1990_2024,0.1,Gross National Product,GDP,0.6,Physical Climate Risk (EIB),EIB_PR,0.1,UN Multilateral Engagement Score,UN_Index,0.2
RUN1371,Cumulative Emissions since 1990,X1990_2024,0.1,Gross National Product,GDP,0.6,Physical Climate Risk (EIB),EIB_PR,0.2,UN Multilateral Engagement Score,UN_Index,0.1
RUN1372,Cumulative Emissions since 1990,X1990_2024,0.1,Gross National Product,GDP,0.7,Physical Climate Risk (EIB),EIB_PR,0.1,UN Multilateral Engagement Score,UN_Index,0.1
RUN1373,Cumulative Emissions since 1990,X1990_2024,0.2,Gross National Product,GDP,0.1,Physical Climate Risk (EIB),EIB_PR,0.1,UN Multilateral Engagement Score,UN_Index,0.6
RUN1374,Cumulative Emissions since 1990,X1990_2024,0.2,Gross National Product,GDP,0.1,Physical Climate Risk (EIB),EIB_PR,0.2,UN Multilateral Engagement Score,UN_Index,0.5
RUN1375,Cumulative Emissions since 1990,X1990_2024,0.2,Gross National Product,GDP,0.1,Physical Climate Risk (EIB),EIB_PR,0.3,UN Multilateral Engagement Score,UN_Index,0.4
RUN1376,Cumulative Emissions since 1990,X1990_2024,0.2,Gross National Product,GDP,0.1,Physical Climate Risk (EIB),EIB_PR,0.4,UN Multilateral Engagement Score,UN_Index,0.3
RUN1377,Cumulative Emissions since 1990,X1990_2024,0.2,Gross National Product,GDP,0.1,Physical Climate Risk (EIB),EIB_PR,0.5,UN Multilateral Engagement Score,UN_Index,0.2
RUN1378,Cumulative Emissions since 1990,X1990_2024,0.2,Gross National Product,GDP,0.1,Physical Climate Risk (EIB),EIB_PR,0.6,UN Multilateral Engagement Score,UN_Index,0.1
RUN1379,Cumulative Emissions since 1990,X1990_2024,0.2,Gross National Product,GDP,0.2,Physical Climate Risk (EIB),EIB_PR,0.1,UN Multilateral Engagement Score,UN_Index,0.5
RUN1380,Cumulative Emissions since 1990,X1990_2024,0.2,Gross National Product,GDP,0.2,Physical Climate Risk (EIB),EIB_PR,0.2,UN Multilateral Engagement Score,UN_Index,0.4
RUN1381,Cumulative Emissions since 1990,X1990_2024,0.2,Gross National Product,GDP,0.2,Physical Climate Risk (EIB),EIB_PR,0.3,UN Multilateral Engagement Score,UN_Index,0.3
RUN1382,Cumulative Emissions since 1990,X1990_2024,0.2,Gross National Product,GDP,0.2,Physical Climate Risk (EIB),EIB_PR,0.4,UN Multilateral Engagement Score,UN_Index,0.2
RUN1383,Cumulative Emissions since 1990,X1990_2024,0.2,Gross National Product,GDP,0.2,Physical Climate Risk (EIB),EIB_PR,0.5,UN Multilateral Engagement Score,UN_Index,0.1
RUN1384,Cumulative Emissions since 1990,X1990_2024,0.2,Gross National Product,GDP,0.3,Physical Climate Risk (EIB),EIB_PR,0.1,UN Multilateral Engagement Score,UN_Index,0.4
RUN1385,Cumulative Emissions since 1990,X1990_2024,0.2,Gross National Product,GDP,0.3,Physical Climate Risk (EIB),EIB_PR,0.2,UN Multilateral Engagement Score,UN_Index,0.3
RUN1386,Cumulative Emissions since 1990,X1990_2024,0.2,Gross National Product,GDP,0.3,Physical Climate Risk (EIB),EIB_PR,0.3,UN Multilateral Engagement Score,UN_Index,0.2
RUN1387,Cumulative Emissions since 1990,X1990_2024,0.2,Gross National Product,GDP,0.3,Physical Climate Risk (EIB),EIB_PR,0.4,UN Multilateral Engagement Score,UN_Index,0.1
RUN1388,Cumulative Emissions since 1990,X1990_2024,0.2,Gross National Product,GDP,0.4,Physical Climate Risk (EIB),EIB_PR,0.1,UN Multilateral Engagement Score,UN_Index,0.3
RUN1389,Cumulative Emissions since 1990,X1990_2024,0.2,Gross National Product,GDP,0.4,Physical Climate Risk (EIB),EIB_PR,0.2,UN Multilateral Engagement Score,UN_Index,0.2
RUN1390,Cumulative Emissions since 1990,X1990_2024,0.2,Gross National Product,GDP,0.4,Physical Climate Risk (EIB),EIB_PR,0.3,UN Multilateral Engagement Score,UN_Index,0.1
RUN1391,Cumulative Emissions since 1990,X1990_2024,0.2,Gross National Product,GDP,0.5,Physical Climate Risk (EIB),EIB_PR,0.1,UN Multilateral Engagement Score,UN_Index,0.2
RUN1392,Cumulative Emissions since 1990,X1990_2024,0.2,Gross National Product,GDP,0.5,Physical Climate Risk (EIB),EIB_PR,0.2,UN Multilateral Engagement Score,UN_Index,0.1
RUN1393,Cumulative Emissions since 1990,X1990_2024,0.2,Gross National Product,GDP,0.6,Physical Climate Risk (EIB),EIB_PR,0.1,UN Multilateral Engagement Score,UN_Index,0.1
RUN1394,Cumulative Emissions since 1990,X1990_2024,0.3,Gross National Product,GDP,0.1,Physical Climate Risk (EIB),EIB_PR,0.1,UN Multilateral Engagement Score,UN_Index,0.5
RUN1395,Cumulative Emissions since 1990,X1990_2024,0.3,Gross National Product,GDP,0.1,Physical Climate Risk (EIB),EIB_PR,0.2,UN Multilateral Engagement Score,UN_Index,0.4
RUN1396,Cumulative Emissions since 1990,X1990_2024,0.3,Gross National Product,GDP,0.1,Physical Climate Risk (EIB),EIB_PR,0.3,UN Multilateral Engagement Score,UN_Index,0.3
RUN1397,Cumulative Emissions since 1990,X1990_2024,0.3,Gross National Product,GDP,0.1,Physical Climate Risk (EIB),EIB_PR,0.4,UN Multilateral Engagement Score,UN_Index,0.2
RUN1398,Cumulative Emissions since 1990,X1990_2024,0.3,Gross National Product,GDP,0.1,Physical Climate Risk (EIB),EIB_PR,0.5,UN Multilateral Engagement Score,UN_Index,0.1
RUN1399,Cumulative Emissions since 1990,X1990_2024,0.3,Gross National Product,GDP,0.2,Physical Climate Risk (EIB),EIB_PR,0.1,UN Multilateral Engagement Score,UN_Index,0.4
RUN1400,Cumulative Emissions since 1990,X1990_2024,0.3,Gross National Product,GDP,0.2,Physical Climate Risk (EIB),EIB_PR,0.2,UN Multilateral Engagement Score,UN_Index,0.3
RUN1401,Cumulative Emissions since 1990,X1990_2024,0.3,Gross National Product,GDP,0.2,Physical Climate Risk (EIB),EIB_PR,0.3,UN Multilateral Engagement Score,UN_Index,0.2
RUN1402,Cumulative Emissions since 1990,X1990_2024,0.3,Gross National Product,GDP,0.2,Physical Climate Risk (EIB),EIB_PR,0.4,UN Multilateral Engagement Score,UN_Index,0.1
RUN1403,Cumulative Emissions since 1990,X1990_2024,0.3,Gross National Product,GDP,0.3,Physical Climate Risk (EIB),EIB_PR,0.1,UN Multilateral Engagement Score,UN_Index,0.3
RUN1404,Cumulative Emissions since 1990,X1990_2024,0.3,Gross National Product,GDP,0.3,Physical Climate Risk (EIB),EIB_PR,0.2,UN Multilateral Engagement Score,UN_Index,0.2
RUN1405,Cumulative Emissions since 1990,X1990_2024,0.3,Gross National Product,GDP,0.3,Physical Climate Risk (EIB),EIB_PR,0.3,UN Multilateral Engagement Score,UN_Index,0.1
RUN1406,Cumulative Emissions since 1990,X1990_2024,0.3,Gross National Product,GDP,0.4,Physical Climate Risk (EIB),EIB_PR,0.1,UN Multilateral Engagement Score,UN_Index,0.2
RUN1407,Cumulative Emissions since 1990,X1990_2024,0.3,Gross National Product,GDP,0.4,Physical Climate Risk (EIB),EIB_PR,0.2,UN Multilateral Engagement Score,UN_Index,0.1
RUN1408,Cumulative Emissions since 1990,X1990_2024,0.3,Gross National Product,GDP,0.5,Physical Climate Risk (EIB),EIB_PR,0.1,UN Multilateral Engagement Score,UN_Index,0.1
RUN1409,Cumulative Emissions since 1990,X1990_2024,0.4,Gross National Product,GDP,0.1,Physical Climate Risk (EIB),EIB_PR,0.1,UN Multilateral Engagement Score,UN_Index,0.4
RUN1410,Cumulative Emissions since 1990,X1990_2024,0.4,Gross National Product,GDP,0.1,Physical Climate Risk (EIB),EIB_PR,0.2,UN Multilateral Engagement Score,UN_Index,0.3
RUN1411,Cumulative Emissions since 1990,X1990_2024,0.4,Gross National Product,GDP,0.1,Physical Climate Risk (EIB),EIB_PR,0.3,UN Multilateral Engagement Score,UN_Index,0.2
RUN1412,Cumulative Emissions since 1990,X1990_2024,0.4,Gross National Product,GDP,0.1,Physical Climate Risk (EIB),EIB_PR,0.4,UN Multilateral Engagement Score,UN_Index,0.1
RUN1413,Cumulative Emissions since 1990,X1990_2024,0.4,Gross National Product,GDP,0.2,Physical Climate Risk (EIB),EIB_PR,0.1,UN Multilateral Engagement Score,UN_Index,0.3
RUN1414,Cumulative Emissions since 1990,X1990_2024,0.4,Gross National Product,GDP,0.2,Physical Climate Risk (EIB),EIB_PR,0.2,UN Multilateral Engagement Score,UN_Index,0.2
RUN1415,Cumulative Emissions since 1990,X1990_2024,0.4,Gross National Product,GDP,0.2,Physical Climate Risk (EIB),EIB_PR,0.3,UN Multilateral Engagement Score,UN_Index,0.1
RUN1416,Cumulative Emissions since 1990,X1990_2024,0.4,Gross National Product,GDP,0.3,Physical Climate Risk (EIB),EIB_PR,0.1,UN Multilateral Engagement Score,UN_Index,0.2
RUN1417,Cumulative Emissions since 1990,X1990_2024,0.4,Gross National Product,GDP,0.3,Physical Climate Risk (EIB),EIB_PR,0.2,UN Multilateral Engagement Score,UN_Index,0.1
RUN1418,Cumulative Emissions since 1990,X1990_2024,0.4,Gross National Product,GDP,0.4,Physical Climate Risk (EIB),EIB_PR,0.1,UN Multilateral Engagement Score,UN_Index,0.1
RUN1419,Cumulative Emissions since 1990,X1990_2024,0.5,Gross National Product,GDP,0.1,Physical Climate Risk (EIB),EIB_PR,0.1,UN Multilateral Engagement Score,UN_Index,0.3
RUN1420,Cumulative Emissions since 1990,X1990_2024,0.5,Gross National Product,GDP,0.1,Physical Climate Risk (EIB),EIB_PR,0.2,UN Multilateral Engagement Score,UN_Index,0.2
RUN1421,Cumulative Emissions since 1990,X1990_2024,0.5,Gross National Product,GDP,0.1,Physical Climate Risk (EIB),EIB_PR,0.3,UN Multilateral Engagement Score,UN_Index,0.1
RUN1422,Cumulative Emissions since 1990,X1990_2024,0.5,Gross National Product,GDP,0.2,Physical Climate Risk (EIB),EIB_PR,0.1,UN Multilateral Engagement Score,UN_Index,0.2
RUN1423,Cumulative Emissions since 1990,X1990_2024,0.5,Gross National Product,GDP,0.2,Physical Climate Risk (EIB),EIB_PR,0.2,UN Multilateral Engagement Score,UN_Index,0.1
RUN1424,Cumulative Emissions since 1990,X1990_2024,0.5,Gross National Product,GDP,0.3,Physical Climate Risk (EIB),EIB_PR,0.1,UN Multilateral Engagement Score,UN_Index,0.1
RUN1425,Cumulative Emissions since 1990,X1990_2024,0.6,Gross National Product,GDP,0.1,Physical Climate Risk (EIB),EIB_PR,0.1,UN Multilateral Engagement Score,UN_Index,0.2
RUN1426,Cumulative Emissions since 1990,X1990_2024,0.6,Gross National Product,GDP,0.1,Physical Climate Risk (EIB),EIB_PR,0.2,UN Multilateral Engagement Score,UN_Index,0.1
RUN1427,Cumulative Emissions since 1990,X1990_2024,0.6,Gross National Product,GDP,0.2,Physical Climate Risk (EIB),EIB_PR,0.1,UN Multilateral Engagement Score,UN_Index,0.1
RUN1428,Cumulative Emissions since 1990,X1990_2024,0.7,Gross National Product,GDP,0.1,Physical Climate Risk (EIB),EIB_PR,0.1,UN Multilateral Engagement Score,UN_Index,0.1
RUN1429,Cumulative Emissions since 1990,X1990_2024,0.1,Gross National Product,GDP,0.1,Transition Climate Risk (EIB),EIB_TR,0.1,UN Multilateral Engagement Score,UN_Index,0.7
RUN1430,Cumulative Emissions since 1990,X1990_2024,0.1,Gross National Product,GDP,0.1,Transition Climate Risk (EIB),EIB_TR,0.2,UN Multilateral Engagement Score,UN_Index,0.6
RUN1431,Cumulative Emissions since 1990,X1990_2024,0.1,Gross National Product,GDP,0.1,Transition Climate Risk (EIB),EIB_TR,0.3,UN Multilateral Engagement Score,UN_Index,0.5
RUN1432,Cumulative Emissions since 1990,X1990_2024,0.1,Gross National Product,GDP,0.1,Transition Climate Risk (EIB),EIB_TR,0.4,UN Multilateral Engagement Score,UN_Index,0.4
RUN1433,Cumulative Emissions since 1990,X1990_2024,0.1,Gross National Product,GDP,0.1,Transition Climate Risk (EIB),EIB_TR,0.5,UN Multilateral Engagement Score,UN_Index,0.3
RUN1434,Cumulative Emissions since 1990,X1990_2024,0.1,Gross National Product,GDP,0.1,Transition Climate Risk (EIB),EIB_TR,0.6,UN Multilateral Engagement Score,UN_Index,0.2
RUN1435,Cumulative Emissions since 1990,X1990_2024,0.1,Gross National Product,GDP,0.1,Transition Climate Risk (EIB),EIB_TR,0.7,UN Multilateral Engagement Score,UN_Index,0.1
RUN1436,Cumulative Emissions since 1990,X1990_2024,0.1,Gross National Product,GDP,0.2,Transition Climate Risk (EIB),EIB_TR,0.1,UN Multilateral Engagement Score,UN_Index,0.6
RUN1437,Cumulative Emissions since 1990,X1990_2024,0.1,Gross National Product,GDP,0.2,Transition Climate Risk (EIB),EIB_TR,0.2,UN Multilateral Engagement Score,UN_Index,0.5
RUN1438,Cumulative Emissions since 1990,X1990_2024,0.1,Gross National Product,GDP,0.2,Transition Climate Risk (EIB),EIB_TR,0.3,UN Multilateral Engagement Score,UN_Index,0.4
RUN1439,Cumulative Emissions since 1990,X1990_2024,0.1,Gross National Product,GDP,0.2,Transition Climate Risk (EIB),EIB_TR,0.4,UN Multilateral Engagement Score,UN_Index,0.3
RUN1440,Cumulative Emissions since 1990,X1990_2024,0.1,Gross National Product,GDP,0.2,Transition Climate Risk (EIB),EIB_TR,0.5,UN Multilateral Engagement Score,UN_Index,0.2
RUN1441,Cumulative Emissions since 1990,X1990_2024,0.1,Gross National Product,GDP,0.2,Transition Climate Risk (EIB),EIB_TR,0.6,UN Multilateral Engagement Score,UN_Index,0.1
RUN1442,Cumulative Emissions since 1990,X1990_2024,0.1,Gross National Product,GDP,0.3,Transition Climate Risk (EIB),EIB_TR,0.1,UN Multilateral Engagement Score,UN_Index,0.5
RUN1443,Cumulative Emissions since 1990,X1990_2024,0.1,Gross National Product,GDP,0.3,Transition Climate Risk (EIB),EIB_TR,0.2,UN Multilateral Engagement Score,UN_Index,0.4
RUN1444,Cumulative Emissions since 1990,X1990_2024,0.1,Gross National Product,GDP,0.3,Transition Climate Risk (EIB),EIB_TR,0.3,UN Multilateral Engagement Score,UN_Index,0.3
RUN1445,Cumulative Emissions since 1990,X1990_2024,0.1,Gross National Product,GDP,0.3,Transition Climate Risk (EIB),EIB_TR,0.4,UN Multilateral Engagement Score,UN_Index,0.2
RUN1446,Cumulative Emissions since 1990,X1990_2024,0.1,Gross National Product,GDP,0.3,Transition Climate Risk (EIB),EIB_TR,0.5,UN Multilateral Engagement Score,UN_Index,0.1
RUN1447,Cumulative Emissions since 1990,X1990_2024,0.1,Gross National Product,GDP,0.4,Transition Climate Risk (EIB),EIB_TR,0.1,UN Multilateral Engagement Score,UN_Index,0.4
RUN1448,Cumulative Emissions since 1990,X1990_2024,0.1,Gross National Product,GDP,0.4,Transition Climate Risk (EIB),EIB_TR,0.2,UN Multilateral Engagement Score,UN_Index,0.3
RUN1449,Cumulative Emissions since 1990,X1990_2024,0.1,Gross National Product,GDP,0.4,Transition Climate Risk (EIB),EIB_TR,0.3,UN Multilateral Engagement Score,UN_Index,0.2
RUN1450,Cumulative Emissions since 1990,X1990_2024,0.1,Gross National Product,GDP,0.4,Transition Climate Risk (EIB),EIB_TR,0.4,UN Multilateral Engagement Score,UN_Index,0.1
RUN1451,Cumulative Emissions since 1990,X1990_2024,0.1,Gross National Product,GDP,0.5,Transition Climate Risk (EIB),EIB_TR,0.1,UN Multilateral Engagement Score,UN_Index,0.3
RUN1452,Cumulative Emissions since 1990,X1990_2024,0.1,Gross National Product,GDP,0.5,Transition Climate Risk (EIB),EIB_TR,0.2,UN Multilateral Engagement Score,UN_Index,0.2
RUN1453,Cumulative Emissions since 1990,X1990_2024,0.1,Gross National Product,GDP,0.5,Transition Climate Risk (EIB),EIB_TR,0.3,UN Multilateral Engagement Score,UN_Index,0.1
RUN1454,Cumulative Emissions since 1990,X1990_2024,0.1,Gross National Product,GDP,0.6,Transition Climate Risk (EIB),EIB_TR,0.1,UN Multilateral Engagement Score,UN_Index,0.2
RUN1455,Cumulative Emissions since 1990,X1990_2024,0.1,Gross National Product,GDP,0.6,Transition Climate Risk (EIB),EIB_TR,0.2,UN Multilateral Engagement Score,UN_Index,0.1
RUN1456,Cumulative Emissions since 1990,X1990_2024,0.1,Gross National Product,GDP,0.7,Transition Climate Risk (EIB),EIB_TR,0.1,UN Multilateral Engagement Score,UN_Index,0.1
RUN1457,Cumulative Emissions since 1990,X1990_2024,0.2,Gross National Product,GDP,0.1,Transition Climate Risk (EIB),EIB_TR,0.1,UN Multilateral Engagement Score,UN_Index,0.6
RUN1458,Cumulative Emissions since 1990,X1990_2024,0.2,Gross National Product,GDP,0.1,Transition Climate Risk (EIB),EIB_TR,0.2,UN Multilateral Engagement Score,UN_Index,0.5
RUN1459,Cumulative Emissions since 1990,X1990_2024,0.2,Gross National Product,GDP,0.1,Transition Climate Risk (EIB),EIB_TR,0.3,UN Multilateral Engagement Score,UN_Index,0.4
RUN1460,Cumulative Emissions since 1990,X1990_2024,0.2,Gross National Product,GDP,0.1,Transition Climate Risk (EIB),EIB_TR,0.4,UN Multilateral Engagement Score,UN_Index,0.3
RUN1461,Cumulative Emissions since 1990,X1990_2024,0.2,Gross National Product,GDP,0.1,Transition Climate Risk (EIB),EIB_TR,0.5,UN Multilateral Engagement Score,UN_Index,0.2
RUN1462,Cumulative Emissions since 1990,X1990_2024,0.2,Gross National Product,GDP,0.1,Transition Climate Risk (EIB),EIB_TR,0.6,UN Multilateral Engagement Score,UN_Index,0.1
RUN1463,Cumulative Emissions since 1990,X1990_2024,0.2,Gross National Product,GDP,0.2,Transition Climate Risk (EIB),EIB_TR,0.1,UN Multilateral Engagement Score,UN_Index,0.5
RUN1464,Cumulative Emissions since 1990,X1990_2024,0.2,Gross National Product,GDP,0.2,Transition Climate Risk (EIB),EIB_TR,0.2,UN Multilateral Engagement Score,UN_Index,0.4
RUN1465,Cumulative Emissions since 1990,X1990_2024,0.2,Gross National Product,GDP,0.2,Transition Climate Risk (EIB),EIB_TR,0.3,UN Multilateral Engagement Score,UN_Index,0.3
RUN1466,Cumulative Emissions since 1990,X1990_2024,0.2,Gross National Product,GDP,0.2,Transition Climate Risk (EIB),EIB_TR,0.4,UN Multilateral Engagement Score,UN_Index,0.2
RUN1467,Cumulative Emissions since 1990,X1990_2024,0.2,Gross National Product,GDP,0.2,Transition Climate Risk (EIB),EIB_TR,0.5,UN Multilateral Engagement Score,UN_Index,0.1
RUN1468,Cumulative Emissions since 1990,X1990_2024,0.2,Gross National Product,GDP,0.3,Transition Climate Risk (EIB),EIB_TR,0.1,UN Multilateral Engagement Score,UN_Index,0.4
RUN1469,Cumulative Emissions since 1990,X1990_2024,0.2,Gross National Product,GDP,0.3,Transition Climate Risk (EIB),EIB_TR,0.2,UN Multilateral Engagement Score,UN_Index,0.3
RUN1470,Cumulative Emissions since 1990,X1990_2024,0.2,Gross National Product,GDP,0.3,Transition Climate Risk (EIB),EIB_TR,0.3,UN Multilateral Engagement Score,UN_Index,0.2
RUN1471,Cumulative Emissions since 1990,X1990_2024,0.2,Gross National Product,GDP,0.3,Transition Climate Risk (EIB),EIB_TR,0.4,UN Multilateral Engagement Score,UN_Index,0.1
RUN1472,Cumulative Emissions since 1990,X1990_2024,0.2,Gross National Product,GDP,0.4,Transition Climate Risk (EIB),EIB_TR,0.1,UN Multilateral Engagement Score,UN_Index,0.3
RUN1473,Cumulative Emissions since 1990,X1990_2024,0.2,Gross National Product,GDP,0.4,Transition Climate Risk (EIB),EIB_TR,0.2,UN Multilateral Engagement Score,UN_Index,0.2
RUN1474,Cumulative Emissions since 1990,X1990_2024,0.2,Gross National Product,GDP,0.4,Transition Climate Risk (EIB),EIB_TR,0.3,UN Multilateral Engagement Score,UN_Index,0.1
RUN1475,Cumulative Emissions since 1990,X1990_2024,0.2,Gross National Product,GDP,0.5,Transition Climate Risk (EIB),EIB_TR,0.1,UN Multilateral Engagement Score,UN_Index,0.2
RUN1476,Cumulative Emissions since 1990,X1990_2024,0.2,Gross National Product,GDP,0.5,Transition Climate Risk (EIB),EIB_TR,0.2,UN Multilateral Engagement Score,UN_Index,0.1
RUN1477,Cumulative Emissions since 1990,X1990_2024,0.2,Gross National Product,GDP,0.6,Transition Climate Risk (EIB),EIB_TR,0.1,UN Multilateral Engagement Score,UN_Index,0.1
RUN1478,Cumulative Emissions since 1990,X1990_2024,0.3,Gross National Product,GDP,0.1,Transition Climate Risk (EIB),EIB_TR,0.1,UN Multilateral Engagement Score,UN_Index,0.5
RUN1479,Cumulative Emissions since 1990,X1990_2024,0.3,Gross National Product,GDP,0.1,Transition Climate Risk (EIB),EIB_TR,0.2,UN Multilateral Engagement Score,UN_Index,0.4
RUN1480,Cumulative Emissions since 1990,X1990_2024,0.3,Gross National Product,GDP,0.1,Transition Climate Risk (EIB),EIB_TR,0.3,UN Multilateral Engagement Score,UN_Index,0.3
RUN1481,Cumulative Emissions since 1990,X1990_2024,0.3,Gross National Product,GDP,0.1,Transition Climate Risk (EIB),EIB_TR,0.4,UN Multilateral Engagement Score,UN_Index,0.2
RUN1482,Cumulative Emissions since 1990,X1990_2024,0.3,Gross National Product,GDP,0.1,Transition Climate Risk (EIB),EIB_TR,0.5,UN Multilateral Engagement Score,UN_Index,0.1
RUN1483,Cumulative Emissions since 1990,X1990_2024,0.3,Gross National Product,GDP,0.2,Transition Climate Risk (EIB),EIB_TR,0.1,UN Multilateral Engagement Score,UN_Index,0.4
RUN1484,Cumulative Emissions since 1990,X1990_2024,0.3,Gross National Product,GDP,0.2,Transition Climate Risk (EIB),EIB_TR,0.2,UN Multilateral Engagement Score,UN_Index,0.3
RUN1485,Cumulative Emissions since 1990,X1990_2024,0.3,Gross National Product,GDP,0.2,Transition Climate Risk (EIB),EIB_TR,0.3,UN Multilateral Engagement Score,UN_Index,0.2
RUN1486,Cumulative Emissions since 1990,X1990_2024,0.3,Gross National Product,GDP,0.2,Transition Climate Risk (EIB),EIB_TR,0.4,UN Multilateral Engagement Score,UN_Index,0.1
RUN1487,Cumulative Emissions since 1990,X1990_2024,0.3,Gross National Product,GDP,0.3,Transition Climate Risk (EIB),EIB_TR,0.1,UN Multilateral Engagement Score,UN_Index,0.3
RUN1488,Cumulative Emissions since 1990,X1990_2024,0.3,Gross National Product,GDP,0.3,Transition Climate Risk (EIB),EIB_TR,0.2,UN Multilateral Engagement Score,UN_Index,0.2
RUN1489,Cumulative Emissions since 1990,X1990_2024,0.3,Gross National Product,GDP,0.3,Transition Climate Risk (EIB),EIB_TR,0.3,UN Multilateral Engagement Score,UN_Index,0.1
RUN1490,Cumulative Emissions since 1990,X1990_2024,0.3,Gross National Product,GDP,0.4,Transition Climate Risk (EIB),EIB_TR,0.1,UN Multilateral Engagement Score,UN_Index,0.2
RUN1491,Cumulative Emissions since 1990,X1990_2024,0.3,Gross National Product,GDP,0.4,Transition Climate Risk (EIB),EIB_TR,0.2,UN Multilateral Engagement Score,UN_Index,0.1
RUN1492,Cumulative Emissions since 1990,X1990_2024,0.3,Gross National Product,GDP,0.5,Transition Climate Risk (EIB),EIB_TR,0.1,UN Multilateral Engagement Score,UN_Index,0.1
RUN1493,Cumulative Emissions since 1990,X1990_2024,0.4,Gross National Product,GDP,0.1,Transition Climate Risk (EIB),EIB_TR,0.1,UN Multilateral Engagement Score,UN_Index,0.4
RUN1494,Cumulative Emissions since 1990,X1990_2024,0.4,Gross National Product,GDP,0.1,Transition Climate Risk (EIB),EIB_TR,0.2,UN Multilateral Engagement Score,UN_Index,0.3
RUN1495,Cumulative Emissions since 1990,X1990_2024,0.4,Gross National Product,GDP,0.1,Transition Climate Risk (EIB),EIB_TR,0.3,UN Multilateral Engagement Score,UN_Index,0.2
RUN1496,Cumulative Emissions since 1990,X1990_2024,0.4,Gross National Product,GDP,0.1,Transition Climate Risk (EIB),EIB_TR,0.4,UN Multilateral Engagement Score,UN_Index,0.1
RUN1497,Cumulative Emissions since 1990,X1990_2024,0.4,Gross National Product,GDP,0.2,Transition Climate Risk (EIB),EIB_TR,0.1,UN Multilateral Engagement Score,UN_Index,0.3
RUN1498,Cumulative Emissions since 1990,X1990_2024,0.4,Gross National Product,GDP,0.2,Transition Climate Risk (EIB),EIB_TR,0.2,UN Multilateral Engagement Score,UN_Index,0.2
RUN1499,Cumulative Emissions since 1990,X1990_2024,0.4,Gross National Product,GDP,0.2,Transition Climate Risk (EIB),EIB_TR,0.3,UN Multilateral Engagement Score,UN_Index,0.1
RUN1500,Cumulative Emissions since 1990,X1990_2024,0.4,Gross National Product,GDP,0.3,Transition Climate Risk (EIB),EIB_TR,0.1,UN Multilateral Engagement Score,UN_Index,0.2
RUN1501,Cumulative Emissions since 1990,X1990_2024,0.4,Gross National Product,GDP,0.3,Transition Climate Risk (EIB),EIB_TR,0.2,UN Multilateral Engagement Score,UN_Index,0.1
RUN1502,Cumulative Emissions since 1990,X1990_2024,0.4,Gross National Product,GDP,0.4,Transition Climate Risk (EIB),EIB_TR,0.1,UN Multilateral Engagement Score,UN_Index,0.1
RUN1503,Cumulative Emissions since 1990,X1990_2024,0.5,Gross National Product,GDP,0.1,Transition Climate Risk (EIB),EIB_TR,0.1,UN Multilateral Engagement Score,UN_Index,0.3
RUN1504,Cumulative Emissions since 1990,X1990_2024,0.5,Gross National Product,GDP,0.1,Transition Climate Risk (EIB),EIB_TR,0.2,UN Multilateral Engagement Score,UN_Index,0.2
RUN1505,Cumulative Emissions since 1990,X1990_2024,0.5,Gross National Product,GDP,0.1,Transition Climate Risk (EIB),EIB_TR,0.3,UN Multilateral Engagement Score,UN_Index,0.1
RUN1506,Cumulative Emissions since 1990,X1990_2024,0.5,Gross National Product,GDP,0.2,Transition Climate Risk (EIB),EIB_TR,0.1,UN Multilateral Engagement Score,UN_Index,0.2
RUN1507,Cumulative Emissions since 1990,X1990_2024,0.5,Gross National Product,GDP,0.2,Transition Climate Risk (EIB),EIB_TR,0.2,UN Multilateral Engagement Score,UN_Index,0.1
RUN1508,Cumulative Emissions since 1990,X1990_2024,0.5,Gross National Product,GDP,0.3,Transition Climate Risk (EIB),EIB_TR,0.1,UN Multilateral Engagement Score,UN_Index,0.1
RUN1509,Cumulative Emissions since 1990,X1990_2024,0.6,Gross National Product,GDP,0.1,Transition Climate Risk (EIB),EIB_TR,0.1,UN Multilateral Engagement Score,UN_Index,0.2
RUN1510,Cumulative Emissions since 1990,X1990_2024,0.6,Gross National Product,GDP,0.1,Transition Climate Risk (EIB),EIB_TR,0.2,UN Multilateral Engagement Score,UN_Index,0.1
RUN1511,Cumulative Emissions since 1990,X1990_2024,0.6,Gross National Product,GDP,0.2,Transition Climate Risk (EIB),EIB_TR,0.1,UN Multilateral Engagement Score,UN_Index,0.1
RUN1512,Cumulative Emissions since 1990,X1990_2024,0.7,Gross National Product,GDP,0.1,Transition Climate Risk (EIB),EIB_TR,0.1,UN Multilateral Engagement Score,UN_Index,0.1
RUN1513,Cumulative Emissions since 1990,X1990_2024,0.1,Gross National Income per capita,GNI_pc,0.1,Climate Risk and Vulnerability Index,GAIN_CR,0.1,UN Multilateral Engagement Score,UN_Index,0.7
RUN1514,Cumulative Emissions since 1990,X1990_2024,0.1,Gross National Income per capita,GNI_pc,0.1,Climate Risk and Vulnerability Index,GAIN_CR,0.2,UN Multilateral Engagement Score,UN_Index,0.6
RUN1515,Cumulative Emissions since 1990,X1990_2024,0.1,Gross National Income per capita,GNI_pc,0.1,Climate Risk and Vulnerability Index,GAIN_CR,0.3,UN Multilateral Engagement Score,UN_Index,0.5
RUN1516,Cumulative Emissions since 1990,X1990_2024,0.1,Gross National Income per capita,GNI_pc,0.1,Climate Risk and Vulnerability Index,GAIN_CR,0.4,UN Multilateral Engagement Score,UN_Index,0.4
RUN1517,Cumulative Emissions since 1990,X1990_2024,0.1,Gross National Income per capita,GNI_pc,0.1,Climate Risk and Vulnerability Index,GAIN_CR,0.5,UN Multilateral Engagement Score,UN_Index,0.3
RUN1518,Cumulative Emissions since 1990,X1990_2024,0.1,Gross National Income per capita,GNI_pc,0.1,Climate Risk and Vulnerability Index,GAIN_CR,0.6,UN Multilateral Engagement Score,UN_Index,0.2
RUN1519,Cumulative Emissions since 1990,X1990_2024,0.1,Gross National Income per capita,GNI_pc,0.1,Climate Risk and Vulnerability Index,GAIN_CR,0.7,UN Multilateral Engagement Score,UN_Index,0.1
RUN1520,Cumulative Emissions since 1990,X1990_2024,0.1,Gross National Income per capita,GNI_pc,0.2,Climate Risk and Vulnerability Index,GAIN_CR,0.1,UN Multilateral Engagement Score,UN_Index,0.6
RUN1521,Cumulative Emissions since 1990,X1990_2024,0.1,Gross National Income per capita,GNI_pc,0.2,Climate Risk and Vulnerability Index,GAIN_CR,0.2,UN Multilateral Engagement Score,UN_Index,0.5
RUN1522,Cumulative Emissions since 1990,X1990_2024,0.1,Gross National Income per capita,GNI_pc,0.2,Climate Risk and Vulnerability Index,GAIN_CR,0.3,UN Multilateral Engagement Score,UN_Index,0.4
RUN1523,Cumulative Emissions since 1990,X1990_2024,0.1,Gross National Income per capita,GNI_pc,0.2,Climate Risk and Vulnerability Index,GAIN_CR,0.4,UN Multilateral Engagement Score,UN_Index,0.3
RUN1524,Cumulative Emissions since 1990,X1990_2024,0.1,Gross National Income per capita,GNI_pc,0.2,Climate Risk and Vulnerability Index,GAIN_CR,0.5,UN Multilateral Engagement Score,UN_Index,0.2
RUN1525,Cumulative Emissions since 1990,X1990_2024,0.1,Gross National Income per capita,GNI_pc,0.2,Climate Risk and Vulnerability Index,GAIN_CR,0.6,UN Multilateral Engagement Score,UN_Index,0.1
RUN1526,Cumulative Emissions since 1990,X1990_2024,0.1,Gross National Income per capita,GNI_pc,0.3,Climate Risk and Vulnerability Index,GAIN_CR,0.1,UN Multilateral Engagement Score,UN_Index,0.5
RUN1527,Cumulative Emissions since 1990,X1990_2024,0.1,Gross National Income per capita,GNI_pc,0.3,Climate Risk and Vulnerability Index,GAIN_CR,0.2,UN Multilateral Engagement Score,UN_Index,0.4
RUN1528,Cumulative Emissions since 1990,X1990_2024,0.1,Gross National Income per capita,GNI_pc,0.3,Climate Risk and Vulnerability Index,GAIN_CR,0.3,UN Multilateral Engagement Score,UN_Index,0.3
RUN1529,Cumulative Emissions since 1990,X1990_2024,0.1,Gross National Income per capita,GNI_pc,0.3,Climate Risk and Vulnerability Index,GAIN_CR,0.4,UN Multilateral Engagement Score,UN_Index,0.2
RUN1530,Cumulative Emissions since 1990,X1990_2024,0.1,Gross National Income per capita,GNI_pc,0.3,Climate Risk and Vulnerability Index,GAIN_CR,0.5,UN Multilateral Engagement Score,UN_Index,0.1
RUN1531,Cumulative Emissions since 1990,X1990_2024,0.1,Gross National Income per capita,GNI_pc,0.4,Climate Risk and Vulnerability Index,GAIN_CR,0.1,UN Multilateral Engagement Score,UN_Index,0.4
RUN1532,Cumulative Emissions since 1990,X1990_2024,0.1,Gross National Income per capita,GNI_pc,0.4,Climate Risk and Vulnerability Index,GAIN_CR,0.2,UN Multilateral Engagement Score,UN_Index,0.3
RUN1533,Cumulative Emissions since 1990,X1990_2024,0.1,Gross National Income per capita,GNI_pc,0.4,Climate Risk and Vulnerability Index,GAIN_CR,0.3,UN Multilateral Engagement Score,UN_Index,0.2
RUN1534,Cumulative Emissions since 1990,X1990_2024,0.1,Gross National Income per capita,GNI_pc,0.4,Climate Risk and Vulnerability Index,GAIN_CR,0.4,UN Multilateral Engagement Score,UN_Index,0.1
RUN1535,Cumulative Emissions since 1990,X1990_2024,0.1,Gross National Income per capita,GNI_pc,0.5,Climate Risk and Vulnerability Index,GAIN_CR,0.1,UN Multilateral Engagement Score,UN_Index,0.3
RUN1536,Cumulative Emissions since 1990,X1990_2024,0.1,Gross National Income per capita,GNI_pc,0.5,Climate Risk and Vulnerability Index,GAIN_CR,0.2,UN Multilateral Engagement Score,UN_Index,0.2
RUN1537,Cumulative Emissions since 1990,X1990_2024,0.1,Gross National Income per capita,GNI_pc,0.5,Climate Risk and Vulnerability Index,GAIN_CR,0.3,UN Multilateral Engagement Score,UN_Index,0.1
RUN1538,Cumulative Emissions since 1990,X1990_2024,0.1,Gross National Income per capita,GNI_pc,0.6,Climate Risk and Vulnerability Index,GAIN_CR,0.1,UN Multilateral Engagement Score,UN_Index,0.2
RUN1539,Cumulative Emissions since 1990,X1990_2024,0.1,Gross National Income per capita,GNI_pc,0.6,Climate Risk and Vulnerability Index,GAIN_CR,0.2,UN Multilateral Engagement Score,UN_Index,0.1
RUN1540,Cumulative Emissions since 1990,X1990_2024,0.1,Gross National Income per capita,GNI_pc,0.7,Climate Risk and Vulnerability Index,GAIN_CR,0.1,UN Multilateral Engagement Score,UN_Index,0.1
RUN1541,Cumulative Emissions since 1990,X1990_2024,0.2,Gross National Income per capita,GNI_pc,0.1,Climate Risk and Vulnerability Index,GAIN_CR,0.1,UN Multilateral Engagement Score,UN_Index,0.6
RUN1542,Cumulative Emissions since 1990,X1990_2024,0.2,Gross National Income per capita,GNI_pc,0.1,Climate Risk and Vulnerability Index,GAIN_CR,0.2,UN Multilateral Engagement Score,UN_Index,0.5
RUN1543,Cumulative Emissions since 1990,X1990_2024,0.2,Gross National Income per capita,GNI_pc,0.1,Climate Risk and Vulnerability Index,GAIN_CR,0.3,UN Multilateral Engagement Score,UN_Index,0.4
RUN1544,Cumulative Emissions since 1990,X1990_2024,0.2,Gross National Income per capita,GNI_pc,0.1,Climate Risk and Vulnerability Index,GAIN_CR,0.4,UN Multilateral Engagement Score,UN_Index,0.3
RUN1545,Cumulative Emissions since 1990,X1990_2024,0.2,Gross National Income per capita,GNI_pc,0.1,Climate Risk and Vulnerability Index,GAIN_CR,0.5,UN Multilateral Engagement Score,UN_Index,0.2
RUN1546,Cumulative Emissions since 1990,X1990_2024,0.2,Gross National Income per capita,GNI_pc,0.1,Climate Risk and Vulnerability Index,GAIN_CR,0.6,UN Multilateral Engagement Score,UN_Index,0.1
RUN1547,Cumulative Emissions since 1990,X1990_2024,0.2,Gross National Income per capita,GNI_pc,0.2,Climate Risk and Vulnerability Index,GAIN_CR,0.1,UN Multilateral Engagement Score,UN_Index,0.5
RUN1548,Cumulative Emissions since 1990,X1990_2024,0.2,Gross National Income per capita,GNI_pc,0.2,Climate Risk and Vulnerability Index,GAIN_CR,0.2,UN Multilateral Engagement Score,UN_Index,0.4
RUN1549,Cumulative Emissions since 1990,X1990_2024,0.2,Gross National Income per capita,GNI_pc,0.2,Climate Risk and Vulnerability Index,GAIN_CR,0.3,UN Multilateral Engagement Score,UN_Index,0.3
RUN1550,Cumulative Emissions since 1990,X1990_2024,0.2,Gross National Income per capita,GNI_pc,0.2,Climate Risk and Vulnerability Index,GAIN_CR,0.4,UN Multilateral Engagement Score,UN_Index,0.2
RUN1551,Cumulative Emissions since 1990,X1990_2024,0.2,Gross National Income per capita,GNI_pc,0.2,Climate Risk and Vulnerability Index,GAIN_CR,0.5,UN Multilateral Engagement Score,UN_Index,0.1
RUN1552,Cumulative Emissions since 1990,X1990_2024,0.2,Gross National Income per capita,GNI_pc,0.3,Climate Risk and Vulnerability Index,GAIN_CR,0.1,UN Multilateral Engagement Score,UN_Index,0.4
RUN1553,Cumulative Emissions since 1990,X1990_2024,0.2,Gross National Income per capita,GNI_pc,0.3,Climate Risk and Vulnerability Index,GAIN_CR,0.2,UN Multilateral Engagement Score,UN_Index,0.3
RUN1554,Cumulative Emissions since 1990,X1990_2024,0.2,Gross National Income per capita,GNI_pc,0.3,Climate Risk and Vulnerability Index,GAIN_CR,0.3,UN Multilateral Engagement Score,UN_Index,0.2
RUN1555,Cumulative Emissions since 1990,X1990_2024,0.2,Gross National Income per capita,GNI_pc,0.3,Climate Risk and Vulnerability Index,GAIN_CR,0.4,UN Multilateral Engagement Score,UN_Index,0.1
RUN1556,Cumulative Emissions since 1990,X1990_2024,0.2,Gross National Income per capita,GNI_pc,0.4,Climate Risk and Vulnerability Index,GAIN_CR,0.1,UN Multilateral Engagement Score,UN_Index,0.3
RUN1557,Cumulative Emissions since 1990,X1990_2024,0.2,Gross National Income per capita,GNI_pc,0.4,Climate Risk and Vulnerability Index,GAIN_CR,0.2,UN Multilateral Engagement Score,UN_Index,0.2
RUN1558,Cumulative Emissions since 1990,X1990_2024,0.2,Gross National Income per capita,GNI_pc,0.4,Climate Risk and Vulnerability Index,GAIN_CR,0.3,UN Multilateral Engagement Score,UN_Index,0.1
RUN1559,Cumulative Emissions since 1990,X1990_2024,0.2,Gross National Income per capita,GNI_pc,0.5,Climate Risk and Vulnerability Index,GAIN_CR,0.1,UN Multilateral Engagement Score,UN_Index,0.2
RUN1560,Cumulative Emissions since 1990,X1990_2024,0.2,Gross National Income per capita,GNI_pc,0.5,Climate Risk and Vulnerability Index,GAIN_CR,0.2,UN Multilateral Engagement Score,UN_Index,0.1
RUN1561,Cumulative Emissions since 1990,X1990_2024,0.2,Gross National Income per capita,GNI_pc,0.6,Climate Risk and Vulnerability Index,GAIN_CR,0.1,UN Multilateral Engagement Score,UN_Index,0.1
RUN1562,Cumulative Emissions since 1990,X1990_2024,0.3,Gross National Income per capita,GNI_pc,0.1,Climate Risk and Vulnerability Index,GAIN_CR,0.1,UN Multilateral Engagement Score,UN_Index,0.5
RUN1563,Cumulative Emissions since 1990,X1990_2024,0.3,Gross National Income per capita,GNI_pc,0.1,Climate Risk and Vulnerability Index,GAIN_CR,0.2,UN Multilateral Engagement Score,UN_Index,0.4
RUN1564,Cumulative Emissions since 1990,X1990_2024,0.3,Gross National Income per capita,GNI_pc,0.1,Climate Risk and Vulnerability Index,GAIN_CR,0.3,UN Multilateral Engagement Score,UN_Index,0.3
RUN1565,Cumulative Emissions since 1990,X1990_2024,0.3,Gross National Income per capita,GNI_pc,0.1,Climate Risk and Vulnerability Index,GAIN_CR,0.4,UN Multilateral Engagement Score,UN_Index,0.2
RUN1566,Cumulative Emissions since 1990,X1990_2024,0.3,Gross National Income per capita,GNI_pc,0.1,Climate Risk and Vulnerability Index,GAIN_CR,0.5,UN Multilateral Engagement Score,UN_Index,0.1
RUN1567,Cumulative Emissions since 1990,X1990_2024,0.3,Gross National Income per capita,GNI_pc,0.2,Climate Risk and Vulnerability Index,GAIN_CR,0.1,UN Multilateral Engagement Score,UN_Index,0.4
RUN1568,Cumulative Emissions since 1990,X1990_2024,0.3,Gross National Income per capita,GNI_pc,0.2,Climate Risk and Vulnerability Index,GAIN_CR,0.2,UN Multilateral Engagement Score,UN_Index,0.3
RUN1569,Cumulative Emissions since 1990,X1990_2024,0.3,Gross National Income per capita,GNI_pc,0.2,Climate Risk and Vulnerability Index,GAIN_CR,0.3,UN Multilateral Engagement Score,UN_Index,0.2
RUN1570,Cumulative Emissions since 1990,X1990_2024,0.3,Gross National Income per capita,GNI_pc,0.2,Climate Risk and Vulnerability Index,GAIN_CR,0.4,UN Multilateral Engagement Score,UN_Index,0.1
RUN1571,Cumulative Emissions since 1990,X1990_2024,0.3,Gross National Income per capita,GNI_pc,0.3,Climate Risk and Vulnerability Index,GAIN_CR,0.1,UN Multilateral Engagement Score,UN_Index,0.3
RUN1572,Cumulative Emissions since 1990,X1990_2024,0.3,Gross National Income per capita,GNI_pc,0.3,Climate Risk and Vulnerability Index,GAIN_CR,0.2,UN Multilateral Engagement Score,UN_Index,0.2
RUN1573,Cumulative Emissions since 1990,X1990_2024,0.3,Gross National Income per capita,GNI_pc,0.3,Climate Risk and Vulnerability Index,GAIN_CR,0.3,UN Multilateral Engagement Score,UN_Index,0.1
RUN1574,Cumulative Emissions since 1990,X1990_2024,0.3,Gross National Income per capita,GNI_pc,0.4,Climate Risk and Vulnerability Index,GAIN_CR,0.1,UN Multilateral Engagement Score,UN_Index,0.2
RUN1575,Cumulative Emissions since 1990,X1990_2024,0.3,Gross National Income per capita,GNI_pc,0.4,Climate Risk and Vulnerability Index,GAIN_CR,0.2,UN Multilateral Engagement Score,UN_Index,0.1
RUN1576,Cumulative Emissions since 1990,X1990_2024,0.3,Gross National Income per capita,GNI_pc,0.5,Climate Risk and Vulnerability Index,GAIN_CR,0.1,UN Multilateral Engagement Score,UN_Index,0.1
RUN1577,Cumulative Emissions since 1990,X1990_2024,0.4,Gross National Income per capita,GNI_pc,0.1,Climate Risk and Vulnerability Index,GAIN_CR,0.1,UN Multilateral Engagement Score,UN_Index,0.4
RUN1578,Cumulative Emissions since 1990,X1990_2024,0.4,Gross National Income per capita,GNI_pc,0.1,Climate Risk and Vulnerability Index,GAIN_CR,0.2,UN Multilateral Engagement Score,UN_Index,0.3
RUN1579,Cumulative Emissions since 1990,X1990_2024,0.4,Gross National Income per capita,GNI_pc,0.1,Climate Risk and Vulnerability Index,GAIN_CR,0.3,UN Multilateral Engagement Score,UN_Index,0.2
RUN1580,Cumulative Emissions since 1990,X1990_2024,0.4,Gross National Income per capita,GNI_pc,0.1,Climate Risk and Vulnerability Index,GAIN_CR,0.4,UN Multilateral Engagement Score,UN_Index,0.1
RUN1581,Cumulative Emissions since 1990,X1990_2024,0.4,Gross National Income per capita,GNI_pc,0.2,Climate Risk and Vulnerability Index,GAIN_CR,0.1,UN Multilateral Engagement Score,UN_Index,0.3
RUN1582,Cumulative Emissions since 1990,X1990_2024,0.4,Gross National Income per capita,GNI_pc,0.2,Climate Risk and Vulnerability Index,GAIN_CR,0.2,UN Multilateral Engagement Score,UN_Index,0.2
RUN1583,Cumulative Emissions since 1990,X1990_2024,0.4,Gross National Income per capita,GNI_pc,0.2,Climate Risk and Vulnerability Index,GAIN_CR,0.3,UN Multilateral Engagement Score,UN_Index,0.1
RUN1584,Cumulative Emissions since 1990,X1990_2024,0.4,Gross National Income per capita,GNI_pc,0.3,Climate Risk and Vulnerability Index,GAIN_CR,0.1,UN Multilateral Engagement Score,UN_Index,0.2
RUN1585,Cumulative Emissions since 1990,X1990_2024,0.4,Gross National Income per capita,GNI_pc,0.3,Climate Risk and Vulnerability Index,GAIN_CR,0.2,UN Multilateral Engagement Score,UN_Index,0.1
RUN1586,Cumulative Emissions since 1990,X1990_2024,0.4,Gross National Income per capita,GNI_pc,0.4,Climate Risk and Vulnerability Index,GAIN_CR,0.1,UN Multilateral Engagement Score,UN_Index,0.1
RUN1587,Cumulative Emissions since 1990,X1990_2024,0.5,Gross National Income per capita,GNI_pc,0.1,Climate Risk and Vulnerability Index,GAIN_CR,0.1,UN Multilateral Engagement Score,UN_Index,0.3
RUN1588,Cumulative Emissions since 1990,X1990_2024,0.5,Gross National Income per capita,GNI_pc,0.1,Climate Risk and Vulnerability Index,GAIN_CR,0.2,UN Multilateral Engagement Score,UN_Index,0.2
RUN1589,Cumulative Emissions since 1990,X1990_2024,0.5,Gross National Income per capita,GNI_pc,0.1,Climate Risk and Vulnerability Index,GAIN_CR,0.3,UN Multilateral Engagement Score,UN_Index,0.1
RUN1590,Cumulative Emissions since 1990,X1990_2024,0.5,Gross National Income per capita,GNI_pc,0.2,Climate Risk and Vulnerability Index,GAIN_CR,0.1,UN Multilateral Engagement Score,UN_Index,0.2
RUN1591,Cumulative Emissions since 1990,X1990_2024,0.5,Gross National Income per capita,GNI_pc,0.2,Climate Risk and Vulnerability Index,GAIN_CR,0.2,UN Multilateral Engagement Score,UN_Index,0.1
RUN1592,Cumulative Emissions since 1990,X1990_2024,0.5,Gross National Income per capita,GNI_pc,0.3,Climate Risk and Vulnerability Index,GAIN_CR,0.1,UN Multilateral Engagement Score,UN_Index,0.1
RUN1593,Cumulative Emissions since 1990,X1990_2024,0.6,Gross National Income per capita,GNI_pc,0.1,Climate Risk and Vulnerability Index,GAIN_CR,0.1,UN Multilateral Engagement Score,UN_Index,0.2
RUN1594,Cumulative Emissions since 1990,X1990_2024,0.6,Gross National Income per capita,GNI_pc,0.1,Climate Risk and Vulnerability Index,GAIN_CR,0.2,UN Multilateral Engagement Score,UN_Index,0.1
RUN1595,Cumulative Emissions since 1990,X1990_2024,0.6,Gross National Income per capita,GNI_pc,0.2,Climate Risk and Vulnerability Index,GAIN_CR,0.1,UN Multilateral Engagement Score,UN_Index,0.1
RUN1596,Cumulative Emissions since 1990,X1990_2024,0.7,Gross National Income per capita,GNI_pc,0.1,Climate Risk and Vulnerability Index,GAIN_CR,0.1,UN Multilateral Engagement Score,UN_Index,0.1
RUN1597,Cumulative Emissions since 1990,X1990_2024,0.1,Gross National Income per capita,GNI_pc,0.1,Physical Climate Risk (EIB),EIB_PR,0.1,UN Multilateral Engagement Score,UN_Index,0.7
RUN1598,Cumulative Emissions since 1990,X1990_2024,0.1,Gross National Income per capita,GNI_pc,0.1,Physical Climate Risk (EIB),EIB_PR,0.2,UN Multilateral Engagement Score,UN_Index,0.6
RUN1599,Cumulative Emissions since 1990,X1990_2024,0.1,Gross National Income per capita,GNI_pc,0.1,Physical Climate Risk (EIB),EIB_PR,0.3,UN Multilateral Engagement Score,UN_Index,0.5
RUN1600,Cumulative Emissions since 1990,X1990_2024,0.1,Gross National Income per capita,GNI_pc,0.1,Physical Climate Risk (EIB),EIB_PR,0.4,UN Multilateral Engagement Score,UN_Index,0.4
RUN1601,Cumulative Emissions since 1990,X1990_2024,0.1,Gross National Income per capita,GNI_pc,0.1,Physical Climate Risk (EIB),EIB_PR,0.5,UN Multilateral Engagement Score,UN_Index,0.3
RUN1602,Cumulative Emissions since 1990,X1990_2024,0.1,Gross National Income per capita,GNI_pc,0.1,Physical Climate Risk (EIB),EIB_PR,0.6,UN Multilateral Engagement Score,UN_Index,0.2
RUN1603,Cumulative Emissions since 1990,X1990_2024,0.1,Gross National Income per capita,GNI_pc,0.1,Physical Climate Risk (EIB),EIB_PR,0.7,UN Multilateral Engagement Score,UN_Index,0.1
RUN1604,Cumulative Emissions since 1990,X1990_2024,0.1,Gross National Income per capita,GNI_pc,0.2,Physical Climate Risk (EIB),EIB_PR,0.1,UN Multilateral Engagement Score,UN_Index,0.6
RUN1605,Cumulative Emissions since 1990,X1990_2024,0.1,Gross National Income per capita,GNI_pc,0.2,Physical Climate Risk (EIB),EIB_PR,0.2,UN Multilateral Engagement Score,UN_Index,0.5
RUN1606,Cumulative Emissions since 1990,X1990_2024,0.1,Gross National Income per capita,GNI_pc,0.2,Physical Climate Risk (EIB),EIB_PR,0.3,UN Multilateral Engagement Score,UN_Index,0.4
RUN1607,Cumulative Emissions since 1990,X1990_2024,0.1,Gross National Income per capita,GNI_pc,0.2,Physical Climate Risk (EIB),EIB_PR,0.4,UN Multilateral Engagement Score,UN_Index,0.3
RUN1608,Cumulative Emissions since 1990,X1990_2024,0.1,Gross National Income per capita,GNI_pc,0.2,Physical Climate Risk (EIB),EIB_PR,0.5,UN Multilateral Engagement Score,UN_Index,0.2
RUN1609,Cumulative Emissions since 1990,X1990_2024,0.1,Gross National Income per capita,GNI_pc,0.2,Physical Climate Risk (EIB),EIB_PR,0.6,UN Multilateral Engagement Score,UN_Index,0.1
RUN1610,Cumulative Emissions since 1990,X1990_2024,0.1,Gross National Income per capita,GNI_pc,0.3,Physical Climate Risk (EIB),EIB_PR,0.1,UN Multilateral Engagement Score,UN_Index,0.5
RUN1611,Cumulative Emissions since 1990,X1990_2024,0.1,Gross National Income per capita,GNI_pc,0.3,Physical Climate Risk (EIB),EIB_PR,0.2,UN Multilateral Engagement Score,UN_Index,0.4
RUN1612,Cumulative Emissions since 1990,X1990_2024,0.1,Gross National Income per capita,GNI_pc,0.3,Physical Climate Risk (EIB),EIB_PR,0.3,UN Multilateral Engagement Score,UN_Index,0.3
RUN1613,Cumulative Emissions since 1990,X1990_2024,0.1,Gross National Income per capita,GNI_pc,0.3,Physical Climate Risk (EIB),EIB_PR,0.4,UN Multilateral Engagement Score,UN_Index,0.2
RUN1614,Cumulative Emissions since 1990,X1990_2024,0.1,Gross National Income per capita,GNI_pc,0.3,Physical Climate Risk (EIB),EIB_PR,0.5,UN Multilateral Engagement Score,UN_Index,0.1
RUN1615,Cumulative Emissions since 1990,X1990_2024,0.1,Gross National Income per capita,GNI_pc,0.4,Physical Climate Risk (EIB),EIB_PR,0.1,UN Multilateral Engagement Score,UN_Index,0.4
RUN1616,Cumulative Emissions since 1990,X1990_2024,0.1,Gross National Income per capita,GNI_pc,0.4,Physical Climate Risk (EIB),EIB_PR,0.2,UN Multilateral Engagement Score,UN_Index,0.3
RUN1617,Cumulative Emissions since 1990,X1990_2024,0.1,Gross National Income per capita,GNI_pc,0.4,Physical Climate Risk (EIB),EIB_PR,0.3,UN Multilateral Engagement Score,UN_Index,0.2
RUN1618,Cumulative Emissions since 1990,X1990_2024,0.1,Gross National Income per capita,GNI_pc,0.4,Physical Climate Risk (EIB),EIB_PR,0.4,UN Multilateral Engagement Score,UN_Index,0.1
RUN1619,Cumulative Emissions since 1990,X1990_2024,0.1,Gross National Income per capita,GNI_pc,0.5,Physical Climate Risk (EIB),EIB_PR,0.1,UN Multilateral Engagement Score,UN_Index,0.3
RUN1620,Cumulative Emissions since 1990,X1990_2024,0.1,Gross National Income per capita,GNI_pc,0.5,Physical Climate Risk (EIB),EIB_PR,0.2,UN Multilateral Engagement Score,UN_Index,0.2
RUN1621,Cumulative Emissions since 1990,X1990_2024,0.1,Gross National Income per capita,GNI_pc,0.5,Physical Climate Risk (EIB),EIB_PR,0.3,UN Multilateral Engagement Score,UN_Index,0.1
RUN1622,Cumulative Emissions since 1990,X1990_2024,0.1,Gross National Income per capita,GNI_pc,0.6,Physical Climate Risk (EIB),EIB_PR,0.1,UN Multilateral Engagement Score,UN_Index,0.2
RUN1623,Cumulative Emissions since 1990,X1990_2024,0.1,Gross National Income per capita,GNI_pc,0.6,Physical Climate Risk (EIB),EIB_PR,0.2,UN Multilateral Engagement Score,UN_Index,0.1
RUN1624,Cumulative Emissions since 1990,X1990_2024,0.1,Gross National Income per capita,GNI_pc,0.7,Physical Climate Risk (EIB),EIB_PR,0.1,UN Multilateral Engagement Score,UN_Index,0.1
RUN1625,Cumulative Emissions since 1990,X1990_2024,0.2,Gross National Income per capita,GNI_pc,0.1,Physical Climate Risk (EIB),EIB_PR,0.1,UN Multilateral Engagement Score,UN_Index,0.6
RUN1626,Cumulative Emissions since 1990,X1990_2024,0.2,Gross National Income per capita,GNI_pc,0.1,Physical Climate Risk (EIB),EIB_PR,0.2,UN Multilateral Engagement Score,UN_Index,0.5
RUN1627,Cumulative Emissions since 1990,X1990_2024,0.2,Gross National Income per capita,GNI_pc,0.1,Physical Climate Risk (EIB),EIB_PR,0.3,UN Multilateral Engagement Score,UN_Index,0.4
RUN1628,Cumulative Emissions since 1990,X1990_2024,0.2,Gross National Income per capita,GNI_pc,0.1,Physical Climate Risk (EIB),EIB_PR,0.4,UN Multilateral Engagement Score,UN_Index,0.3
RUN1629,Cumulative Emissions since 1990,X1990_2024,0.2,Gross National Income per capita,GNI_pc,0.1,Physical Climate Risk (EIB),EIB_PR,0.5,UN Multilateral Engagement Score,UN_Index,0.2
RUN1630,Cumulative Emissions since 1990,X1990_2024,0.2,Gross National Income per capita,GNI_pc,0.1,Physical Climate Risk (EIB),EIB_PR,0.6,UN Multilateral Engagement Score,UN_Index,0.1
RUN1631,Cumulative Emissions since 1990,X1990_2024,0.2,Gross National Income per capita,GNI_pc,0.2,Physical Climate Risk (EIB),EIB_PR,0.1,UN Multilateral Engagement Score,UN_Index,0.5
RUN1632,Cumulative Emissions since 1990,X1990_2024,0.2,Gross National Income per capita,GNI_pc,0.2,Physical Climate Risk (EIB),EIB_PR,0.2,UN Multilateral Engagement Score,UN_Index,0.4
RUN1633,Cumulative Emissions since 1990,X1990_2024,0.2,Gross National Income per capita,GNI_pc,0.2,Physical Climate Risk (EIB),EIB_PR,0.3,UN Multilateral Engagement Score,UN_Index,0.3
RUN1634,Cumulative Emissions since 1990,X1990_2024,0.2,Gross National Income per capita,GNI_pc,0.2,Physical Climate Risk (EIB),EIB_PR,0.4,UN Multilateral Engagement Score,UN_Index,0.2
RUN1635,Cumulative Emissions since 1990,X1990_2024,0.2,Gross National Income per capita,GNI_pc,0.2,Physical Climate Risk (EIB),EIB_PR,0.5,UN Multilateral Engagement Score,UN_Index,0.1
RUN1636,Cumulative Emissions since 1990,X1990_2024,0.2,Gross National Income per capita,GNI_pc,0.3,Physical Climate Risk (EIB),EIB_PR,0.1,UN Multilateral Engagement Score,UN_Index,0.4
RUN1637,Cumulative Emissions since 1990,X1990_2024,0.2,Gross National Income per capita,GNI_pc,0.3,Physical Climate Risk (EIB),EIB_PR,0.2,UN Multilateral Engagement Score,UN_Index,0.3
RUN1638,Cumulative Emissions since 1990,X1990_2024,0.2,Gross National Income per capita,GNI_pc,0.3,Physical Climate Risk (EIB),EIB_PR,0.3,UN Multilateral Engagement Score,UN_Index,0.2
RUN1639,Cumulative Emissions since 1990,X1990_2024,0.2,Gross National Income per capita,GNI_pc,0.3,Physical Climate Risk (EIB),EIB_PR,0.4,UN Multilateral Engagement Score,UN_Index,0.1
RUN1640,Cumulative Emissions since 1990,X1990_2024,0.2,Gross National Income per capita,GNI_pc,0.4,Physical Climate Risk (EIB),EIB_PR,0.1,UN Multilateral Engagement Score,UN_Index,0.3
RUN1641,Cumulative Emissions since 1990,X1990_2024,0.2,Gross National Income per capita,GNI_pc,0.4,Physical Climate Risk (EIB),EIB_PR,0.2,UN Multilateral Engagement Score,UN_Index,0.2
RUN1642,Cumulative Emissions since 1990,X1990_2024,0.2,Gross National Income per capita,GNI_pc,0.4,Physical Climate Risk (EIB),EIB_PR,0.3,UN Multilateral Engagement Score,UN_Index,0.1
RUN1643,Cumulative Emissions since 1990,X1990_2024,0.2,Gross National Income per capita,GNI_pc,0.5,Physical Climate Risk (EIB),EIB_PR,0.1,UN Multilateral Engagement Score,UN_Index,0.2
RUN1644,Cumulative Emissions since 1990,X1990_2024,0.2,Gross National Income per capita,GNI_pc,0.5,Physical Climate Risk (EIB),EIB_PR,0.2,UN Multilateral Engagement Score,UN_Index,0.1
RUN1645,Cumulative Emissions since 1990,X1990_2024,0.2,Gross National Income per capita,GNI_pc,0.6,Physical Climate Risk (EIB),EIB_PR,0.1,UN Multilateral Engagement Score,UN_Index,0.1
RUN1646,Cumulative Emissions since 1990,X1990_2024,0.3,Gross National Income per capita,GNI_pc,0.1,Physical Climate Risk (EIB),EIB_PR,0.1,UN Multilateral Engagement Score,UN_Index,0.5
RUN1647,Cumulative Emissions since 1990,X1990_2024,0.3,Gross National Income per capita,GNI_pc,0.1,Physical Climate Risk (EIB),EIB_PR,0.2,UN Multilateral Engagement Score,UN_Index,0.4
RUN1648,Cumulative Emissions since 1990,X1990_2024,0.3,Gross National Income per capita,GNI_pc,0.1,Physical Climate Risk (EIB),EIB_PR,0.3,UN Multilateral Engagement Score,UN_Index,0.3
RUN1649,Cumulative Emissions since 1990,X1990_2024,0.3,Gross National Income per capita,GNI_pc,0.1,Physical Climate Risk (EIB),EIB_PR,0.4,UN Multilateral Engagement Score,UN_Index,0.2
RUN1650,Cumulative Emissions since 1990,X1990_2024,0.3,Gross National Income per capita,GNI_pc,0.1,Physical Climate Risk (EIB),EIB_PR,0.5,UN Multilateral Engagement Score,UN_Index,0.1
RUN1651,Cumulative Emissions since 1990,X1990_2024,0.3,Gross National Income per capita,GNI_pc,0.2,Physical Climate Risk (EIB),EIB_PR,0.1,UN Multilateral Engagement Score,UN_Index,0.4
RUN1652,Cumulative Emissions since 1990,X1990_2024,0.3,Gross National Income per capita,GNI_pc,0.2,Physical Climate Risk (EIB),EIB_PR,0.2,UN Multilateral Engagement Score,UN_Index,0.3
RUN1653,Cumulative Emissions since 1990,X1990_2024,0.3,Gross National Income per capita,GNI_pc,0.2,Physical Climate Risk (EIB),EIB_PR,0.3,UN Multilateral Engagement Score,UN_Index,0.2
RUN1654,Cumulative Emissions since 1990,X1990_2024,0.3,Gross National Income per capita,GNI_pc,0.2,Physical Climate Risk (EIB),EIB_PR,0.4,UN Multilateral Engagement Score,UN_Index,0.1
RUN1655,Cumulative Emissions since 1990,X1990_2024,0.3,Gross National Income per capita,GNI_pc,0.3,Physical Climate Risk (EIB),EIB_PR,0.1,UN Multilateral Engagement Score,UN_Index,0.3
RUN1656,Cumulative Emissions since 1990,X1990_2024,0.3,Gross National Income per capita,GNI_pc,0.3,Physical Climate Risk (EIB),EIB_PR,0.2,UN Multilateral Engagement Score,UN_Index,0.2
RUN1657,Cumulative Emissions since 1990,X1990_2024,0.3,Gross National Income per capita,GNI_pc,0.3,Physical Climate Risk (EIB),EIB_PR,0.3,UN Multilateral Engagement Score,UN_Index,0.1
RUN1658,Cumulative Emissions since 1990,X1990_2024,0.3,Gross National Income per capita,GNI_pc,0.4,Physical Climate Risk (EIB),EIB_PR,0.1,UN Multilateral Engagement Score,UN_Index,0.2
RUN1659,Cumulative Emissions since 1990,X1990_2024,0.3,Gross National Income per capita,GNI_pc,0.4,Physical Climate Risk (EIB),EIB_PR,0.2,UN Multilateral Engagement Score,UN_Index,0.1
RUN1660,Cumulative Emissions since 1990,X1990_2024,0.3,Gross National Income per capita,GNI_pc,0.5,Physical Climate Risk (EIB),EIB_PR,0.1,UN Multilateral Engagement Score,UN_Index,0.1
RUN1661,Cumulative Emissions since 1990,X1990_2024,0.4,Gross National Income per capita,GNI_pc,0.1,Physical Climate Risk (EIB),EIB_PR,0.1,UN Multilateral Engagement Score,UN_Index,0.4
RUN1662,Cumulative Emissions since 1990,X1990_2024,0.4,Gross National Income per capita,GNI_pc,0.1,Physical Climate Risk (EIB),EIB_PR,0.2,UN Multilateral Engagement Score,UN_Index,0.3
RUN1663,Cumulative Emissions since 1990,X1990_2024,0.4,Gross National Income per capita,GNI_pc,0.1,Physical Climate Risk (EIB),EIB_PR,0.3,UN Multilateral Engagement Score,UN_Index,0.2
RUN1664,Cumulative Emissions since 1990,X1990_2024,0.4,Gross National Income per capita,GNI_pc,0.1,Physical Climate Risk (EIB),EIB_PR,0.4,UN Multilateral Engagement Score,UN_Index,0.1
RUN1665,Cumulative Emissions since 1990,X1990_2024,0.4,Gross National Income per capita,GNI_pc,0.2,Physical Climate Risk (EIB),EIB_PR,0.1,UN Multilateral Engagement Score,UN_Index,0.3
RUN1666,Cumulative Emissions since 1990,X1990_2024,0.4,Gross National Income per capita,GNI_pc,0.2,Physical Climate Risk (EIB),EIB_PR,0.2,UN Multilateral Engagement Score,UN_Index,0.2
RUN1667,Cumulative Emissions since 1990,X1990_2024,0.4,Gross National Income per capita,GNI_pc,0.2,Physical Climate Risk (EIB),EIB_PR,0.3,UN Multilateral Engagement Score,UN_Index,0.1
RUN1668,Cumulative Emissions since 1990,X1990_2024,0.4,Gross National Income per capita,GNI_pc,0.3,Physical Climate Risk (EIB),EIB_PR,0.1,UN Multilateral Engagement Score,UN_Index,0.2
RUN1669,Cumulative Emissions since 1990,X1990_2024,0.4,Gross National Income per capita,GNI_pc,0.3,Physical Climate Risk (EIB),EIB_PR,0.2,UN Multilateral Engagement Score,UN_Index,0.1
RUN1670,Cumulative Emissions since 1990,X1990_2024,0.4,Gross National Income per capita,GNI_pc,0.4,Physical Climate Risk (EIB),EIB_PR,0.1,UN Multilateral Engagement Score,UN_Index,0.1
RUN1671,Cumulative Emissions since 1990,X1990_2024,0.5,Gross National Income per capita,GNI_pc,0.1,Physical Climate Risk (EIB),EIB_PR,0.1,UN Multilateral Engagement Score,UN_Index,0.3
RUN1672,Cumulative Emissions since 1990,X1990_2024,0.5,Gross National Income per capita,GNI_pc,0.1,Physical Climate Risk (EIB),EIB_PR,0.2,UN Multilateral Engagement Score,UN_Index,0.2
RUN1673,Cumulative Emissions since 1990,X1990_2024,0.5,Gross National Income per capita,GNI_pc,0.1,Physical Climate Risk (EIB),EIB_PR,0.3,UN Multilateral Engagement Score,UN_Index,0.1
RUN1674,Cumulative Emissions since 1990,X1990_2024,0.5,Gross National Income per capita,GNI_pc,0.2,Physical Climate Risk (EIB),EIB_PR,0.1,UN Multilateral Engagement Score,UN_Index,0.2
RUN1675,Cumulative Emissions since 1990,X1990_2024,0.5,Gross National Income per capita,GNI_pc,0.2,Physical Climate Risk (EIB),EIB_PR,0.2,UN Multilateral Engagement Score,UN_Index,0.1
RUN1676,Cumulative Emissions since 1990,X1990_2024,0.5,Gross National Income per capita,GNI_pc,0.3,Physical Climate Risk (EIB),EIB_PR,0.1,UN Multilateral Engagement Score,UN_Index,0.1
RUN1677,Cumulative Emissions since 1990,X1990_2024,0.6,Gross National Income per capita,GNI_pc,0.1,Physical Climate Risk (EIB),EIB_PR,0.1,UN Multilateral Engagement Score,UN_Index,0.2
RUN1678,Cumulative Emissions since 1990,X1990_2024,0.6,Gross National Income per capita,GNI_pc,0.1,Physical Climate Risk (EIB),EIB_PR,0.2,UN Multilateral Engagement Score,UN_Index,0.1
RUN1679,Cumulative Emissions since 1990,X1990_2024,0.6,Gross National Income per capita,GNI_pc,0.2,Physical Climate Risk (EIB),EIB_PR,0.1,UN Multilateral Engagement Score,UN_Index,0.1
RUN1680,Cumulative Emissions since 1990,X1990_2024,0.7,Gross National Income per capita,GNI_pc,0.1,Physical Climate Risk (EIB),EIB_PR,0.1,UN Multilateral Engagement Score,UN_Index,0.1
RUN1681,Cumulative Emissions since 1990,X1990_2024,0.1,Gross National Income per capita,GNI_pc,0.1,Transition Climate Risk (EIB),EIB_TR,0.1,UN Multilateral Engagement Score,UN_Index,0.7
RUN1682,Cumulative Emissions since 1990,X1990_2024,0.1,Gross National Income per capita,GNI_pc,0.1,Transition Climate Risk (EIB),EIB_TR,0.2,UN Multilateral Engagement Score,UN_Index,0.6
RUN1683,Cumulative Emissions since 1990,X1990_2024,0.1,Gross National Income per capita,GNI_pc,0.1,Transition Climate Risk (EIB),EIB_TR,0.3,UN Multilateral Engagement Score,UN_Index,0.5
RUN1684,Cumulative Emissions since 1990,X1990_2024,0.1,Gross National Income per capita,GNI_pc,0.1,Transition Climate Risk (EIB),EIB_TR,0.4,UN Multilateral Engagement Score,UN_Index,0.4
RUN1685,Cumulative Emissions since 1990,X1990_2024,0.1,Gross National Income per capita,GNI_pc,0.1,Transition Climate Risk (EIB),EIB_TR,0.5,UN Multilateral Engagement Score,UN_Index,0.3
RUN1686,Cumulative Emissions since 1990,X1990_2024,0.1,Gross National Income per capita,GNI_pc,0.1,Transition Climate Risk (EIB),EIB_TR,0.6,UN Multilateral Engagement Score,UN_Index,0.2
RUN1687,Cumulative Emissions since 1990,X1990_2024,0.1,Gross National Income per capita,GNI_pc,0.1,Transition Climate Risk (EIB),EIB_TR,0.7,UN Multilateral Engagement Score,UN_Index,0.1
RUN1688,Cumulative Emissions since 1990,X1990_2024,0.1,Gross National Income per capita,GNI_pc,0.2,Transition Climate Risk (EIB),EIB_TR,0.1,UN Multilateral Engagement Score,UN_Index,0.6
RUN1689,Cumulative Emissions since 1990,X1990_2024,0.1,Gross National Income per capita,GNI_pc,0.2,Transition Climate Risk (EIB),EIB_TR,0.2,UN Multilateral Engagement Score,UN_Index,0.5
RUN1690,Cumulative Emissions since 1990,X1990_2024,0.1,Gross National Income per capita,GNI_pc,0.2,Transition Climate Risk (EIB),EIB_TR,0.3,UN Multilateral Engagement Score,UN_Index,0.4
RUN1691,Cumulative Emissions since 1990,X1990_2024,0.1,Gross National Income per capita,GNI_pc,0.2,Transition Climate Risk (EIB),EIB_TR,0.4,UN Multilateral Engagement Score,UN_Index,0.3
RUN1692,Cumulative Emissions since 1990,X1990_2024,0.1,Gross National Income per capita,GNI_pc,0.2,Transition Climate Risk (EIB),EIB_TR,0.5,UN Multilateral Engagement Score,UN_Index,0.2
RUN1693,Cumulative Emissions since 1990,X1990_2024,0.1,Gross National Income per capita,GNI_pc,0.2,Transition Climate Risk (EIB),EIB_TR,0.6,UN Multilateral Engagement Score,UN_Index,0.1
RUN1694,Cumulative Emissions since 1990,X1990_2024,0.1,Gross National Income per capita,GNI_pc,0.3,Transition Climate Risk (EIB),EIB_TR,0.1,UN Multilateral Engagement Score,UN_Index,0.5
RUN1695,Cumulative Emissions since 1990,X1990_2024,0.1,Gross National Income per capita,GNI_pc,0.3,Transition Climate Risk (EIB),EIB_TR,0.2,UN Multilateral Engagement Score,UN_Index,0.4
RUN1696,Cumulative Emissions since 1990,X1990_2024,0.1,Gross National Income per capita,GNI_pc,0.3,Transition Climate Risk (EIB),EIB_TR,0.3,UN Multilateral Engagement Score,UN_Index,0.3
RUN1697,Cumulative Emissions since 1990,X1990_2024,0.1,Gross National Income per capita,GNI_pc,0.3,Transition Climate Risk (EIB),EIB_TR,0.4,UN Multilateral Engagement Score,UN_Index,0.2
RUN1698,Cumulative Emissions since 1990,X1990_2024,0.1,Gross National Income per capita,GNI_pc,0.3,Transition Climate Risk (EIB),EIB_TR,0.5,UN Multilateral Engagement Score,UN_Index,0.1
RUN1699,Cumulative Emissions since 1990,X1990_2024,0.1,Gross National Income per capita,GNI_pc,0.4,Transition Climate Risk (EIB),EIB_TR,0.1,UN Multilateral Engagement Score,UN_Index,0.4
RUN1700,Cumulative Emissions since 1990,X1990_2024,0.1,Gross National Income per capita,GNI_pc,0.4,Transition Climate Risk (EIB),EIB_TR,0.2,UN Multilateral Engagement Score,UN_Index,0.3
RUN1701,Cumulative Emissions since 1990,X1990_2024,0.1,Gross National Income per capita,GNI_pc,0.4,Transition Climate Risk (EIB),EIB_TR,0.3,UN Multilateral Engagement Score,UN_Index,0.2
RUN1702,Cumulative Emissions since 1990,X1990_2024,0.1,Gross National Income per capita,GNI_pc,0.4,Transition Climate Risk (EIB),EIB_TR,0.4,UN Multilateral Engagement Score,UN_Index,0.1
RUN1703,Cumulative Emissions since 1990,X1990_2024,0.1,Gross National Income per capita,GNI_pc,0.5,Transition Climate Risk (EIB),EIB_TR,0.1,UN Multilateral Engagement Score,UN_Index,0.3
RUN1704,Cumulative Emissions since 1990,X1990_2024,0.1,Gross National Income per capita,GNI_pc,0.5,Transition Climate Risk (EIB),EIB_TR,0.2,UN Multilateral Engagement Score,UN_Index,0.2
RUN1705,Cumulative Emissions since 1990,X1990_2024,0.1,Gross National Income per capita,GNI_pc,0.5,Transition Climate Risk (EIB),EIB_TR,0.3,UN Multilateral Engagement Score,UN_Index,0.1
RUN1706,Cumulative Emissions since 1990,X1990_2024,0.1,Gross National Income per capita,GNI_pc,0.6,Transition Climate Risk (EIB),EIB_TR,0.1,UN Multilateral Engagement Score,UN_Index,0.2
RUN1707,Cumulative Emissions since 1990,X1990_2024,0.1,Gross National Income per capita,GNI_pc,0.6,Transition Climate Risk (EIB),EIB_TR,0.2,UN Multilateral Engagement Score,UN_Index,0.1
RUN1708,Cumulative Emissions since 1990,X1990_2024,0.1,Gross National Income per capita,GNI_pc,0.7,Transition Climate Risk (EIB),EIB_TR,0.1,UN Multilateral Engagement Score,UN_Index,0.1
RUN1709,Cumulative Emissions since 1990,X1990_2024,0.2,Gross National Income per capita,GNI_pc,0.1,Transition Climate Risk (EIB),EIB_TR,0.1,UN Multilateral Engagement Score,UN_Index,0.6
RUN1710,Cumulative Emissions since 1990,X1990_2024,0.2,Gross National Income per capita,GNI_pc,0.1,Transition Climate Risk (EIB),EIB_TR,0.2,UN Multilateral Engagement Score,UN_Index,0.5
RUN1711,Cumulative Emissions since 1990,X1990_2024,0.2,Gross National Income per capita,GNI_pc,0.1,Transition Climate Risk (EIB),EIB_TR,0.3,UN Multilateral Engagement Score,UN_Index,0.4
RUN1712,Cumulative Emissions since 1990,X1990_2024,0.2,Gross National Income per capita,GNI_pc,0.1,Transition Climate Risk (EIB),EIB_TR,0.4,UN Multilateral Engagement Score,UN_Index,0.3
RUN1713,Cumulative Emissions since 1990,X1990_2024,0.2,Gross National Income per capita,GNI_pc,0.1,Transition Climate Risk (EIB),EIB_TR,0.5,UN Multilateral Engagement Score,UN_Index,0.2
RUN1714,Cumulative Emissions since 1990,X1990_2024,0.2,Gross National Income per capita,GNI_pc,0.1,Transition Climate Risk (EIB),EIB_TR,0.6,UN Multilateral Engagement Score,UN_Index,0.1
RUN1715,Cumulative Emissions since 1990,X1990_2024,0.2,Gross National Income per capita,GNI_pc,0.2,Transition Climate Risk (EIB),EIB_TR,0.1,UN Multilateral Engagement Score,UN_Index,0.5
RUN1716,Cumulative Emissions since 1990,X1990_2024,0.2,Gross National Income per capita,GNI_pc,0.2,Transition Climate Risk (EIB),EIB_TR,0.2,UN Multilateral Engagement Score,UN_Index,0.4
RUN1717,Cumulative Emissions since 1990,X1990_2024,0.2,Gross National Income per capita,GNI_pc,0.2,Transition Climate Risk (EIB),EIB_TR,0.3,UN Multilateral Engagement Score,UN_Index,0.3
RUN1718,Cumulative Emissions since 1990,X1990_2024,0.2,Gross National Income per capita,GNI_pc,0.2,Transition Climate Risk (EIB),EIB_TR,0.4,UN Multilateral Engagement Score,UN_Index,0.2
RUN1719,Cumulative Emissions since 1990,X1990_2024,0.2,Gross National Income per capita,GNI_pc,0.2,Transition Climate Risk (EIB),EIB_TR,0.5,UN Multilateral Engagement Score,UN_Index,0.1
RUN1720,Cumulative Emissions since 1990,X1990_2024,0.2,Gross National Income per capita,GNI_pc,0.3,Transition Climate Risk (EIB),EIB_TR,0.1,UN Multilateral Engagement Score,UN_Index,0.4
RUN1721,Cumulative Emissions since 1990,X1990_2024,0.2,Gross National Income per capita,GNI_pc,0.3,Transition Climate Risk (EIB),EIB_TR,0.2,UN Multilateral Engagement Score,UN_Index,0.3
RUN1722,Cumulative Emissions since 1990,X1990_2024,0.2,Gross National Income per capita,GNI_pc,0.3,Transition Climate Risk (EIB),EIB_TR,0.3,UN Multilateral Engagement Score,UN_Index,0.2
RUN1723,Cumulative Emissions since 1990,X1990_2024,0.2,Gross National Income per capita,GNI_pc,0.3,Transition Climate Risk (EIB),EIB_TR,0.4,UN Multilateral Engagement Score,UN_Index,0.1
RUN1724,Cumulative Emissions since 1990,X1990_2024,0.2,Gross National Income per capita,GNI_pc,0.4,Transition Climate Risk (EIB),EIB_TR,0.1,UN Multilateral Engagement Score,UN_Index,0.3
RUN1725,Cumulative Emissions since 1990,X1990_2024,0.2,Gross National Income per capita,GNI_pc,0.4,Transition Climate Risk (EIB),EIB_TR,0.2,UN Multilateral Engagement Score,UN_Index,0.2
RUN1726,Cumulative Emissions since 1990,X1990_2024,0.2,Gross National Income per capita,GNI_pc,0.4,Transition Climate Risk (EIB),EIB_TR,0.3,UN Multilateral Engagement Score,UN_Index,0.1
RUN1727,Cumulative Emissions since 1990,X1990_2024,0.2,Gross National Income per capita,GNI_pc,0.5,Transition Climate Risk (EIB),EIB_TR,0.1,UN Multilateral Engagement Score,UN_Index,0.2
RUN1728,Cumulative Emissions since 1990,X1990_2024,0.2,Gross National Income per capita,GNI_pc,0.5,Transition Climate Risk (EIB),EIB_TR,0.2,UN Multilateral Engagement Score,UN_Index,0.1
RUN1729,Cumulative Emissions since 1990,X1990_2024,0.2,Gross National Income per capita,GNI_pc,0.6,Transition Climate Risk (EIB),EIB_TR,0.1,UN Multilateral Engagement Score,UN_Index,0.1
RUN1730,Cumulative Emissions since 1990,X1990_2024,0.3,Gross National Income per capita,GNI_pc,0.1,Transition Climate Risk (EIB),EIB_TR,0.1,UN Multilateral Engagement Score,UN_Index,0.5
RUN1731,Cumulative Emissions since 1990,X1990_2024,0.3,Gross National Income per capita,GNI_pc,0.1,Transition Climate Risk (EIB),EIB_TR,0.2,UN Multilateral Engagement Score,UN_Index,0.4
RUN1732,Cumulative Emissions since 1990,X1990_2024,0.3,Gross National Income per capita,GNI_pc,0.1,Transition Climate Risk (EIB),EIB_TR,0.3,UN Multilateral Engagement Score,UN_Index,0.3
RUN1733,Cumulative Emissions since 1990,X1990_2024,0.3,Gross National Income per capita,GNI_pc,0.1,Transition Climate Risk (EIB),EIB_TR,0.4,UN Multilateral Engagement Score,UN_Index,0.2
RUN1734,Cumulative Emissions since 1990,X1990_2024,0.3,Gross National Income per capita,GNI_pc,0.1,Transition Climate Risk (EIB),EIB_TR,0.5,UN Multilateral Engagement Score,UN_Index,0.1
RUN1735,Cumulative Emissions since 1990,X1990_2024,0.3,Gross National Income per capita,GNI_pc,0.2,Transition Climate Risk (EIB),EIB_TR,0.1,UN Multilateral Engagement Score,UN_Index,0.4
RUN1736,Cumulative Emissions since 1990,X1990_2024,0.3,Gross National Income per capita,GNI_pc,0.2,Transition Climate Risk (EIB),EIB_TR,0.2,UN Multilateral Engagement Score,UN_Index,0.3
RUN1737,Cumulative Emissions since 1990,X1990_2024,0.3,Gross National Income per capita,GNI_pc,0.2,Transition Climate Risk (EIB),EIB_TR,0.3,UN Multilateral Engagement Score,UN_Index,0.2
RUN1738,Cumulative Emissions since 1990,X1990_2024,0.3,Gross National Income per capita,GNI_pc,0.2,Transition Climate Risk (EIB),EIB_TR,0.4,UN Multilateral Engagement Score,UN_Index,0.1
RUN1739,Cumulative Emissions since 1990,X1990_2024,0.3,Gross National Income per capita,GNI_pc,0.3,Transition Climate Risk (EIB),EIB_TR,0.1,UN Multilateral Engagement Score,UN_Index,0.3
RUN1740,Cumulative Emissions since 1990,X1990_2024,0.3,Gross National Income per capita,GNI_pc,0.3,Transition Climate Risk (EIB),EIB_TR,0.2,UN Multilateral Engagement Score,UN_Index,0.2
RUN1741,Cumulative Emissions since 1990,X1990_2024,0.3,Gross National Income per capita,GNI_pc,0.3,Transition Climate Risk (EIB),EIB_TR,0.3,UN Multilateral Engagement Score,UN_Index,0.1
RUN1742,Cumulative Emissions since 1990,X1990_2024,0.3,Gross National Income per capita,GNI_pc,0.4,Transition Climate Risk (EIB),EIB_TR,0.1,UN Multilateral Engagement Score,UN_Index,0.2
RUN1743,Cumulative Emissions since 1990,X1990_2024,0.3,Gross National Income per capita,GNI_pc,0.4,Transition Climate Risk (EIB),EIB_TR,0.2,UN Multilateral Engagement Score,UN_Index,0.1
RUN1744,Cumulative Emissions since 1990,X1990_2024,0.3,Gross National Income per capita,GNI_pc,0.5,Transition Climate Risk (EIB),EIB_TR,0.1,UN Multilateral Engagement Score,UN_Index,0.1
RUN1745,Cumulative Emissions since 1990,X1990_2024,0.4,Gross National Income per capita,GNI_pc,0.1,Transition Climate Risk (EIB),EIB_TR,0.1,UN Multilateral Engagement Score,UN_Index,0.4
RUN1746,Cumulative Emissions since 1990,X1990_2024,0.4,Gross National Income per capita,GNI_pc,0.1,Transition Climate Risk (EIB),EIB_TR,0.2,UN Multilateral Engagement Score,UN_Index,0.3
RUN1747,Cumulative Emissions since 1990,X1990_2024,0.4,Gross National Income per capita,GNI_pc,0.1,Transition Climate Risk (EIB),EIB_TR,0.3,UN Multilateral Engagement Score,UN_Index,0.2
RUN1748,Cumulative Emissions since 1990,X1990_2024,0.4,Gross National Income per capita,GNI_pc,0.1,Transition Climate Risk (EIB),EIB_TR,0.4,UN Multilateral Engagement Score,UN_Index,0.1
RUN1749,Cumulative Emissions since 1990,X1990_2024,0.4,Gross National Income per capita,GNI_pc,0.2,Transition Climate Risk (EIB),EIB_TR,0.1,UN Multilateral Engagement Score,UN_Index,0.3
RUN1750,Cumulative Emissions since 1990,X1990_2024,0.4,Gross National Income per capita,GNI_pc,0.2,Transition Climate Risk (EIB),EIB_TR,0.2,UN Multilateral Engagement Score,UN_Index,0.2
RUN1751,Cumulative Emissions since 1990,X1990_2024,0.4,Gross National Income per capita,GNI_pc,0.2,Transition Climate Risk (EIB),EIB_TR,0.3,UN Multilateral Engagement Score,UN_Index,0.1
RUN1752,Cumulative Emissions since 1990,X1990_2024,0.4,Gross National Income per capita,GNI_pc,0.3,Transition Climate Risk (EIB),EIB_TR,0.1,UN Multilateral Engagement Score,UN_Index,0.2
RUN1753,Cumulative Emissions since 1990,X1990_2024,0.4,Gross National Income per capita,GNI_pc,0.3,Transition Climate Risk (EIB),EIB_TR,0.2,UN Multilateral Engagement Score,UN_Index,0.1
RUN1754,Cumulative Emissions since 1990,X1990_2024,0.4,Gross National Income per capita,GNI_pc,0.4,Transition Climate Risk (EIB),EIB_TR,0.1,UN Multilateral Engagement Score,UN_Index,0.1
RUN1755,Cumulative Emissions since 1990,X1990_2024,0.5,Gross National Income per capita,GNI_pc,0.1,Transition Climate Risk (EIB),EIB_TR,0.1,UN Multilateral Engagement Score,UN_Index,0.3
RUN1756,Cumulative Emissions since 1990,X1990_2024,0.5,Gross National Income per capita,GNI_pc,0.1,Transition Climate Risk (EIB),EIB_TR,0.2,UN Multilateral Engagement Score,UN_Index,0.2
RUN1757,Cumulative Emissions since 1990,X1990_2024,0.5,Gross National Income per capita,GNI_pc,0.1,Transition Climate Risk (EIB),EIB_TR,0.3,UN Multilateral Engagement Score,UN_Index,0.1
RUN1758,Cumulative Emissions since 1990,X1990_2024,0.5,Gross National Income per capita,GNI_pc,0.2,Transition Climate Risk (EIB),EIB_TR,0.1,UN Multilateral Engagement Score,UN_Index,0.2
RUN1759,Cumulative Emissions since 1990,X1990_2024,0.5,Gross National Income per capita,GNI_pc,0.2,Transition Climate Risk (EIB),EIB_TR,0.2,UN Multilateral Engagement Score,UN_Index,0.1
RUN1760,Cumulative Emissions since 1990,X1990_2024,0.5,Gross National Income per capita,GNI_pc,0.3,Transition Climate Risk (EIB),EIB_TR,0.1,UN Multilateral Engagement Score,UN_Index,0.1
RUN1761,Cumulative Emissions since 1990,X1990_2024,0.6,Gross National Income per capita,GNI_pc,0.1,Transition Climate Risk (EIB),EIB_TR,0.1,UN Multilateral Engagement Score,UN_Index,0.2
RUN1762,Cumulative Emissions since 1990,X1990_2024,0.6,Gross National Income per capita,GNI_pc,0.1,Transition Climate Risk (EIB),EIB_TR,0.2,UN Multilateral Engagement Score,UN_Index,0.1
RUN1763,Cumulative Emissions since 1990,X1990_2024,0.6,Gross National Income per capita,GNI_pc,0.2,Transition Climate Risk (EIB),EIB_TR,0.1,UN Multilateral Engagement Score,UN_Index,0.1
RUN1764,Cumulative Emissions since 1990,X1990_2024,0.7,Gross National Income per capita,GNI_pc,0.1,Transition Climate Risk (EIB),EIB_TR,0.1,UN Multilateral Engagement Score,UN_Index,0.1
RUN1765,Cumulative Emissions since 1990,X1990_2024,0.1,Gross National Product per capita,GDP_pc,0.1,Climate Risk and Vulnerability Index,GAIN_CR,0.1,UN Multilateral Engagement Score,UN_Index,0.7
RUN1766,Cumulative Emissions since 1990,X1990_2024,0.1,Gross National Product per capita,GDP_pc,0.1,Climate Risk and Vulnerability Index,GAIN_CR,0.2,UN Multilateral Engagement Score,UN_Index,0.6
RUN1767,Cumulative Emissions since 1990,X1990_2024,0.1,Gross National Product per capita,GDP_pc,0.1,Climate Risk and Vulnerability Index,GAIN_CR,0.3,UN Multilateral Engagement Score,UN_Index,0.5
RUN1768,Cumulative Emissions since 1990,X1990_2024,0.1,Gross National Product per capita,GDP_pc,0.1,Climate Risk and Vulnerability Index,GAIN_CR,0.4,UN Multilateral Engagement Score,UN_Index,0.4
RUN1769,Cumulative Emissions since 1990,X1990_2024,0.1,Gross National Product per capita,GDP_pc,0.1,Climate Risk and Vulnerability Index,GAIN_CR,0.5,UN Multilateral Engagement Score,UN_Index,0.3
RUN1770,Cumulative Emissions since 1990,X1990_2024,0.1,Gross National Product per capita,GDP_pc,0.1,Climate Risk and Vulnerability Index,GAIN_CR,0.6,UN Multilateral Engagement Score,UN_Index,0.2
RUN1771,Cumulative Emissions since 1990,X1990_2024,0.1,Gross National Product per capita,GDP_pc,0.1,Climate Risk and Vulnerability Index,GAIN_CR,0.7,UN Multilateral Engagement Score,UN_Index,0.1
RUN1772,Cumulative Emissions since 1990,X1990_2024,0.1,Gross National Product per capita,GDP_pc,0.2,Climate Risk and Vulnerability Index,GAIN_CR,0.1,UN Multilateral Engagement Score,UN_Index,0.6
RUN1773,Cumulative Emissions since 1990,X1990_2024,0.1,Gross National Product per capita,GDP_pc,0.2,Climate Risk and Vulnerability Index,GAIN_CR,0.2,UN Multilateral Engagement Score,UN_Index,0.5
RUN1774,Cumulative Emissions since 1990,X1990_2024,0.1,Gross National Product per capita,GDP_pc,0.2,Climate Risk and Vulnerability Index,GAIN_CR,0.3,UN Multilateral Engagement Score,UN_Index,0.4
RUN1775,Cumulative Emissions since 1990,X1990_2024,0.1,Gross National Product per capita,GDP_pc,0.2,Climate Risk and Vulnerability Index,GAIN_CR,0.4,UN Multilateral Engagement Score,UN_Index,0.3
RUN1776,Cumulative Emissions since 1990,X1990_2024,0.1,Gross National Product per capita,GDP_pc,0.2,Climate Risk and Vulnerability Index,GAIN_CR,0.5,UN Multilateral Engagement Score,UN_Index,0.2
RUN1777,Cumulative Emissions since 1990,X1990_2024,0.1,Gross National Product per capita,GDP_pc,0.2,Climate Risk and Vulnerability Index,GAIN_CR,0.6,UN Multilateral Engagement Score,UN_Index,0.1
RUN1778,Cumulative Emissions since 1990,X1990_2024,0.1,Gross National Product per capita,GDP_pc,0.3,Climate Risk and Vulnerability Index,GAIN_CR,0.1,UN Multilateral Engagement Score,UN_Index,0.5
RUN1779,Cumulative Emissions since 1990,X1990_2024,0.1,Gross National Product per capita,GDP_pc,0.3,Climate Risk and Vulnerability Index,GAIN_CR,0.2,UN Multilateral Engagement Score,UN_Index,0.4
RUN1780,Cumulative Emissions since 1990,X1990_2024,0.1,Gross National Product per capita,GDP_pc,0.3,Climate Risk and Vulnerability Index,GAIN_CR,0.3,UN Multilateral Engagement Score,UN_Index,0.3
RUN1781,Cumulative Emissions since 1990,X1990_2024,0.1,Gross National Product per capita,GDP_pc,0.3,Climate Risk and Vulnerability Index,GAIN_CR,0.4,UN Multilateral Engagement Score,UN_Index,0.2
RUN1782,Cumulative Emissions since 1990,X1990_2024,0.1,Gross National Product per capita,GDP_pc,0.3,Climate Risk and Vulnerability Index,GAIN_CR,0.5,UN Multilateral Engagement Score,UN_Index,0.1
RUN1783,Cumulative Emissions since 1990,X1990_2024,0.1,Gross National Product per capita,GDP_pc,0.4,Climate Risk and Vulnerability Index,GAIN_CR,0.1,UN Multilateral Engagement Score,UN_Index,0.4
RUN1784,Cumulative Emissions since 1990,X1990_2024,0.1,Gross National Product per capita,GDP_pc,0.4,Climate Risk and Vulnerability Index,GAIN_CR,0.2,UN Multilateral Engagement Score,UN_Index,0.3
RUN1785,Cumulative Emissions since 1990,X1990_2024,0.1,Gross National Product per capita,GDP_pc,0.4,Climate Risk and Vulnerability Index,GAIN_CR,0.3,UN Multilateral Engagement Score,UN_Index,0.2
RUN1786,Cumulative Emissions since 1990,X1990_2024,0.1,Gross National Product per capita,GDP_pc,0.4,Climate Risk and Vulnerability Index,GAIN_CR,0.4,UN Multilateral Engagement Score,UN_Index,0.1
RUN1787,Cumulative Emissions since 1990,X1990_2024,0.1,Gross National Product per capita,GDP_pc,0.5,Climate Risk and Vulnerability Index,GAIN_CR,0.1,UN Multilateral Engagement Score,UN_Index,0.3
RUN1788,Cumulative Emissions since 1990,X1990_2024,0.1,Gross National Product per capita,GDP_pc,0.5,Climate Risk and Vulnerability Index,GAIN_CR,0.2,UN Multilateral Engagement Score,UN_Index,0.2
RUN1789,Cumulative Emissions since 1990,X1990_2024,0.1,Gross National Product per capita,GDP_pc,0.5,Climate Risk and Vulnerability Index,GAIN_CR,0.3,UN Multilateral Engagement Score,UN_Index,0.1
RUN1790,Cumulative Emissions since 1990,X1990_2024,0.1,Gross National Product per capita,GDP_pc,0.6,Climate Risk and Vulnerability Index,GAIN_CR,0.1,UN Multilateral Engagement Score,UN_Index,0.2
RUN1791,Cumulative Emissions since 1990,X1990_2024,0.1,Gross National Product per capita,GDP_pc,0.6,Climate Risk and Vulnerability Index,GAIN_CR,0.2,UN Multilateral Engagement Score,UN_Index,0.1
RUN1792,Cumulative Emissions since 1990,X1990_2024,0.1,Gross National Product per capita,GDP_pc,0.7,Climate Risk and Vulnerability Index,GAIN_CR,0.1,UN Multilateral Engagement Score,UN_Index,0.1
RUN1793,Cumulative Emissions since 1990,X1990_2024,0.2,Gross National Product per capita,GDP_pc,0.1,Climate Risk and Vulnerability Index,GAIN_CR,0.1,UN Multilateral Engagement Score,UN_Index,0.6
RUN1794,Cumulative Emissions since 1990,X1990_2024,0.2,Gross National Product per capita,GDP_pc,0.1,Climate Risk and Vulnerability Index,GAIN_CR,0.2,UN Multilateral Engagement Score,UN_Index,0.5
RUN1795,Cumulative Emissions since 1990,X1990_2024,0.2,Gross National Product per capita,GDP_pc,0.1,Climate Risk and Vulnerability Index,GAIN_CR,0.3,UN Multilateral Engagement Score,UN_Index,0.4
RUN1796,Cumulative Emissions since 1990,X1990_2024,0.2,Gross National Product per capita,GDP_pc,0.1,Climate Risk and Vulnerability Index,GAIN_CR,0.4,UN Multilateral Engagement Score,UN_Index,0.3
RUN1797,Cumulative Emissions since 1990,X1990_2024,0.2,Gross National Product per capita,GDP_pc,0.1,Climate Risk and Vulnerability Index,GAIN_CR,0.5,UN Multilateral Engagement Score,UN_Index,0.2
RUN1798,Cumulative Emissions since 1990,X1990_2024,0.2,Gross National Product per capita,GDP_pc,0.1,Climate Risk and Vulnerability Index,GAIN_CR,0.6,UN Multilateral Engagement Score,UN_Index,0.1
RUN1799,Cumulative Emissions since 1990,X1990_2024,0.2,Gross National Product per capita,GDP_pc,0.2,Climate Risk and Vulnerability Index,GAIN_CR,0.1,UN Multilateral Engagement Score,UN_Index,0.5
RUN1800,Cumulative Emissions since 1990,X1990_2024,0.2,Gross National Product per capita,GDP_pc,0.2,Climate Risk and Vulnerability Index,GAIN_CR,0.2,UN Multilateral Engagement Score,UN_Index,0.4
RUN1801,Cumulative Emissions since 1990,X1990_2024,0.2,Gross National Product per capita,GDP_pc,0.2,Climate Risk and Vulnerability Index,GAIN_CR,0.3,UN Multilateral Engagement Score,UN_Index,0.3
RUN1802,Cumulative Emissions since 1990,X1990_2024,0.2,Gross National Product per capita,GDP_pc,0.2,Climate Risk and Vulnerability Index,GAIN_CR,0.4,UN Multilateral Engagement Score,UN_Index,0.2
RUN1803,Cumulative Emissions since 1990,X1990_2024,0.2,Gross National Product per capita,GDP_pc,0.2,Climate Risk and Vulnerability Index,GAIN_CR,0.5,UN Multilateral Engagement Score,UN_Index,0.1
RUN1804,Cumulative Emissions since 1990,X1990_2024,0.2,Gross National Product per capita,GDP_pc,0.3,Climate Risk and Vulnerability Index,GAIN_CR,0.1,UN Multilateral Engagement Score,UN_Index,0.4
RUN1805,Cumulative Emissions since 1990,X1990_2024,0.2,Gross National Product per capita,GDP_pc,0.3,Climate Risk and Vulnerability Index,GAIN_CR,0.2,UN Multilateral Engagement Score,UN_Index,0.3
RUN1806,Cumulative Emissions since 1990,X1990_2024,0.2,Gross National Product per capita,GDP_pc,0.3,Climate Risk and Vulnerability Index,GAIN_CR,0.3,UN Multilateral Engagement Score,UN_Index,0.2
RUN1807,Cumulative Emissions since 1990,X1990_2024,0.2,Gross National Product per capita,GDP_pc,0.3,Climate Risk and Vulnerability Index,GAIN_CR,0.4,UN Multilateral Engagement Score,UN_Index,0.1
RUN1808,Cumulative Emissions since 1990,X1990_2024,0.2,Gross National Product per capita,GDP_pc,0.4,Climate Risk and Vulnerability Index,GAIN_CR,0.1,UN Multilateral Engagement Score,UN_Index,0.3
RUN1809,Cumulative Emissions since 1990,X1990_2024,0.2,Gross National Product per capita,GDP_pc,0.4,Climate Risk and Vulnerability Index,GAIN_CR,0.2,UN Multilateral Engagement Score,UN_Index,0.2
RUN1810,Cumulative Emissions since 1990,X1990_2024,0.2,Gross National Product per capita,GDP_pc,0.4,Climate Risk and Vulnerability Index,GAIN_CR,0.3,UN Multilateral Engagement Score,UN_Index,0.1
RUN1811,Cumulative Emissions since 1990,X1990_2024,0.2,Gross National Product per capita,GDP_pc,0.5,Climate Risk and Vulnerability Index,GAIN_CR,0.1,UN Multilateral Engagement Score,UN_Index,0.2
RUN1812,Cumulative Emissions since 1990,X1990_2024,0.2,Gross National Product per capita,GDP_pc,0.5,Climate Risk and Vulnerability Index,GAIN_CR,0.2,UN Multilateral Engagement Score,UN_Index,0.1
RUN1813,Cumulative Emissions since 1990,X1990_2024,0.2,Gross National Product per capita,GDP_pc,0.6,Climate Risk and Vulnerability Index,GAIN_CR,0.1,UN Multilateral Engagement Score,UN_Index,0.1
RUN1814,Cumulative Emissions since 1990,X1990_2024,0.3,Gross National Product per capita,GDP_pc,0.1,Climate Risk and Vulnerability Index,GAIN_CR,0.1,UN Multilateral Engagement Score,UN_Index,0.5
RUN1815,Cumulative Emissions since 1990,X1990_2024,0.3,Gross National Product per capita,GDP_pc,0.1,Climate Risk and Vulnerability Index,GAIN_CR,0.2,UN Multilateral Engagement Score,UN_Index,0.4
RUN1816,Cumulative Emissions since 1990,X1990_2024,0.3,Gross National Product per capita,GDP_pc,0.1,Climate Risk and Vulnerability Index,GAIN_CR,0.3,UN Multilateral Engagement Score,UN_Index,0.3
RUN1817,Cumulative Emissions since 1990,X1990_2024,0.3,Gross National Product per capita,GDP_pc,0.1,Climate Risk and Vulnerability Index,GAIN_CR,0.4,UN Multilateral Engagement Score,UN_Index,0.2
RUN1818,Cumulative Emissions since 1990,X1990_2024,0.3,Gross National Product per capita,GDP_pc,0.1,Climate Risk and Vulnerability Index,GAIN_CR,0.5,UN Multilateral Engagement Score,UN_Index,0.1
RUN1819,Cumulative Emissions since 1990,X1990_2024,0.3,Gross National Product per capita,GDP_pc,0.2,Climate Risk and Vulnerability Index,GAIN_CR,0.1,UN Multilateral Engagement Score,UN_Index,0.4
RUN1820,Cumulative Emissions since 1990,X1990_2024,0.3,Gross National Product per capita,GDP_pc,0.2,Climate Risk and Vulnerability Index,GAIN_CR,0.2,UN Multilateral Engagement Score,UN_Index,0.3
RUN1821,Cumulative Emissions since 1990,X1990_2024,0.3,Gross National Product per capita,GDP_pc,0.2,Climate Risk and Vulnerability Index,GAIN_CR,0.3,UN Multilateral Engagement Score,UN_Index,0.2
RUN1822,Cumulative Emissions since 1990,X1990_2024,0.3,Gross National Product per capita,GDP_pc,0.2,Climate Risk and Vulnerability Index,GAIN_CR,0.4,UN Multilateral Engagement Score,UN_Index,0.1
RUN1823,Cumulative Emissions since 1990,X1990_2024,0.3,Gross National Product per capita,GDP_pc,0.3,Climate Risk and Vulnerability Index,GAIN_CR,0.1,UN Multilateral Engagement Score,UN_Index,0.3
RUN1824,Cumulative Emissions since 1990,X1990_2024,0.3,Gross National Product per capita,GDP_pc,0.3,Climate Risk and Vulnerability Index,GAIN_CR,0.2,UN Multilateral Engagement Score,UN_Index,0.2
RUN1825,Cumulative Emissions since 1990,X1990_2024,0.3,Gross National Product per capita,GDP_pc,0.3,Climate Risk and Vulnerability Index,GAIN_CR,0.3,UN Multilateral Engagement Score,UN_Index,0.1
RUN1826,Cumulative Emissions since 1990,X1990_2024,0.3,Gross National Product per capita,GDP_pc,0.4,Climate Risk and Vulnerability Index,GAIN_CR,0.1,UN Multilateral Engagement Score,UN_Index,0.2
RUN1827,Cumulative Emissions since 1990,X1990_2024,0.3,Gross National Product per capita,GDP_pc,0.4,Climate Risk and Vulnerability Index,GAIN_CR,0.2,UN Multilateral Engagement Score,UN_Index,0.1
RUN1828,Cumulative Emissions since 1990,X1990_2024,0.3,Gross National Product per capita,GDP_pc,0.5,Climate Risk and Vulnerability Index,GAIN_CR,0.1,UN Multilateral Engagement Score,UN_Index,0.1
RUN1829,Cumulative Emissions since 1990,X1990_2024,0.4,Gross National Product per capita,GDP_pc,0.1,Climate Risk and Vulnerability Index,GAIN_CR,0.1,UN Multilateral Engagement Score,UN_Index,0.4
RUN1830,Cumulative Emissions since 1990,X1990_2024,0.4,Gross National Product per capita,GDP_pc,0.1,Climate Risk and Vulnerability Index,GAIN_CR,0.2,UN Multilateral Engagement Score,UN_Index,0.3
RUN1831,Cumulative Emissions since 1990,X1990_2024,0.4,Gross National Product per capita,GDP_pc,0.1,Climate Risk and Vulnerability Index,GAIN_CR,0.3,UN Multilateral Engagement Score,UN_Index,0.2
RUN1832,Cumulative Emissions since 1990,X1990_2024,0.4,Gross National Product per capita,GDP_pc,0.1,Climate Risk and Vulnerability Index,GAIN_CR,0.4,UN Multilateral Engagement Score,UN_Index,0.1
RUN1833,Cumulative Emissions since 1990,X1990_2024,0.4,Gross National Product per capita,GDP_pc,0.2,Climate Risk and Vulnerability Index,GAIN_CR,0.1,UN Multilateral Engagement Score,UN_Index,0.3
RUN1834,Cumulative Emissions since 1990,X1990_2024,0.4,Gross National Product per capita,GDP_pc,0.2,Climate Risk and Vulnerability Index,GAIN_CR,0.2,UN Multilateral Engagement Score,UN_Index,0.2
RUN1835,Cumulative Emissions since 1990,X1990_2024,0.4,Gross National Product per capita,GDP_pc,0.2,Climate Risk and Vulnerability Index,GAIN_CR,0.3,UN Multilateral Engagement Score,UN_Index,0.1
RUN1836,Cumulative Emissions since 1990,X1990_2024,0.4,Gross National Product per capita,GDP_pc,0.3,Climate Risk and Vulnerability Index,GAIN_CR,0.1,UN Multilateral Engagement Score,UN_Index,0.2
RUN1837,Cumulative Emissions since 1990,X1990_2024,0.4,Gross National Product per capita,GDP_pc,0.3,Climate Risk and Vulnerability Index,GAIN_CR,0.2,UN Multilateral Engagement Score,UN_Index,0.1
RUN1838,Cumulative Emissions since 1990,X1990_2024,0.4,Gross National Product per capita,GDP_pc,0.4,Climate Risk and Vulnerability Index,GAIN_CR,0.1,UN Multilateral Engagement Score,UN_Index,0.1
RUN1839,Cumulative Emissions since 1990,X1990_2024,0.5,Gross National Product per capita,GDP_pc,0.1,Climate Risk and Vulnerability Index,GAIN_CR,0.1,UN Multilateral Engagement Score,UN_Index,0.3
RUN1840,Cumulative Emissions since 1990,X1990_2024,0.5,Gross National Product per capita,GDP_pc,0.1,Climate Risk and Vulnerability Index,GAIN_CR,0.2,UN Multilateral Engagement Score,UN_Index,0.2
RUN1841,Cumulative Emissions since 1990,X1990_2024,0.5,Gross National Product per capita,GDP_pc,0.1,Climate Risk and Vulnerability Index,GAIN_CR,0.3,UN Multilateral Engagement Score,UN_Index,0.1
RUN1842,Cumulative Emissions since 1990,X1990_2024,0.5,Gross National Product per capita,GDP_pc,0.2,Climate Risk and Vulnerability Index,GAIN_CR,0.1,UN Multilateral Engagement Score,UN_Index,0.2
RUN1843,Cumulative Emissions since 1990,X1990_2024,0.5,Gross National Product per capita,GDP_pc,0.2,Climate Risk and Vulnerability Index,GAIN_CR,0.2,UN Multilateral Engagement Score,UN_Index,0.1
RUN1844,Cumulative Emissions since 1990,X1990_2024,0.5,Gross National Product per capita,GDP_pc,0.3,Climate Risk and Vulnerability Index,GAIN_CR,0.1,UN Multilateral Engagement Score,UN_Index,0.1
RUN1845,Cumulative Emissions since 1990,X1990_2024,0.6,Gross National Product per capita,GDP_pc,0.1,Climate Risk and Vulnerability Index,GAIN_CR,0.1,UN Multilateral Engagement Score,UN_Index,0.2
RUN1846,Cumulative Emissions since 1990,X1990_2024,0.6,Gross National Product per capita,GDP_pc,0.1,Climate Risk and Vulnerability Index,GAIN_CR,0.2,UN Multilateral Engagement Score,UN_Index,0.1
RUN1847,Cumulative Emissions since 1990,X1990_2024,0.6,Gross National Product per capita,GDP_pc,0.2,Climate Risk and Vulnerability Index,GAIN_CR,0.1,UN Multilateral Engagement Score,UN_Index,0.1
RUN1848,Cumulative Emissions since 1990,X1990_2024,0.7,Gross National Product per capita,GDP_pc,0.1,Climate Risk and Vulnerability Index,GAIN_CR,0.1,UN Multilateral Engagement Score,UN_Index,0.1
RUN1849,Cumulative Emissions since 1990,X1990_2024,0.1,Gross National Product per capita,GDP_pc,0.1,Physical Climate Risk (EIB),EIB_PR,0.1,UN Multilateral Engagement Score,UN_Index,0.7
RUN1850,Cumulative Emissions since 1990,X1990_2024,0.1,Gross National Product per capita,GDP_pc,0.1,Physical Climate Risk (EIB),EIB_PR,0.2,UN Multilateral Engagement Score,UN_Index,0.6
RUN1851,Cumulative Emissions since 1990,X1990_2024,0.1,Gross National Product per capita,GDP_pc,0.1,Physical Climate Risk (EIB),EIB_PR,0.3,UN Multilateral Engagement Score,UN_Index,0.5
RUN1852,Cumulative Emissions since 1990,X1990_2024,0.1,Gross National Product per capita,GDP_pc,0.1,Physical Climate Risk (EIB),EIB_PR,0.4,UN Multilateral Engagement Score,UN_Index,0.4
RUN1853,Cumulative Emissions since 1990,X1990_2024,0.1,Gross National Product per capita,GDP_pc,0.1,Physical Climate Risk (EIB),EIB_PR,0.5,UN Multilateral Engagement Score,UN_Index,0.3
RUN1854,Cumulative Emissions since 1990,X1990_2024,0.1,Gross National Product per capita,GDP_pc,0.1,Physical Climate Risk (EIB),EIB_PR,0.6,UN Multilateral Engagement Score,UN_Index,0.2
RUN1855,Cumulative Emissions since 1990,X1990_2024,0.1,Gross National Product per capita,GDP_pc,0.1,Physical Climate Risk (EIB),EIB_PR,0.7,UN Multilateral Engagement Score,UN_Index,0.1
RUN1856,Cumulative Emissions since 1990,X1990_2024,0.1,Gross National Product per capita,GDP_pc,0.2,Physical Climate Risk (EIB),EIB_PR,0.1,UN Multilateral Engagement Score,UN_Index,0.6
RUN1857,Cumulative Emissions since 1990,X1990_2024,0.1,Gross National Product per capita,GDP_pc,0.2,Physical Climate Risk (EIB),EIB_PR,0.2,UN Multilateral Engagement Score,UN_Index,0.5
RUN1858,Cumulative Emissions since 1990,X1990_2024,0.1,Gross National Product per capita,GDP_pc,0.2,Physical Climate Risk (EIB),EIB_PR,0.3,UN Multilateral Engagement Score,UN_Index,0.4
RUN1859,Cumulative Emissions since 1990,X1990_2024,0.1,Gross National Product per capita,GDP_pc,0.2,Physical Climate Risk (EIB),EIB_PR,0.4,UN Multilateral Engagement Score,UN_Index,0.3
RUN1860,Cumulative Emissions since 1990,X1990_2024,0.1,Gross National Product per capita,GDP_pc,0.2,Physical Climate Risk (EIB),EIB_PR,0.5,UN Multilateral Engagement Score,UN_Index,0.2
RUN1861,Cumulative Emissions since 1990,X1990_2024,0.1,Gross National Product per capita,GDP_pc,0.2,Physical Climate Risk (EIB),EIB_PR,0.6,UN Multilateral Engagement Score,UN_Index,0.1
RUN1862,Cumulative Emissions since 1990,X1990_2024,0.1,Gross National Product per capita,GDP_pc,0.3,Physical Climate Risk (EIB),EIB_PR,0.1,UN Multilateral Engagement Score,UN_Index,0.5
RUN1863,Cumulative Emissions since 1990,X1990_2024,0.1,Gross National Product per capita,GDP_pc,0.3,Physical Climate Risk (EIB),EIB_PR,0.2,UN Multilateral Engagement Score,UN_Index,0.4
RUN1864,Cumulative Emissions since 1990,X1990_2024,0.1,Gross National Product per capita,GDP_pc,0.3,Physical Climate Risk (EIB),EIB_PR,0.3,UN Multilateral Engagement Score,UN_Index,0.3
RUN1865,Cumulative Emissions since 1990,X1990_2024,0.1,Gross National Product per capita,GDP_pc,0.3,Physical Climate Risk (EIB),EIB_PR,0.4,UN Multilateral Engagement Score,UN_Index,0.2
RUN1866,Cumulative Emissions since 1990,X1990_2024,0.1,Gross National Product per capita,GDP_pc,0.3,Physical Climate Risk (EIB),EIB_PR,0.5,UN Multilateral Engagement Score,UN_Index,0.1
RUN1867,Cumulative Emissions since 1990,X1990_2024,0.1,Gross National Product per capita,GDP_pc,0.4,Physical Climate Risk (EIB),EIB_PR,0.1,UN Multilateral Engagement Score,UN_Index,0.4
RUN1868,Cumulative Emissions since 1990,X1990_2024,0.1,Gross National Product per capita,GDP_pc,0.4,Physical Climate Risk (EIB),EIB_PR,0.2,UN Multilateral Engagement Score,UN_Index,0.3
RUN1869,Cumulative Emissions since 1990,X1990_2024,0.1,Gross National Product per capita,GDP_pc,0.4,Physical Climate Risk (EIB),EIB_PR,0.3,UN Multilateral Engagement Score,UN_Index,0.2
RUN1870,Cumulative Emissions since 1990,X1990_2024,0.1,Gross National Product per capita,GDP_pc,0.4,Physical Climate Risk (EIB),EIB_PR,0.4,UN Multilateral Engagement Score,UN_Index,0.1
RUN1871,Cumulative Emissions since 1990,X1990_2024,0.1,Gross National Product per capita,GDP_pc,0.5,Physical Climate Risk (EIB),EIB_PR,0.1,UN Multilateral Engagement Score,UN_Index,0.3
RUN1872,Cumulative Emissions since 1990,X1990_2024,0.1,Gross National Product per capita,GDP_pc,0.5,Physical Climate Risk (EIB),EIB_PR,0.2,UN Multilateral Engagement Score,UN_Index,0.2
RUN1873,Cumulative Emissions since 1990,X1990_2024,0.1,Gross National Product per capita,GDP_pc,0.5,Physical Climate Risk (EIB),EIB_PR,0.3,UN Multilateral Engagement Score,UN_Index,0.1
RUN1874,Cumulative Emissions since 1990,X1990_2024,0.1,Gross National Product per capita,GDP_pc,0.6,Physical Climate Risk (EIB),EIB_PR,0.1,UN Multilateral Engagement Score,UN_Index,0.2
RUN1875,Cumulative Emissions since 1990,X1990_2024,0.1,Gross National Product per capita,GDP_pc,0.6,Physical Climate Risk (EIB),EIB_PR,0.2,UN Multilateral Engagement Score,UN_Index,0.1
RUN1876,Cumulative Emissions since 1990,X1990_2024,0.1,Gross National Product per capita,GDP_pc,0.7,Physical Climate Risk (EIB),EIB_PR,0.1,UN Multilateral Engagement Score,UN_Index,0.1
RUN1877,Cumulative Emissions since 1990,X1990_2024,0.2,Gross National Product per capita,GDP_pc,0.1,Physical Climate Risk (EIB),EIB_PR,0.1,UN Multilateral Engagement Score,UN_Index,0.6
RUN1878,Cumulative Emissions since 1990,X1990_2024,0.2,Gross National Product per capita,GDP_pc,0.1,Physical Climate Risk (EIB),EIB_PR,0.2,UN Multilateral Engagement Score,UN_Index,0.5
RUN1879,Cumulative Emissions since 1990,X1990_2024,0.2,Gross National Product per capita,GDP_pc,0.1,Physical Climate Risk (EIB),EIB_PR,0.3,UN Multilateral Engagement Score,UN_Index,0.4
RUN1880,Cumulative Emissions since 1990,X1990_2024,0.2,Gross National Product per capita,GDP_pc,0.1,Physical Climate Risk (EIB),EIB_PR,0.4,UN Multilateral Engagement Score,UN_Index,0.3
RUN1881,Cumulative Emissions since 1990,X1990_2024,0.2,Gross National Product per capita,GDP_pc,0.1,Physical Climate Risk (EIB),EIB_PR,0.5,UN Multilateral Engagement Score,UN_Index,0.2
RUN1882,Cumulative Emissions since 1990,X1990_2024,0.2,Gross National Product per capita,GDP_pc,0.1,Physical Climate Risk (EIB),EIB_PR,0.6,UN Multilateral Engagement Score,UN_Index,0.1
RUN1883,Cumulative Emissions since 1990,X1990_2024,0.2,Gross National Product per capita,GDP_pc,0.2,Physical Climate Risk (EIB),EIB_PR,0.1,UN Multilateral Engagement Score,UN_Index,0.5
RUN1884,Cumulative Emissions since 1990,X1990_2024,0.2,Gross National Product per capita,GDP_pc,0.2,Physical Climate Risk (EIB),EIB_PR,0.2,UN Multilateral Engagement Score,UN_Index,0.4
RUN1885,Cumulative Emissions since 1990,X1990_2024,0.2,Gross National Product per capita,GDP_pc,0.2,Physical Climate Risk (EIB),EIB_PR,0.3,UN Multilateral Engagement Score,UN_Index,0.3
RUN1886,Cumulative Emissions since 1990,X1990_2024,0.2,Gross National Product per capita,GDP_pc,0.2,Physical Climate Risk (EIB),EIB_PR,0.4,UN Multilateral Engagement Score,UN_Index,0.2
RUN1887,Cumulative Emissions since 1990,X1990_2024,0.2,Gross National Product per capita,GDP_pc,0.2,Physical Climate Risk (EIB),EIB_PR,0.5,UN Multilateral Engagement Score,UN_Index,0.1
RUN1888,Cumulative Emissions since 1990,X1990_2024,0.2,Gross National Product per capita,GDP_pc,0.3,Physical Climate Risk (EIB),EIB_PR,0.1,UN Multilateral Engagement Score,UN_Index,0.4
RUN1889,Cumulative Emissions since 1990,X1990_2024,0.2,Gross National Product per capita,GDP_pc,0.3,Physical Climate Risk (EIB),EIB_PR,0.2,UN Multilateral Engagement Score,UN_Index,0.3
RUN1890,Cumulative Emissions since 1990,X1990_2024,0.2,Gross National Product per capita,GDP_pc,0.3,Physical Climate Risk (EIB),EIB_PR,0.3,UN Multilateral Engagement Score,UN_Index,0.2
RUN1891,Cumulative Emissions since 1990,X1990_2024,0.2,Gross National Product per capita,GDP_pc,0.3,Physical Climate Risk (EIB),EIB_PR,0.4,UN Multilateral Engagement Score,UN_Index,0.1
RUN1892,Cumulative Emissions since 1990,X1990_2024,0.2,Gross National Product per capita,GDP_pc,0.4,Physical Climate Risk (EIB),EIB_PR,0.1,UN Multilateral Engagement Score,UN_Index,0.3
RUN1893,Cumulative Emissions since 1990,X1990_2024,0.2,Gross National Product per capita,GDP_pc,0.4,Physical Climate Risk (EIB),EIB_PR,0.2,UN Multilateral Engagement Score,UN_Index,0.2
RUN1894,Cumulative Emissions since 1990,X1990_2024,0.2,Gross National Product per capita,GDP_pc,0.4,Physical Climate Risk (EIB),EIB_PR,0.3,UN Multilateral Engagement Score,UN_Index,0.1
RUN1895,Cumulative Emissions since 1990,X1990_2024,0.2,Gross National Product per capita,GDP_pc,0.5,Physical Climate Risk (EIB),EIB_PR,0.1,UN Multilateral Engagement Score,UN_Index,0.2
RUN1896,Cumulative Emissions since 1990,X1990_2024,0.2,Gross National Product per capita,GDP_pc,0.5,Physical Climate Risk (EIB),EIB_PR,0.2,UN Multilateral Engagement Score,UN_Index,0.1
RUN1897,Cumulative Emissions since 1990,X1990_2024,0.2,Gross National Product per capita,GDP_pc,0.6,Physical Climate Risk (EIB),EIB_PR,0.1,UN Multilateral Engagement Score,UN_Index,0.1
RUN1898,Cumulative Emissions since 1990,X1990_2024,0.3,Gross National Product per capita,GDP_pc,0.1,Physical Climate Risk (EIB),EIB_PR,0.1,UN Multilateral Engagement Score,UN_Index,0.5
RUN1899,Cumulative Emissions since 1990,X1990_2024,0.3,Gross National Product per capita,GDP_pc,0.1,Physical Climate Risk (EIB),EIB_PR,0.2,UN Multilateral Engagement Score,UN_Index,0.4
RUN1900,Cumulative Emissions since 1990,X1990_2024,0.3,Gross National Product per capita,GDP_pc,0.1,Physical Climate Risk (EIB),EIB_PR,0.3,UN Multilateral Engagement Score,UN_Index,0.3
RUN1901,Cumulative Emissions since 1990,X1990_2024,0.3,Gross National Product per capita,GDP_pc,0.1,Physical Climate Risk (EIB),EIB_PR,0.4,UN Multilateral Engagement Score,UN_Index,0.2
RUN1902,Cumulative Emissions since 1990,X1990_2024,0.3,Gross National Product per capita,GDP_pc,0.1,Physical Climate Risk (EIB),EIB_PR,0.5,UN Multilateral Engagement Score,UN_Index,0.1
RUN1903,Cumulative Emissions since 1990,X1990_2024,0.3,Gross National Product per capita,GDP_pc,0.2,Physical Climate Risk (EIB),EIB_PR,0.1,UN Multilateral Engagement Score,UN_Index,0.4
RUN1904,Cumulative Emissions since 1990,X1990_2024,0.3,Gross National Product per capita,GDP_pc,0.2,Physical Climate Risk (EIB),EIB_PR,0.2,UN Multilateral Engagement Score,UN_Index,0.3
RUN1905,Cumulative Emissions since 1990,X1990_2024,0.3,Gross National Product per capita,GDP_pc,0.2,Physical Climate Risk (EIB),EIB_PR,0.3,UN Multilateral Engagement Score,UN_Index,0.2
RUN1906,Cumulative Emissions since 1990,X1990_2024,0.3,Gross National Product per capita,GDP_pc,0.2,Physical Climate Risk (EIB),EIB_PR,0.4,UN Multilateral Engagement Score,UN_Index,0.1
RUN1907,Cumulative Emissions since 1990,X1990_2024,0.3,Gross National Product per capita,GDP_pc,0.3,Physical Climate Risk (EIB),EIB_PR,0.1,UN Multilateral Engagement Score,UN_Index,0.3
RUN1908,Cumulative Emissions since 1990,X1990_2024,0.3,Gross National Product per capita,GDP_pc,0.3,Physical Climate Risk (EIB),EIB_PR,0.2,UN Multilateral Engagement Score,UN_Index,0.2
RUN1909,Cumulative Emissions since 1990,X1990_2024,0.3,Gross National Product per capita,GDP_pc,0.3,Physical Climate Risk (EIB),EIB_PR,0.3,UN Multilateral Engagement Score,UN_Index,0.1
RUN1910,Cumulative Emissions since 1990,X1990_2024,0.3,Gross National Product per capita,GDP_pc,0.4,Physical Climate Risk (EIB),EIB_PR,0.1,UN Multilateral Engagement Score,UN_Index,0.2
RUN1911,Cumulative Emissions since 1990,X1990_2024,0.3,Gross National Product per capita,GDP_pc,0.4,Physical Climate Risk (EIB),EIB_PR,0.2,UN Multilateral Engagement Score,UN_Index,0.1
RUN1912,Cumulative Emissions since 1990,X1990_2024,0.3,Gross National Product per capita,GDP_pc,0.5,Physical Climate Risk (EIB),EIB_PR,0.1,UN Multilateral Engagement Score,UN_Index,0.1
RUN1913,Cumulative Emissions since 1990,X1990_2024,0.4,Gross National Product per capita,GDP_pc,0.1,Physical Climate Risk (EIB),EIB_PR,0.1,UN Multilateral Engagement Score,UN_Index,0.4
RUN1914,Cumulative Emissions since 1990,X1990_2024,0.4,Gross National Product per capita,GDP_pc,0.1,Physical Climate Risk (EIB),EIB_PR,0.2,UN Multilateral Engagement Score,UN_Index,0.3
RUN1915,Cumulative Emissions since 1990,X1990_2024,0.4,Gross National Product per capita,GDP_pc,0.1,Physical Climate Risk (EIB),EIB_PR,0.3,UN Multilateral Engagement Score,UN_Index,0.2
RUN1916,Cumulative Emissions since 1990,X1990_2024,0.4,Gross National Product per capita,GDP_pc,0.1,Physical Climate Risk (EIB),EIB_PR,0.4,UN Multilateral Engagement Score,UN_Index,0.1
RUN1917,Cumulative Emissions since 1990,X1990_2024,0.4,Gross National Product per capita,GDP_pc,0.2,Physical Climate Risk (EIB),EIB_PR,0.1,UN Multilateral Engagement Score,UN_Index,0.3
RUN1918,Cumulative Emissions since 1990,X1990_2024,0.4,Gross National Product per capita,GDP_pc,0.2,Physical Climate Risk (EIB),EIB_PR,0.2,UN Multilateral Engagement Score,UN_Index,0.2
RUN1919,Cumulative Emissions since 1990,X1990_2024,0.4,Gross National Product per capita,GDP_pc,0.2,Physical Climate Risk (EIB),EIB_PR,0.3,UN Multilateral Engagement Score,UN_Index,0.1
RUN1920,Cumulative Emissions since 1990,X1990_2024,0.4,Gross National Product per capita,GDP_pc,0.3,Physical Climate Risk (EIB),EIB_PR,0.1,UN Multilateral Engagement Score,UN_Index,0.2
RUN1921,Cumulative Emissions since 1990,X1990_2024,0.4,Gross National Product per capita,GDP_pc,0.3,Physical Climate Risk (EIB),EIB_PR,0.2,UN Multilateral Engagement Score,UN_Index,0.1
RUN1922,Cumulative Emissions since 1990,X1990_2024,0.4,Gross National Product per capita,GDP_pc,0.4,Physical Climate Risk (EIB),EIB_PR,0.1,UN Multilateral Engagement Score,UN_Index,0.1
RUN1923,Cumulative Emissions since 1990,X1990_2024,0.5,Gross National Product per capita,GDP_pc,0.1,Physical Climate Risk (EIB),EIB_PR,0.1,UN Multilateral Engagement Score,UN_Index,0.3
RUN1924,Cumulative Emissions since 1990,X1990_2024,0.5,Gross National Product per capita,GDP_pc,0.1,Physical Climate Risk (EIB),EIB_PR,0.2,UN Multilateral Engagement Score,UN_Index,0.2
RUN1925,Cumulative Emissions since 1990,X1990_2024,0.5,Gross National Product per capita,GDP_pc,0.1,Physical Climate Risk (EIB),EIB_PR,0.3,UN Multilateral Engagement Score,UN_Index,0.1
RUN1926,Cumulative Emissions since 1990,X1990_2024,0.5,Gross National Product per capita,GDP_pc,0.2,Physical Climate Risk (EIB),EIB_PR,0.1,UN Multilateral Engagement Score,UN_Index,0.2
RUN1927,Cumulative Emissions since 1990,X1990_2024,0.5,Gross National Product per capita,GDP_pc,0.2,Physical Climate Risk (EIB),EIB_PR,0.2,UN Multilateral Engagement Score,UN_Index,0.1
RUN1928,Cumulative Emissions since 1990,X1990_2024,0.5,Gross National Product per capita,GDP_pc,0.3,Physical Climate Risk (EIB),EIB_PR,0.1,UN Multilateral Engagement Score,UN_Index,0.1
RUN1929,Cumulative Emissions since 1990,X1990_2024,0.6,Gross National Product per capita,GDP_pc,0.1,Physical Climate Risk (EIB),EIB_PR,0.1,UN Multilateral Engagement Score,UN_Index,0.2
RUN1930,Cumulative Emissions since 1990,X1990_2024,0.6,Gross National Product per capita,GDP_pc,0.1,Physical Climate Risk (EIB),EIB_PR,0.2,UN Multilateral Engagement Score,UN_Index,0.1
RUN1931,Cumulative Emissions since 1990,X1990_2024,0.6,Gross National Product per capita,GDP_pc,0.2,Physical Climate Risk (EIB),EIB_PR,0.1,UN Multilateral Engagement Score,UN_Index,0.1
RUN1932,Cumulative Emissions since 1990,X1990_2024,0.7,Gross National Product per capita,GDP_pc,0.1,Physical Climate Risk (EIB),EIB_PR,0.1,UN Multilateral Engagement Score,UN_Index,0.1
RUN1933,Cumulative Emissions since 1990,X1990_2024,0.1,Gross National Product per capita,GDP_pc,0.1,Transition Climate Risk (EIB),EIB_TR,0.1,UN Multilateral Engagement Score,UN_Index,0.7
RUN1934,Cumulative Emissions since 1990,X1990_2024,0.1,Gross National Product per capita,GDP_pc,0.1,Transition Climate Risk (EIB),EIB_TR,0.2,UN Multilateral Engagement Score,UN_Index,0.6
RUN1935,Cumulative Emissions since 1990,X1990_2024,0.1,Gross National Product per capita,GDP_pc,0.1,Transition Climate Risk (EIB),EIB_TR,0.3,UN Multilateral Engagement Score,UN_Index,0.5
RUN1936,Cumulative Emissions since 1990,X1990_2024,0.1,Gross National Product per capita,GDP_pc,0.1,Transition Climate Risk (EIB),EIB_TR,0.4,UN Multilateral Engagement Score,UN_Index,0.4
RUN1937,Cumulative Emissions since 1990,X1990_2024,0.1,Gross National Product per capita,GDP_pc,0.1,Transition Climate Risk (EIB),EIB_TR,0.5,UN Multilateral Engagement Score,UN_Index,0.3
RUN1938,Cumulative Emissions since 1990,X1990_2024,0.1,Gross National Product per capita,GDP_pc,0.1,Transition Climate Risk (EIB),EIB_TR,0.6,UN Multilateral Engagement Score,UN_Index,0.2
RUN1939,Cumulative Emissions since 1990,X1990_2024,0.1,Gross National Product per capita,GDP_pc,0.1,Transition Climate Risk (EIB),EIB_TR,0.7,UN Multilateral Engagement Score,UN_Index,0.1
RUN1940,Cumulative Emissions since 1990,X1990_2024,0.1,Gross National Product per capita,GDP_pc,0.2,Transition Climate Risk (EIB),EIB_TR,0.1,UN Multilateral Engagement Score,UN_Index,0.6
RUN1941,Cumulative Emissions since 1990,X1990_2024,0.1,Gross National Product per capita,GDP_pc,0.2,Transition Climate Risk (EIB),EIB_TR,0.2,UN Multilateral Engagement Score,UN_Index,0.5
RUN1942,Cumulative Emissions since 1990,X1990_2024,0.1,Gross National Product per capita,GDP_pc,0.2,Transition Climate Risk (EIB),EIB_TR,0.3,UN Multilateral Engagement Score,UN_Index,0.4
RUN1943,Cumulative Emissions since 1990,X1990_2024,0.1,Gross National Product per capita,GDP_pc,0.2,Transition Climate Risk (EIB),EIB_TR,0.4,UN Multilateral Engagement Score,UN_Index,0.3
RUN1944,Cumulative Emissions since 1990,X1990_2024,0.1,Gross National Product per capita,GDP_pc,0.2,Transition Climate Risk (EIB),EIB_TR,0.5,UN Multilateral Engagement Score,UN_Index,0.2
RUN1945,Cumulative Emissions since 1990,X1990_2024,0.1,Gross National Product per capita,GDP_pc,0.2,Transition Climate Risk (EIB),EIB_TR,0.6,UN Multilateral Engagement Score,UN_Index,0.1
RUN1946,Cumulative Emissions since 1990,X1990_2024,0.1,Gross National Product per capita,GDP_pc,0.3,Transition Climate Risk (EIB),EIB_TR,0.1,UN Multilateral Engagement Score,UN_Index,0.5
RUN1947,Cumulative Emissions since 1990,X1990_2024,0.1,Gross National Product per capita,GDP_pc,0.3,Transition Climate Risk (EIB),EIB_TR,0.2,UN Multilateral Engagement Score,UN_Index,0.4
RUN1948,Cumulative Emissions since 1990,X1990_2024,0.1,Gross National Product per capita,GDP_pc,0.3,Transition Climate Risk (EIB),EIB_TR,0.3,UN Multilateral Engagement Score,UN_Index,0.3
RUN1949,Cumulative Emissions since 1990,X1990_2024,0.1,Gross National Product per capita,GDP_pc,0.3,Transition Climate Risk (EIB),EIB_TR,0.4,UN Multilateral Engagement Score,UN_Index,0.2
RUN1950,Cumulative Emissions since 1990,X1990_2024,0.1,Gross National Product per capita,GDP_pc,0.3,Transition Climate Risk (EIB),EIB_TR,0.5,UN Multilateral Engagement Score,UN_Index,0.1
RUN1951,Cumulative Emissions since 1990,X1990_2024,0.1,Gross National Product per capita,GDP_pc,0.4,Transition Climate Risk (EIB),EIB_TR,0.1,UN Multilateral Engagement Score,UN_Index,0.4
RUN1952,Cumulative Emissions since 1990,X1990_2024,0.1,Gross National Product per capita,GDP_pc,0.4,Transition Climate Risk (EIB),EIB_TR,0.2,UN Multilateral Engagement Score,UN_Index,0.3
RUN1953,Cumulative Emissions since 1990,X1990_2024,0.1,Gross National Product per capita,GDP_pc,0.4,Transition Climate Risk (EIB),EIB_TR,0.3,UN Multilateral Engagement Score,UN_Index,0.2
RUN1954,Cumulative Emissions since 1990,X1990_2024,0.1,Gross National Product per capita,GDP_pc,0.4,Transition Climate Risk (EIB),EIB_TR,0.4,UN Multilateral Engagement Score,UN_Index,0.1
RUN1955,Cumulative Emissions since 1990,X1990_2024,0.1,Gross National Product per capita,GDP_pc,0.5,Transition Climate Risk (EIB),EIB_TR,0.1,UN Multilateral Engagement Score,UN_Index,0.3
RUN1956,Cumulative Emissions since 1990,X1990_2024,0.1,Gross National Product per capita,GDP_pc,0.5,Transition Climate Risk (EIB),EIB_TR,0.2,UN Multilateral Engagement Score,UN_Index,0.2
RUN1957,Cumulative Emissions since 1990,X1990_2024,0.1,Gross National Product per capita,GDP_pc,0.5,Transition Climate Risk (EIB),EIB_TR,0.3,UN Multilateral Engagement Score,UN_Index,0.1
RUN1958,Cumulative Emissions since 1990,X1990_2024,0.1,Gross National Product per capita,GDP_pc,0.6,Transition Climate Risk (EIB),EIB_TR,0.1,UN Multilateral Engagement Score,UN_Index,0.2
RUN1959,Cumulative Emissions since 1990,X1990_2024,0.1,Gross National Product per capita,GDP_pc,0.6,Transition Climate Risk (EIB),EIB_TR,0.2,UN Multilateral Engagement Score,UN_Index,0.1
RUN1960,Cumulative Emissions since 1990,X1990_2024,0.1,Gross National Product per capita,GDP_pc,0.7,Transition Climate Risk (EIB),EIB_TR,0.1,UN Multilateral Engagement Score,UN_Index,0.1
RUN1961,Cumulative Emissions since 1990,X1990_2024,0.2,Gross National Product per capita,GDP_pc,0.1,Transition Climate Risk (EIB),EIB_TR,0.1,UN Multilateral Engagement Score,UN_Index,0.6
RUN1962,Cumulative Emissions since 1990,X1990_2024,0.2,Gross National Product per capita,GDP_pc,0.1,Transition Climate Risk (EIB),EIB_TR,0.2,UN Multilateral Engagement Score,UN_Index,0.5
RUN1963,Cumulative Emissions since 1990,X1990_2024,0.2,Gross National Product per capita,GDP_pc,0.1,Transition Climate Risk (EIB),EIB_TR,0.3,UN Multilateral Engagement Score,UN_Index,0.4
RUN1964,Cumulative Emissions since 1990,X1990_2024,0.2,Gross National Product per capita,GDP_pc,0.1,Transition Climate Risk (EIB),EIB_TR,0.4,UN Multilateral Engagement Score,UN_Index,0.3
RUN1965,Cumulative Emissions since 1990,X1990_2024,0.2,Gross National Product per capita,GDP_pc,0.1,Transition Climate Risk (EIB),EIB_TR,0.5,UN Multilateral Engagement Score,UN_Index,0.2
RUN1966,Cumulative Emissions since 1990,X1990_2024,0.2,Gross National Product per capita,GDP_pc,0.1,Transition Climate Risk (EIB),EIB_TR,0.6,UN Multilateral Engagement Score,UN_Index,0.1
RUN1967,Cumulative Emissions since 1990,X1990_2024,0.2,Gross National Product per capita,GDP_pc,0.2,Transition Climate Risk (EIB),EIB_TR,0.1,UN Multilateral Engagement Score,UN_Index,0.5
RUN1968,Cumulative Emissions since 1990,X1990_2024,0.2,Gross National Product per capita,GDP_pc,0.2,Transition Climate Risk (EIB),EIB_TR,0.2,UN Multilateral Engagement Score,UN_Index,0.4
RUN1969,Cumulative Emissions since 1990,X1990_2024,0.2,Gross National Product per capita,GDP_pc,0.2,Transition Climate Risk (EIB),EIB_TR,0.3,UN Multilateral Engagement Score,UN_Index,0.3
RUN1970,Cumulative Emissions since 1990,X1990_2024,0.2,Gross National Product per capita,GDP_pc,0.2,Transition Climate Risk (EIB),EIB_TR,0.4,UN Multilateral Engagement Score,UN_Index,0.2
RUN1971,Cumulative Emissions since 1990,X1990_2024,0.2,Gross National Product per capita,GDP_pc,0.2,Transition Climate Risk (EIB),EIB_TR,0.5,UN Multilateral Engagement Score,UN_Index,0.1
RUN1972,Cumulative Emissions since 1990,X1990_2024,0.2,Gross National Product per capita,GDP_pc,0.3,Transition Climate Risk (EIB),EIB_TR,0.1,UN Multilateral Engagement Score,UN_Index,0.4
RUN1973,Cumulative Emissions since 1990,X1990_2024,0.2,Gross National Product per capita,GDP_pc,0.3,Transition Climate Risk (EIB),EIB_TR,0.2,UN Multilateral Engagement Score,UN_Index,0.3
RUN1974,Cumulative Emissions since 1990,X1990_2024,0.2,Gross National Product per capita,GDP_pc,0.3,Transition Climate Risk (EIB),EIB_TR,0.3,UN Multilateral Engagement Score,UN_Index,0.2
RUN1975,Cumulative Emissions since 1990,X1990_2024,0.2,Gross National Product per capita,GDP_pc,0.3,Transition Climate Risk (EIB),EIB_TR,0.4,UN Multilateral Engagement Score,UN_Index,0.1
RUN1976,Cumulative Emissions since 1990,X1990_2024,0.2,Gross National Product per capita,GDP_pc,0.4,Transition Climate Risk (EIB),EIB_TR,0.1,UN Multilateral Engagement Score,UN_Index,0.3
RUN1977,Cumulative Emissions since 1990,X1990_2024,0.2,Gross National Product per capita,GDP_pc,0.4,Transition Climate Risk (EIB),EIB_TR,0.2,UN Multilateral Engagement Score,UN_Index,0.2
RUN1978,Cumulative Emissions since 1990,X1990_2024,0.2,Gross National Product per capita,GDP_pc,0.4,Transition Climate Risk (EIB),EIB_TR,0.3,UN Multilateral Engagement Score,UN_Index,0.1
RUN1979,Cumulative Emissions since 1990,X1990_2024,0.2,Gross National Product per capita,GDP_pc,0.5,Transition Climate Risk (EIB),EIB_TR,0.1,UN Multilateral Engagement Score,UN_Index,0.2
RUN1980,Cumulative Emissions since 1990,X1990_2024,0.2,Gross National Product per capita,GDP_pc,0.5,Transition Climate Risk (EIB),EIB_TR,0.2,UN Multilateral Engagement Score,UN_Index,0.1
RUN1981,Cumulative Emissions since 1990,X1990_2024,0.2,Gross National Product per capita,GDP_pc,0.6,Transition Climate Risk (EIB),EIB_TR,0.1,UN Multilateral Engagement Score,UN_Index,0.1
RUN1982,Cumulative Emissions since 1990,X1990_2024,0.3,Gross National Product per capita,GDP_pc,0.1,Transition Climate Risk (EIB),EIB_TR,0.1,UN Multilateral Engagement Score,UN_Index,0.5
RUN1983,Cumulative Emissions since 1990,X1990_2024,0.3,Gross National Product per capita,GDP_pc,0.1,Transition Climate Risk (EIB),EIB_TR,0.2,UN Multilateral Engagement Score,UN_Index,0.4
RUN1984,Cumulative Emissions since 1990,X1990_2024,0.3,Gross National Product per capita,GDP_pc,0.1,Transition Climate Risk (EIB),EIB_TR,0.3,UN Multilateral Engagement Score,UN_Index,0.3
RUN1985,Cumulative Emissions since 1990,X1990_2024,0.3,Gross National Product per capita,GDP_pc,0.1,Transition Climate Risk (EIB),EIB_TR,0.4,UN Multilateral Engagement Score,UN_Index,0.2
RUN1986,Cumulative Emissions since 1990,X1990_2024,0.3,Gross National Product per capita,GDP_pc,0.1,Transition Climate Risk (EIB),EIB_TR,0.5,UN Multilateral Engagement Score,UN_Index,0.1
RUN1987,Cumulative Emissions since 1990,X1990_2024,0.3,Gross National Product per capita,GDP_pc,0.2,Transition Climate Risk (EIB),EIB_TR,0.1,UN Multilateral Engagement Score,UN_Index,0.4
RUN1988,Cumulative Emissions since 1990,X1990_2024,0.3,Gross National Product per capita,GDP_pc,0.2,Transition Climate Risk (EIB),EIB_TR,0.2,UN Multilateral Engagement Score,UN_Index,0.3
RUN1989,Cumulative Emissions since 1990,X1990_2024,0.3,Gross National Product per capita,GDP_pc,0.2,Transition Climate Risk (EIB),EIB_TR,0.3,UN Multilateral Engagement Score,UN_Index,0.2
RUN1990,Cumulative Emissions since 1990,X1990_2024,0.3,Gross National Product per capita,GDP_pc,0.2,Transition Climate Risk (EIB),EIB_TR,0.4,UN Multilateral Engagement Score,UN_Index,0.1
RUN1991,Cumulative Emissions since 1990,X1990_2024,0.3,Gross National Product per capita,GDP_pc,0.3,Transition Climate Risk (EIB),EIB_TR,0.1,UN Multilateral Engagement Score,UN_Index,0.3
RUN1992,Cumulative Emissions since 1990,X1990_2024,0.3,Gross National Product per capita,GDP_pc,0.3,Transition Climate Risk (EIB),EIB_TR,0.2,UN Multilateral Engagement Score,UN_Index,0.2
RUN1993,Cumulative Emissions since 1990,X1990_2024,0.3,Gross National Product per capita,GDP_pc,0.3,Transition Climate Risk (EIB),EIB_TR,0.3,UN Multilateral Engagement Score,UN_Index,0.1
RUN1994,Cumulative Emissions since 1990,X1990_2024,0.3,Gross National Product per capita,GDP_pc,0.4,Transition Climate Risk (EIB),EIB_TR,0.1,UN Multilateral Engagement Score,UN_Index,0.2
RUN1995,Cumulative Emissions since 1990,X1990_2024,0.3,Gross National Product per capita,GDP_pc,0.4,Transition Climate Risk (EIB),EIB_TR,0.2,UN Multilateral Engagement Score,UN_Index,0.1
RUN1996,Cumulative Emissions since 1990,X1990_2024,0.3,Gross National Product per capita,GDP_pc,0.5,Transition Climate Risk (EIB),EIB_TR,0.1,UN Multilateral Engagement Score,UN_Index,0.1
RUN1997,Cumulative Emissions since 1990,X1990_2024,0.4,Gross National Product per capita,GDP_pc,0.1,Transition Climate Risk (EIB),EIB_TR,0.1,UN Multilateral Engagement Score,UN_Index,0.4
RUN1998,Cumulative Emissions since 1990,X1990_2024,0.4,Gross National Product per capita,GDP_pc,0.1,Transition Climate Risk (EIB),EIB_TR,0.2,UN Multilateral Engagement Score,UN_Index,0.3
RUN1999,Cumulative Emissions since 1990,X1990_2024,0.4,Gross National Product per capita,GDP_pc,0.1,Transition Climate Risk (EIB),EIB_TR,0.3,UN Multilateral Engagement Score,UN_Index,0.2
RUN2000,Cumulative Emissions since 1990,X1990_2024,0.4,Gross National Product per capita,GDP_pc,0.1,Transition Climate Risk (EIB),EIB_TR,0.4,UN Multilateral Engagement Score,UN_Index,0.1
RUN2001,Cumulative Emissions since 1990,X1990_2024,0.4,Gross National Product per capita,GDP_pc,0.2,Transition Climate Risk (EIB),EIB_TR,0.1,UN Multilateral Engagement Score,UN_Index,0.3
RUN2002,Cumulative Emissions since 1990,X1990_2024,0.4,Gross National Product per capita,GDP_pc,0.2,Transition Climate Risk (EIB),EIB_TR,0.2,UN Multilateral Engagement Score,UN_Index,0.2
RUN2003,Cumulative Emissions since 1990,X1990_2024,0.4,Gross National Product per capita,GDP_pc,0.2,Transition Climate Risk (EIB),EIB_TR,0.3,UN Multilateral Engagement Score,UN_Index,0.1
RUN2004,Cumulative Emissions since 1990,X1990_2024,0.4,Gross National Product per capita,GDP_pc,0.3,Transition Climate Risk (EIB),EIB_TR,0.1,UN Multilateral Engagement Score,UN_Index,0.2
RUN2005,Cumulative Emissions since 1990,X1990_2024,0.4,Gross National Product per capita,GDP_pc,0.3,Transition Climate Risk (EIB),EIB_TR,0.2,UN Multilateral Engagement Score,UN_Index,0.1
RUN2006,Cumulative Emissions since 1990,X1990_2024,0.4,Gross National Product per capita,GDP_pc,0.4,Transition Climate Risk (EIB),EIB_TR,0.1,UN Multilateral Engagement Score,UN_Index,0.1
RUN2007,Cumulative Emissions since 1990,X1990_2024,0.5,Gross National Product per capita,GDP_pc,0.1,Transition Climate Risk (EIB),EIB_TR,0.1,UN Multilateral Engagement Score,UN_Index,0.3
RUN2008,Cumulative Emissions since 1990,X1990_2024,0.5,Gross National Product per capita,GDP_pc,0.1,Transition Climate Risk (EIB),EIB_TR,0.2,UN Multilateral Engagement Score,UN_Index,0.2
RUN2009,Cumulative Emissions since 1990,X1990_2024,0.5,Gross National Product per capita,GDP_pc,0.1,Transition Climate Risk (EIB),EIB_TR,0.3,UN Multilateral Engagement Score,UN_Index,0.1
RUN2010,Cumulative Emissions since 1990,X1990_2024,0.5,Gross National Product per capita,GDP_pc,0.2,Transition Climate Risk (EIB),EIB_TR,0.1,UN Multilateral Engagement Score,UN_Index,0.2
RUN2011,Cumulative Emissions since 1990,X1990_2024,0.5,Gross National Product per capita,GDP_pc,0.2,Transition Climate Risk (EIB),EIB_TR,0.2,UN Multilateral Engagement Score,UN_Index,0.1
RUN2012,Cumulative Emissions since 1990,X1990_2024,0.5,Gross National Product per capita,GDP_pc,0.3,Transition Climate Risk (EIB),EIB_TR,0.1,UN Multilateral Engagement Score,UN_Index,0.1
RUN2013,Cumulative Emissions since 1990,X1990_2024,0.6,Gross National Product per capita,GDP_pc,0.1,Transition Climate Risk (EIB),EIB_TR,0.1,UN Multilateral Engagement Score,UN_Index,0.2
RUN2014,Cumulative Emissions since 1990,X1990_2024,0.6,Gross National Product per capita,GDP_pc,0.1,Transition Climate Risk (EIB),EIB_TR,0.2,UN Multilateral Engagement Score,UN_Index,0.1
RUN2015,Cumulative Emissions since 1990,X1990_2024,0.6,Gross National Product per capita,GDP_pc,0.2,Transition Climate Risk (EIB),EIB_TR,0.1,UN Multilateral Engagement Score,UN_Index,0.1
RUN2016,Cumulative Emissions since 1990,X1990_2024,0.7,Gross National Product per capita,GDP_pc,0.1,Transition Climate Risk (EIB),EIB_TR,0.1,UN Multilateral Engagement Score,UN_Index,0.1
RUN2017,Total Emissions,GHG_2024,0.1,Gross National Income,GNI,0.1,Climate Risk and Vulnerability Index,GAIN_CR,0.1,UN Multilateral Engagement Score,UN_Index,0.7
RUN2018,Total Emissions,GHG_2024,0.1,Gross National Income,GNI,0.1,Climate Risk and Vulnerability Index,GAIN_CR,0.2,UN Multilateral Engagement Score,UN_Index,0.6
RUN2019,Total Emissions,GHG_2024,0.1,Gross National Income,GNI,0.1,Climate Risk and Vulnerability Index,GAIN_CR,0.3,UN Multilateral Engagement Score,UN_Index,0.5
RUN2020,Total Emissions,GHG_2024,0.1,Gross National Income,GNI,0.1,Climate Risk and Vulnerability Index,GAIN_CR,0.4,UN Multilateral Engagement Score,UN_Index,0.4
RUN2021,Total Emissions,GHG_2024,0.1,Gross National Income,GNI,0.1,Climate Risk and Vulnerability Index,GAIN_CR,0.5,UN Multilateral Engagement Score,UN_Index,0.3
RUN2022,Total Emissions,GHG_2024,0.1,Gross National Income,GNI,0.1,Climate Risk and Vulnerability Index,GAIN_CR,0.6,UN Multilateral Engagement Score,UN_Index,0.2
RUN2023,Total Emissions,GHG_2024,0.1,Gross National Income,GNI,0.1,Climate Risk and Vulnerability Index,GAIN_CR,0.7,UN Multilateral Engagement Score,UN_Index,0.1
RUN2024,Total Emissions,GHG_2024,0.1,Gross National Income,GNI,0.2,Climate Risk and Vulnerability Index,GAIN_CR,0.1,UN Multilateral Engagement Score,UN_Index,0.6
RUN2025,Total Emissions,GHG_2024,0.1,Gross National Income,GNI,0.2,Climate Risk and Vulnerability Index,GAIN_CR,0.2,UN Multilateral Engagement Score,UN_Index,0.5
RUN2026,Total Emissions,GHG_2024,0.1,Gross National Income,GNI,0.2,Climate Risk and Vulnerability Index,GAIN_CR,0.3,UN Multilateral Engagement Score,UN_Index,0.4
RUN2027,Total Emissions,GHG_2024,0.1,Gross National Income,GNI,0.2,Climate Risk and Vulnerability Index,GAIN_CR,0.4,UN Multilateral Engagement Score,UN_Index,0.3
RUN2028,Total Emissions,GHG_2024,0.1,Gross National Income,GNI,0.2,Climate Risk and Vulnerability Index,GAIN_CR,0.5,UN Multilateral Engagement Score,UN_Index,0.2
RUN2029,Total Emissions,GHG_2024,0.1,Gross National Income,GNI,0.2,Climate Risk and Vulnerability Index,GAIN_CR,0.6,UN Multilateral Engagement Score,UN_Index,0.1
RUN2030,Total Emissions,GHG_2024,0.1,Gross National Income,GNI,0.3,Climate Risk and Vulnerability Index,GAIN_CR,0.1,UN Multilateral Engagement Score,UN_Index,0.5
RUN2031,Total Emissions,GHG_2024,0.1,Gross National Income,GNI,0.3,Climate Risk and Vulnerability Index,GAIN_CR,0.2,UN Multilateral Engagement Score,UN_Index,0.4
RUN2032,Total Emissions,GHG_2024,0.1,Gross National Income,GNI,0.3,Climate Risk and Vulnerability Index,GAIN_CR,0.3,UN Multilateral Engagement Score,UN_Index,0.3
RUN2033,Total Emissions,GHG_2024,0.1,Gross National Income,GNI,0.3,Climate Risk and Vulnerability Index,GAIN_CR,0.4,UN Multilateral Engagement Score,UN_Index,0.2
RUN2034,Total Emissions,GHG_2024,0.1,Gross National Income,GNI,0.3,Climate Risk and Vulnerability Index,GAIN_CR,0.5,UN Multilateral Engagement Score,UN_Index,0.1
RUN2035,Total Emissions,GHG_2024,0.1,Gross National Income,GNI,0.4,Climate Risk and Vulnerability Index,GAIN_CR,0.1,UN Multilateral Engagement Score,UN_Index,0.4
RUN2036,Total Emissions,GHG_2024,0.1,Gross National Income,GNI,0.4,Climate Risk and Vulnerability Index,GAIN_CR,0.2,UN Multilateral Engagement Score,UN_Index,0.3
RUN2037,Total Emissions,GHG_2024,0.1,Gross National Income,GNI,0.4,Climate Risk and Vulnerability Index,GAIN_CR,0.3,UN Multilateral Engagement Score,UN_Index,0.2
RUN2038,Total Emissions,GHG_2024,0.1,Gross National Income,GNI,0.4,Climate Risk and Vulnerability Index,GAIN_CR,0.4,UN Multilateral Engagement Score,UN_Index,0.1
RUN2039,Total Emissions,GHG_2024,0.1,Gross National Income,GNI,0.5,Climate Risk and Vulnerability Index,GAIN_CR,0.1,UN Multilateral Engagement Score,UN_Index,0.3
RUN2040,Total Emissions,GHG_2024,0.1,Gross National Income,GNI,0.5,Climate Risk and Vulnerability Index,GAIN_CR,0.2,UN Multilateral Engagement Score,UN_Index,0.2
RUN2041,Total Emissions,GHG_2024,0.1,Gross National Income,GNI,0.5,Climate Risk and Vulnerability Index,GAIN_CR,0.3,UN Multilateral Engagement Score,UN_Index,0.1
RUN2042,Total Emissions,GHG_2024,0.1,Gross National Income,GNI,0.6,Climate Risk and Vulnerability Index,GAIN_CR,0.1,UN Multilateral Engagement Score,UN_Index,0.2
RUN2043,Total Emissions,GHG_2024,0.1,Gross National Income,GNI,0.6,Climate Risk and Vulnerability Index,GAIN_CR,0.2,UN Multilateral Engagement Score,UN_Index,0.1
RUN2044,Total Emissions,GHG_2024,0.1,Gross National Income,GNI,0.7,Climate Risk and Vulnerability Index,GAIN_CR,0.1,UN Multilateral Engagement Score,UN_Index,0.1
RUN2045,Total Emissions,GHG_2024,0.2,Gross National Income,GNI,0.1,Climate Risk and Vulnerability Index,GAIN_CR,0.1,UN Multilateral Engagement Score,UN_Index,0.6
RUN2046,Total Emissions,GHG_2024,0.2,Gross National Income,GNI,0.1,Climate Risk and Vulnerability Index,GAIN_CR,0.2,UN Multilateral Engagement Score,UN_Index,0.5
RUN2047,Total Emissions,GHG_2024,0.2,Gross National Income,GNI,0.1,Climate Risk and Vulnerability Index,GAIN_CR,0.3,UN Multilateral Engagement Score,UN_Index,0.4
RUN2048,Total Emissions,GHG_2024,0.2,Gross National Income,GNI,0.1,Climate Risk and Vulnerability Index,GAIN_CR,0.4,UN Multilateral Engagement Score,UN_Index,0.3
RUN2049,Total Emissions,GHG_2024,0.2,Gross National Income,GNI,0.1,Climate Risk and Vulnerability Index,GAIN_CR,0.5,UN Multilateral Engagement Score,UN_Index,0.2
RUN2050,Total Emissions,GHG_2024,0.2,Gross National Income,GNI,0.1,Climate Risk and Vulnerability Index,GAIN_CR,0.6,UN Multilateral Engagement Score,UN_Index,0.1
RUN2051,Total Emissions,GHG_2024,0.2,Gross National Income,GNI,0.2,Climate Risk and Vulnerability Index,GAIN_CR,0.1,UN Multilateral Engagement Score,UN_Index,0.5
RUN2052,Total Emissions,GHG_2024,0.2,Gross National Income,GNI,0.2,Climate Risk and Vulnerability Index,GAIN_CR,0.2,UN Multilateral Engagement Score,UN_Index,0.4
RUN2053,Total Emissions,GHG_2024,0.2,Gross National Income,GNI,0.2,Climate Risk and Vulnerability Index,GAIN_CR,0.3,UN Multilateral Engagement Score,UN_Index,0.3
RUN2054,Total Emissions,GHG_2024,0.2,Gross National Income,GNI,0.2,Climate Risk and Vulnerability Index,GAIN_CR,0.4,UN Multilateral Engagement Score,UN_Index,0.2
RUN2055,Total Emissions,GHG_2024,0.2,Gross National Income,GNI,0.2,Climate Risk and Vulnerability Index,GAIN_CR,0.5,UN Multilateral Engagement Score,UN_Index,0.1
RUN2056,Total Emissions,GHG_2024,0.2,Gross National Income,GNI,0.3,Climate Risk and Vulnerability Index,GAIN_CR,0.1,UN Multilateral Engagement Score,UN_Index,0.4
RUN2057,Total Emissions,GHG_2024,0.2,Gross National Income,GNI,0.3,Climate Risk and Vulnerability Index,GAIN_CR,0.2,UN Multilateral Engagement Score,UN_Index,0.3
RUN2058,Total Emissions,GHG_2024,0.2,Gross National Income,GNI,0.3,Climate Risk and Vulnerability Index,GAIN_CR,0.3,UN Multilateral Engagement Score,UN_Index,0.2
RUN2059,Total Emissions,GHG_2024,0.2,Gross National Income,GNI,0.3,Climate Risk and Vulnerability Index,GAIN_CR,0.4,UN Multilateral Engagement Score,UN_Index,0.1
RUN2060,Total Emissions,GHG_2024,0.2,Gross National Income,GNI,0.4,Climate Risk and Vulnerability Index,GAIN_CR,0.1,UN Multilateral Engagement Score,UN_Index,0.3
RUN2061,Total Emissions,GHG_2024,0.2,Gross National Income,GNI,0.4,Climate Risk and Vulnerability Index,GAIN_CR,0.2,UN Multilateral Engagement Score,UN_Index,0.2
RUN2062,Total Emissions,GHG_2024,0.2,Gross National Income,GNI,0.4,Climate Risk and Vulnerability Index,GAIN_CR,0.3,UN Multilateral Engagement Score,UN_Index,0.1
RUN2063,Total Emissions,GHG_2024,0.2,Gross National Income,GNI,0.5,Climate Risk and Vulnerability Index,GAIN_CR,0.1,UN Multilateral Engagement Score,UN_Index,0.2
RUN2064,Total Emissions,GHG_2024,0.2,Gross National Income,GNI,0.5,Climate Risk and Vulnerability Index,GAIN_CR,0.2,UN Multilateral Engagement Score,UN_Index,0.1
RUN2065,Total Emissions,GHG_2024,0.2,Gross National Income,GNI,0.6,Climate Risk and Vulnerability Index,GAIN_CR,0.1,UN Multilateral Engagement Score,UN_Index,0.1
RUN2066,Total Emissions,GHG_2024,0.3,Gross National Income,GNI,0.1,Climate Risk and Vulnerability Index,GAIN_CR,0.1,UN Multilateral Engagement Score,UN_Index,0.5
RUN2067,Total Emissions,GHG_2024,0.3,Gross National Income,GNI,0.1,Climate Risk and Vulnerability Index,GAIN_CR,0.2,UN Multilateral Engagement Score,UN_Index,0.4
RUN2068,Total Emissions,GHG_2024,0.3,Gross National Income,GNI,0.1,Climate Risk and Vulnerability Index,GAIN_CR,0.3,UN Multilateral Engagement Score,UN_Index,0.3
RUN2069,Total Emissions,GHG_2024,0.3,Gross National Income,GNI,0.1,Climate Risk and Vulnerability Index,GAIN_CR,0.4,UN Multilateral Engagement Score,UN_Index,0.2
RUN2070,Total Emissions,GHG_2024,0.3,Gross National Income,GNI,0.1,Climate Risk and Vulnerability Index,GAIN_CR,0.5,UN Multilateral Engagement Score,UN_Index,0.1
RUN2071,Total Emissions,GHG_2024,0.3,Gross National Income,GNI,0.2,Climate Risk and Vulnerability Index,GAIN_CR,0.1,UN Multilateral Engagement Score,UN_Index,0.4
RUN2072,Total Emissions,GHG_2024,0.3,Gross National Income,GNI,0.2,Climate Risk and Vulnerability Index,GAIN_CR,0.2,UN Multilateral Engagement Score,UN_Index,0.3
RUN2073,Total Emissions,GHG_2024,0.3,Gross National Income,GNI,0.2,Climate Risk and Vulnerability Index,GAIN_CR,0.3,UN Multilateral Engagement Score,UN_Index,0.2
RUN2074,Total Emissions,GHG_2024,0.3,Gross National Income,GNI,0.2,Climate Risk and Vulnerability Index,GAIN_CR,0.4,UN Multilateral Engagement Score,UN_Index,0.1
RUN2075,Total Emissions,GHG_2024,0.3,Gross National Income,GNI,0.3,Climate Risk and Vulnerability Index,GAIN_CR,0.1,UN Multilateral Engagement Score,UN_Index,0.3
RUN2076,Total Emissions,GHG_2024,0.3,Gross National Income,GNI,0.3,Climate Risk and Vulnerability Index,GAIN_CR,0.2,UN Multilateral Engagement Score,UN_Index,0.2
RUN2077,Total Emissions,GHG_2024,0.3,Gross National Income,GNI,0.3,Climate Risk and Vulnerability Index,GAIN_CR,0.3,UN Multilateral Engagement Score,UN_Index,0.1
RUN2078,Total Emissions,GHG_2024,0.3,Gross National Income,GNI,0.4,Climate Risk and Vulnerability Index,GAIN_CR,0.1,UN Multilateral Engagement Score,UN_Index,0.2
RUN2079,Total Emissions,GHG_2024,0.3,Gross National Income,GNI,0.4,Climate Risk and Vulnerability Index,GAIN_CR,0.2,UN Multilateral Engagement Score,UN_Index,0.1
RUN2080,Total Emissions,GHG_2024,0.3,Gross National Income,GNI,0.5,Climate Risk and Vulnerability Index,GAIN_CR,0.1,UN Multilateral Engagement Score,UN_Index,0.1
RUN2081,Total Emissions,GHG_2024,0.4,Gross National Income,GNI,0.1,Climate Risk and Vulnerability Index,GAIN_CR,0.1,UN Multilateral Engagement Score,UN_Index,0.4
RUN2082,Total Emissions,GHG_2024,0.4,Gross National Income,GNI,0.1,Climate Risk and Vulnerability Index,GAIN_CR,0.2,UN Multilateral Engagement Score,UN_Index,0.3
RUN2083,Total Emissions,GHG_2024,0.4,Gross National Income,GNI,0.1,Climate Risk and Vulnerability Index,GAIN_CR,0.3,UN Multilateral Engagement Score,UN_Index,0.2
RUN2084,Total Emissions,GHG_2024,0.4,Gross National Income,GNI,0.1,Climate Risk and Vulnerability Index,GAIN_CR,0.4,UN Multilateral Engagement Score,UN_Index,0.1
RUN2085,Total Emissions,GHG_2024,0.4,Gross National Income,GNI,0.2,Climate Risk and Vulnerability Index,GAIN_CR,0.1,UN Multilateral Engagement Score,UN_Index,0.3
RUN2086,Total Emissions,GHG_2024,0.4,Gross National Income,GNI,0.2,Climate Risk and Vulnerability Index,GAIN_CR,0.2,UN Multilateral Engagement Score,UN_Index,0.2
RUN2087,Total Emissions,GHG_2024,0.4,Gross National Income,GNI,0.2,Climate Risk and Vulnerability Index,GAIN_CR,0.3,UN Multilateral Engagement Score,UN_Index,0.1
RUN2088,Total Emissions,GHG_2024,0.4,Gross National Income,GNI,0.3,Climate Risk and Vulnerability Index,GAIN_CR,0.1,UN Multilateral Engagement Score,UN_Index,0.2
RUN2089,Total Emissions,GHG_2024,0.4,Gross National Income,GNI,0.3,Climate Risk and Vulnerability Index,GAIN_CR,0.2,UN Multilateral Engagement Score,UN_Index,0.1
RUN2090,Total Emissions,GHG_2024,0.4,Gross National Income,GNI,0.4,Climate Risk and Vulnerability Index,GAIN_CR,0.1,UN Multilateral Engagement Score,UN_Index,0.1
RUN2091,Total Emissions,GHG_2024,0.5,Gross National Income,GNI,0.1,Climate Risk and Vulnerability Index,GAIN_CR,0.1,UN Multilateral Engagement Score,UN_Index,0.3
RUN2092,Total Emissions,GHG_2024,0.5,Gross National Income,GNI,0.1,Climate Risk and Vulnerability Index,GAIN_CR,0.2,UN Multilateral Engagement Score,UN_Index,0.2
RUN2093,Total Emissions,GHG_2024,0.5,Gross National Income,GNI,0.1,Climate Risk and Vulnerability Index,GAIN_CR,0.3,UN Multilateral Engagement Score,UN_Index,0.1
RUN2094,Total Emissions,GHG_2024,0.5,Gross National Income,GNI,0.2,Climate Risk and Vulnerability Index,GAIN_CR,0.1,UN Multilateral Engagement Score,UN_Index,0.2
RUN2095,Total Emissions,GHG_2024,0.5,Gross National Income,GNI,0.2,Climate Risk and Vulnerability Index,GAIN_CR,0.2,UN Multilateral Engagement Score,UN_Index,0.1
RUN2096,Total Emissions,GHG_2024,0.5,Gross National Income,GNI,0.3,Climate Risk and Vulnerability Index,GAIN_CR,0.1,UN Multilateral Engagement Score,UN_Index,0.1
RUN2097,Total Emissions,GHG_2024,0.6,Gross National Income,GNI,0.1,Climate Risk and Vulnerability Index,GAIN_CR,0.1,UN Multilateral Engagement Score,UN_Index,0.2
RUN2098,Total Emissions,GHG_2024,0.6,Gross National Income,GNI,0.1,Climate Risk and Vulnerability Index,GAIN_CR,0.2,UN Multilateral Engagement Score,UN_Index,0.1
RUN2099,Total Emissions,GHG_2024,0.6,Gross National Income,GNI,0.2,Climate Risk and Vulnerability Index,GAIN_CR,0.1,UN Multilateral Engagement Score,UN_Index,0.1
RUN2100,Total Emissions,GHG_2024,0.7,Gross National Income,GNI,0.1,Climate Risk and Vulnerability Index,GAIN_CR,0.1,UN Multilateral Engagement Score,UN_Index,0.1
RUN2101,Total Emissions,GHG_2024,0.1,Gross National Income,GNI,0.1,Physical Climate Risk (EIB),EIB_PR,0.1,UN Multilateral Engagement Score,UN_Index,0.7
RUN2102,Total Emissions,GHG_2024,0.1,Gross National Income,GNI,0.1,Physical Climate Risk (EIB),EIB_PR,0.2,UN Multilateral Engagement Score,UN_Index,0.6
RUN2103,Total Emissions,GHG_2024,0.1,Gross National Income,GNI,0.1,Physical Climate Risk (EIB),EIB_PR,0.3,UN Multilateral Engagement Score,UN_Index,0.5
RUN2104,Total Emissions,GHG_2024,0.1,Gross National Income,GNI,0.1,Physical Climate Risk (EIB),EIB_PR,0.4,UN Multilateral Engagement Score,UN_Index,0.4
RUN2105,Total Emissions,GHG_2024,0.1,Gross National Income,GNI,0.1,Physical Climate Risk (EIB),EIB_PR,0.5,UN Multilateral Engagement Score,UN_Index,0.3
RUN2106,Total Emissions,GHG_2024,0.1,Gross National Income,GNI,0.1,Physical Climate Risk (EIB),EIB_PR,0.6,UN Multilateral Engagement Score,UN_Index,0.2
RUN2107,Total Emissions,GHG_2024,0.1,Gross National Income,GNI,0.1,Physical Climate Risk (EIB),EIB_PR,0.7,UN Multilateral Engagement Score,UN_Index,0.1
RUN2108,Total Emissions,GHG_2024,0.1,Gross National Income,GNI,0.2,Physical Climate Risk (EIB),EIB_PR,0.1,UN Multilateral Engagement Score,UN_Index,0.6
RUN2109,Total Emissions,GHG_2024,0.1,Gross National Income,GNI,0.2,Physical Climate Risk (EIB),EIB_PR,0.2,UN Multilateral Engagement Score,UN_Index,0.5
RUN2110,Total Emissions,GHG_2024,0.1,Gross National Income,GNI,0.2,Physical Climate Risk (EIB),EIB_PR,0.3,UN Multilateral Engagement Score,UN_Index,0.4
RUN2111,Total Emissions,GHG_2024,0.1,Gross National Income,GNI,0.2,Physical Climate Risk (EIB),EIB_PR,0.4,UN Multilateral Engagement Score,UN_Index,0.3
RUN2112,Total Emissions,GHG_2024,0.1,Gross National Income,GNI,0.2,Physical Climate Risk (EIB),EIB_PR,0.5,UN Multilateral Engagement Score,UN_Index,0.2
RUN2113,Total Emissions,GHG_2024,0.1,Gross National Income,GNI,0.2,Physical Climate Risk (EIB),EIB_PR,0.6,UN Multilateral Engagement Score,UN_Index,0.1
RUN2114,Total Emissions,GHG_2024,0.1,Gross National Income,GNI,0.3,Physical Climate Risk (EIB),EIB_PR,0.1,UN Multilateral Engagement Score,UN_Index,0.5
RUN2115,Total Emissions,GHG_2024,0.1,Gross National Income,GNI,0.3,Physical Climate Risk (EIB),EIB_PR,0.2,UN Multilateral Engagement Score,UN_Index,0.4
RUN2116,Total Emissions,GHG_2024,0.1,Gross National Income,GNI,0.3,Physical Climate Risk (EIB),EIB_PR,0.3,UN Multilateral Engagement Score,UN_Index,0.3
RUN2117,Total Emissions,GHG_2024,0.1,Gross National Income,GNI,0.3,Physical Climate Risk (EIB),EIB_PR,0.4,UN Multilateral Engagement Score,UN_Index,0.2
RUN2118,Total Emissions,GHG_2024,0.1,Gross National Income,GNI,0.3,Physical Climate Risk (EIB),EIB_PR,0.5,UN Multilateral Engagement Score,UN_Index,0.1
RUN2119,Total Emissions,GHG_2024,0.1,Gross National Income,GNI,0.4,Physical Climate Risk (EIB),EIB_PR,0.1,UN Multilateral Engagement Score,UN_Index,0.4
RUN2120,Total Emissions,GHG_2024,0.1,Gross National Income,GNI,0.4,Physical Climate Risk (EIB),EIB_PR,0.2,UN Multilateral Engagement Score,UN_Index,0.3
RUN2121,Total Emissions,GHG_2024,0.1,Gross National Income,GNI,0.4,Physical Climate Risk (EIB),EIB_PR,0.3,UN Multilateral Engagement Score,UN_Index,0.2
RUN2122,Total Emissions,GHG_2024,0.1,Gross National Income,GNI,0.4,Physical Climate Risk (EIB),EIB_PR,0.4,UN Multilateral Engagement Score,UN_Index,0.1
RUN2123,Total Emissions,GHG_2024,0.1,Gross National Income,GNI,0.5,Physical Climate Risk (EIB),EIB_PR,0.1,UN Multilateral Engagement Score,UN_Index,0.3
RUN2124,Total Emissions,GHG_2024,0.1,Gross National Income,GNI,0.5,Physical Climate Risk (EIB),EIB_PR,0.2,UN Multilateral Engagement Score,UN_Index,0.2
RUN2125,Total Emissions,GHG_2024,0.1,Gross National Income,GNI,0.5,Physical Climate Risk (EIB),EIB_PR,0.3,UN Multilateral Engagement Score,UN_Index,0.1
RUN2126,Total Emissions,GHG_2024,0.1,Gross National Income,GNI,0.6,Physical Climate Risk (EIB),EIB_PR,0.1,UN Multilateral Engagement Score,UN_Index,0.2
RUN2127,Total Emissions,GHG_2024,0.1,Gross National Income,GNI,0.6,Physical Climate Risk (EIB),EIB_PR,0.2,UN Multilateral Engagement Score,UN_Index,0.1
RUN2128,Total Emissions,GHG_2024,0.1,Gross National Income,GNI,0.7,Physical Climate Risk (EIB),EIB_PR,0.1,UN Multilateral Engagement Score,UN_Index,0.1
RUN2129,Total Emissions,GHG_2024,0.2,Gross National Income,GNI,0.1,Physical Climate Risk (EIB),EIB_PR,0.1,UN Multilateral Engagement Score,UN_Index,0.6
RUN2130,Total Emissions,GHG_2024,0.2,Gross National Income,GNI,0.1,Physical Climate Risk (EIB),EIB_PR,0.2,UN Multilateral Engagement Score,UN_Index,0.5
RUN2131,Total Emissions,GHG_2024,0.2,Gross National Income,GNI,0.1,Physical Climate Risk (EIB),EIB_PR,0.3,UN Multilateral Engagement Score,UN_Index,0.4
RUN2132,Total Emissions,GHG_2024,0.2,Gross National Income,GNI,0.1,Physical Climate Risk (EIB),EIB_PR,0.4,UN Multilateral Engagement Score,UN_Index,0.3
RUN2133,Total Emissions,GHG_2024,0.2,Gross National Income,GNI,0.1,Physical Climate Risk (EIB),EIB_PR,0.5,UN Multilateral Engagement Score,UN_Index,0.2
RUN2134,Total Emissions,GHG_2024,0.2,Gross National Income,GNI,0.1,Physical Climate Risk (EIB),EIB_PR,0.6,UN Multilateral Engagement Score,UN_Index,0.1
RUN2135,Total Emissions,GHG_2024,0.2,Gross National Income,GNI,0.2,Physical Climate Risk (EIB),EIB_PR,0.1,UN Multilateral Engagement Score,UN_Index,0.5
RUN2136,Total Emissions,GHG_2024,0.2,Gross National Income,GNI,0.2,Physical Climate Risk (EIB),EIB_PR,0.2,UN Multilateral Engagement Score,UN_Index,0.4
RUN2137,Total Emissions,GHG_2024,0.2,Gross National Income,GNI,0.2,Physical Climate Risk (EIB),EIB_PR,0.3,UN Multilateral Engagement Score,UN_Index,0.3
RUN2138,Total Emissions,GHG_2024,0.2,Gross National Income,GNI,0.2,Physical Climate Risk (EIB),EIB_PR,0.4,UN Multilateral Engagement Score,UN_Index,0.2
RUN2139,Total Emissions,GHG_2024,0.2,Gross National Income,GNI,0.2,Physical Climate Risk (EIB),EIB_PR,0.5,UN Multilateral Engagement Score,UN_Index,0.1
RUN2140,Total Emissions,GHG_2024,0.2,Gross National Income,GNI,0.3,Physical Climate Risk (EIB),EIB_PR,0.1,UN Multilateral Engagement Score,UN_Index,0.4
RUN2141,Total Emissions,GHG_2024,0.2,Gross National Income,GNI,0.3,Physical Climate Risk (EIB),EIB_PR,0.2,UN Multilateral Engagement Score,UN_Index,0.3
RUN2142,Total Emissions,GHG_2024,0.2,Gross National Income,GNI,0.3,Physical Climate Risk (EIB),EIB_PR,0.3,UN Multilateral Engagement Score,UN_Index,0.2
RUN2143,Total Emissions,GHG_2024,0.2,Gross National Income,GNI,0.3,Physical Climate Risk (EIB),EIB_PR,0.4,UN Multilateral Engagement Score,UN_Index,0.1
RUN2144,Total Emissions,GHG_2024,0.2,Gross National Income,GNI,0.4,Physical Climate Risk (EIB),EIB_PR,0.1,UN Multilateral Engagement Score,UN_Index,0.3
RUN2145,Total Emissions,GHG_2024,0.2,Gross National Income,GNI,0.4,Physical Climate Risk (EIB),EIB_PR,0.2,UN Multilateral Engagement Score,UN_Index,0.2
RUN2146,Total Emissions,GHG_2024,0.2,Gross National Income,GNI,0.4,Physical Climate Risk (EIB),EIB_PR,0.3,UN Multilateral Engagement Score,UN_Index,0.1
RUN2147,Total Emissions,GHG_2024,0.2,Gross National Income,GNI,0.5,Physical Climate Risk (EIB),EIB_PR,0.1,UN Multilateral Engagement Score,UN_Index,0.2
RUN2148,Total Emissions,GHG_2024,0.2,Gross National Income,GNI,0.5,Physical Climate Risk (EIB),EIB_PR,0.2,UN Multilateral Engagement Score,UN_Index,0.1
RUN2149,Total Emissions,GHG_2024,0.2,Gross National Income,GNI,0.6,Physical Climate Risk (EIB),EIB_PR,0.1,UN Multilateral Engagement Score,UN_Index,0.1
RUN2150,Total Emissions,GHG_2024,0.3,Gross National Income,GNI,0.1,Physical Climate Risk (EIB),EIB_PR,0.1,UN Multilateral Engagement Score,UN_Index,0.5
RUN2151,Total Emissions,GHG_2024,0.3,Gross National Income,GNI,0.1,Physical Climate Risk (EIB),EIB_PR,0.2,UN Multilateral Engagement Score,UN_Index,0.4
RUN2152,Total Emissions,GHG_2024,0.3,Gross National Income,GNI,0.1,Physical Climate Risk (EIB),EIB_PR,0.3,UN Multilateral Engagement Score,UN_Index,0.3
RUN2153,Total Emissions,GHG_2024,0.3,Gross National Income,GNI,0.1,Physical Climate Risk (EIB),EIB_PR,0.4,UN Multilateral Engagement Score,UN_Index,0.2
RUN2154,Total Emissions,GHG_2024,0.3,Gross National Income,GNI,0.1,Physical Climate Risk (EIB),EIB_PR,0.5,UN Multilateral Engagement Score,UN_Index,0.1
RUN2155,Total Emissions,GHG_2024,0.3,Gross National Income,GNI,0.2,Physical Climate Risk (EIB),EIB_PR,0.1,UN Multilateral Engagement Score,UN_Index,0.4
RUN2156,Total Emissions,GHG_2024,0.3,Gross National Income,GNI,0.2,Physical Climate Risk (EIB),EIB_PR,0.2,UN Multilateral Engagement Score,UN_Index,0.3
RUN2157,Total Emissions,GHG_2024,0.3,Gross National Income,GNI,0.2,Physical Climate Risk (EIB),EIB_PR,0.3,UN Multilateral Engagement Score,UN_Index,0.2
RUN2158,Total Emissions,GHG_2024,0.3,Gross National Income,GNI,0.2,Physical Climate Risk (EIB),EIB_PR,0.4,UN Multilateral Engagement Score,UN_Index,0.1
RUN2159,Total Emissions,GHG_2024,0.3,Gross National Income,GNI,0.3,Physical Climate Risk (EIB),EIB_PR,0.1,UN Multilateral Engagement Score,UN_Index,0.3
RUN2160,Total Emissions,GHG_2024,0.3,Gross National Income,GNI,0.3,Physical Climate Risk (EIB),EIB_PR,0.2,UN Multilateral Engagement Score,UN_Index,0.2
RUN2161,Total Emissions,GHG_2024,0.3,Gross National Income,GNI,0.3,Physical Climate Risk (EIB),EIB_PR,0.3,UN Multilateral Engagement Score,UN_Index,0.1
RUN2162,Total Emissions,GHG_2024,0.3,Gross National Income,GNI,0.4,Physical Climate Risk (EIB),EIB_PR,0.1,UN Multilateral Engagement Score,UN_Index,0.2
RUN2163,Total Emissions,GHG_2024,0.3,Gross National Income,GNI,0.4,Physical Climate Risk (EIB),EIB_PR,0.2,UN Multilateral Engagement Score,UN_Index,0.1
RUN2164,Total Emissions,GHG_2024,0.3,Gross National Income,GNI,0.5,Physical Climate Risk (EIB),EIB_PR,0.1,UN Multilateral Engagement Score,UN_Index,0.1
RUN2165,Total Emissions,GHG_2024,0.4,Gross National Income,GNI,0.1,Physical Climate Risk (EIB),EIB_PR,0.1,UN Multilateral Engagement Score,UN_Index,0.4
RUN2166,Total Emissions,GHG_2024,0.4,Gross National Income,GNI,0.1,Physical Climate Risk (EIB),EIB_PR,0.2,UN Multilateral Engagement Score,UN_Index,0.3
RUN2167,Total Emissions,GHG_2024,0.4,Gross National Income,GNI,0.1,Physical Climate Risk (EIB),EIB_PR,0.3,UN Multilateral Engagement Score,UN_Index,0.2
RUN2168,Total Emissions,GHG_2024,0.4,Gross National Income,GNI,0.1,Physical Climate Risk (EIB),EIB_PR,0.4,UN Multilateral Engagement Score,UN_Index,0.1
RUN2169,Total Emissions,GHG_2024,0.4,Gross National Income,GNI,0.2,Physical Climate Risk (EIB),EIB_PR,0.1,UN Multilateral Engagement Score,UN_Index,0.3
RUN2170,Total Emissions,GHG_2024,0.4,Gross National Income,GNI,0.2,Physical Climate Risk (EIB),EIB_PR,0.2,UN Multilateral Engagement Score,UN_Index,0.2
RUN2171,Total Emissions,GHG_2024,0.4,Gross National Income,GNI,0.2,Physical Climate Risk (EIB),EIB_PR,0.3,UN Multilateral Engagement Score,UN_Index,0.1
RUN2172,Total Emissions,GHG_2024,0.4,Gross National Income,GNI,0.3,Physical Climate Risk (EIB),EIB_PR,0.1,UN Multilateral Engagement Score,UN_Index,0.2
RUN2173,Total Emissions,GHG_2024,0.4,Gross National Income,GNI,0.3,Physical Climate Risk (EIB),EIB_PR,0.2,UN Multilateral Engagement Score,UN_Index,0.1
RUN2174,Total Emissions,GHG_2024,0.4,Gross National Income,GNI,0.4,Physical Climate Risk (EIB),EIB_PR,0.1,UN Multilateral Engagement Score,UN_Index,0.1
RUN2175,Total Emissions,GHG_2024,0.5,Gross National Income,GNI,0.1,Physical Climate Risk (EIB),EIB_PR,0.1,UN Multilateral Engagement Score,UN_Index,0.3
RUN2176,Total Emissions,GHG_2024,0.5,Gross National Income,GNI,0.1,Physical Climate Risk (EIB),EIB_PR,0.2,UN Multilateral Engagement Score,UN_Index,0.2
RUN2177,Total Emissions,GHG_2024,0.5,Gross National Income,GNI,0.1,Physical Climate Risk (EIB),EIB_PR,0.3,UN Multilateral Engagement Score,UN_Index,0.1
RUN2178,Total Emissions,GHG_2024,0.5,Gross National Income,GNI,0.2,Physical Climate Risk (EIB),EIB_PR,0.1,UN Multilateral Engagement Score,UN_Index,0.2
RUN2179,Total Emissions,GHG_2024,0.5,Gross National Income,GNI,0.2,Physical Climate Risk (EIB),EIB_PR,0.2,UN Multilateral Engagement Score,UN_Index,0.1
RUN2180,Total Emissions,GHG_2024,0.5,Gross National Income,GNI,0.3,Physical Climate Risk (EIB),EIB_PR,0.1,UN Multilateral Engagement Score,UN_Index,0.1
RUN2181,Total Emissions,GHG_2024,0.6,Gross National Income,GNI,0.1,Physical Climate Risk (EIB),EIB_PR,0.1,UN Multilateral Engagement Score,UN_Index,0.2
RUN2182,Total Emissions,GHG_2024,0.6,Gross National Income,GNI,0.1,Physical Climate Risk (EIB),EIB_PR,0.2,UN Multilateral Engagement Score,UN_Index,0.1
RUN2183,Total Emissions,GHG_2024,0.6,Gross National Income,GNI,0.2,Physical Climate Risk (EIB),EIB_PR,0.1,UN Multilateral Engagement Score,UN_Index,0.1
RUN2184,Total Emissions,GHG_2024,0.7,Gross National Income,GNI,0.1,Physical Climate Risk (EIB),EIB_PR,0.1,UN Multilateral Engagement Score,UN_Index,0.1
RUN2185,Total Emissions,GHG_2024,0.1,Gross National Income,GNI,0.1,Transition Climate Risk (EIB),EIB_TR,0.1,UN Multilateral Engagement Score,UN_Index,0.7
RUN2186,Total Emissions,GHG_2024,0.1,Gross National Income,GNI,0.1,Transition Climate Risk (EIB),EIB_TR,0.2,UN Multilateral Engagement Score,UN_Index,0.6
RUN2187,Total Emissions,GHG_2024,0.1,Gross National Income,GNI,0.1,Transition Climate Risk (EIB),EIB_TR,0.3,UN Multilateral Engagement Score,UN_Index,0.5
RUN2188,Total Emissions,GHG_2024,0.1,Gross National Income,GNI,0.1,Transition Climate Risk (EIB),EIB_TR,0.4,UN Multilateral Engagement Score,UN_Index,0.4
RUN2189,Total Emissions,GHG_2024,0.1,Gross National Income,GNI,0.1,Transition Climate Risk (EIB),EIB_TR,0.5,UN Multilateral Engagement Score,UN_Index,0.3
RUN2190,Total Emissions,GHG_2024,0.1,Gross National Income,GNI,0.1,Transition Climate Risk (EIB),EIB_TR,0.6,UN Multilateral Engagement Score,UN_Index,0.2
RUN2191,Total Emissions,GHG_2024,0.1,Gross National Income,GNI,0.1,Transition Climate Risk (EIB),EIB_TR,0.7,UN Multilateral Engagement Score,UN_Index,0.1
RUN2192,Total Emissions,GHG_2024,0.1,Gross National Income,GNI,0.2,Transition Climate Risk (EIB),EIB_TR,0.1,UN Multilateral Engagement Score,UN_Index,0.6
RUN2193,Total Emissions,GHG_2024,0.1,Gross National Income,GNI,0.2,Transition Climate Risk (EIB),EIB_TR,0.2,UN Multilateral Engagement Score,UN_Index,0.5
RUN2194,Total Emissions,GHG_2024,0.1,Gross National Income,GNI,0.2,Transition Climate Risk (EIB),EIB_TR,0.3,UN Multilateral Engagement Score,UN_Index,0.4
RUN2195,Total Emissions,GHG_2024,0.1,Gross National Income,GNI,0.2,Transition Climate Risk (EIB),EIB_TR,0.4,UN Multilateral Engagement Score,UN_Index,0.3
RUN2196,Total Emissions,GHG_2024,0.1,Gross National Income,GNI,0.2,Transition Climate Risk (EIB),EIB_TR,0.5,UN Multilateral Engagement Score,UN_Index,0.2
RUN2197,Total Emissions,GHG_2024,0.1,Gross National Income,GNI,0.2,Transition Climate Risk (EIB),EIB_TR,0.6,UN Multilateral Engagement Score,UN_Index,0.1
RUN2198,Total Emissions,GHG_2024,0.1,Gross National Income,GNI,0.3,Transition Climate Risk (EIB),EIB_TR,0.1,UN Multilateral Engagement Score,UN_Index,0.5
RUN2199,Total Emissions,GHG_2024,0.1,Gross National Income,GNI,0.3,Transition Climate Risk (EIB),EIB_TR,0.2,UN Multilateral Engagement Score,UN_Index,0.4
RUN2200,Total Emissions,GHG_2024,0.1,Gross National Income,GNI,0.3,Transition Climate Risk (EIB),EIB_TR,0.3,UN Multilateral Engagement Score,UN_Index,0.3
RUN2201,Total Emissions,GHG_2024,0.1,Gross National Income,GNI,0.3,Transition Climate Risk (EIB),EIB_TR,0.4,UN Multilateral Engagement Score,UN_Index,0.2
RUN2202,Total Emissions,GHG_2024,0.1,Gross National Income,GNI,0.3,Transition Climate Risk (EIB),EIB_TR,0.5,UN Multilateral Engagement Score,UN_Index,0.1
RUN2203,Total Emissions,GHG_2024,0.1,Gross National Income,GNI,0.4,Transition Climate Risk (EIB),EIB_TR,0.1,UN Multilateral Engagement Score,UN_Index,0.4
RUN2204,Total Emissions,GHG_2024,0.1,Gross National Income,GNI,0.4,Transition Climate Risk (EIB),EIB_TR,0.2,UN Multilateral Engagement Score,UN_Index,0.3
RUN2205,Total Emissions,GHG_2024,0.1,Gross National Income,GNI,0.4,Transition Climate Risk (EIB),EIB_TR,0.3,UN Multilateral Engagement Score,UN_Index,0.2
RUN2206,Total Emissions,GHG_2024,0.1,Gross National Income,GNI,0.4,Transition Climate Risk (EIB),EIB_TR,0.4,UN Multilateral Engagement Score,UN_Index,0.1
RUN2207,Total Emissions,GHG_2024,0.1,Gross National Income,GNI,0.5,Transition Climate Risk (EIB),EIB_TR,0.1,UN Multilateral Engagement Score,UN_Index,0.3
RUN2208,Total Emissions,GHG_2024,0.1,Gross National Income,GNI,0.5,Transition Climate Risk (EIB),EIB_TR,0.2,UN Multilateral Engagement Score,UN_Index,0.2
RUN2209,Total Emissions,GHG_2024,0.1,Gross National Income,GNI,0.5,Transition Climate Risk (EIB),EIB_TR,0.3,UN Multilateral Engagement Score,UN_Index,0.1
RUN2210,Total Emissions,GHG_2024,0.1,Gross National Income,GNI,0.6,Transition Climate Risk (EIB),EIB_TR,0.1,UN Multilateral Engagement Score,UN_Index,0.2
RUN2211,Total Emissions,GHG_2024,0.1,Gross National Income,GNI,0.6,Transition Climate Risk (EIB),EIB_TR,0.2,UN Multilateral Engagement Score,UN_Index,0.1
RUN2212,Total Emissions,GHG_2024,0.1,Gross National Income,GNI,0.7,Transition Climate Risk (EIB),EIB_TR,0.1,UN Multilateral Engagement Score,UN_Index,0.1
RUN2213,Total Emissions,GHG_2024,0.2,Gross National Income,GNI,0.1,Transition Climate Risk (EIB),EIB_TR,0.1,UN Multilateral Engagement Score,UN_Index,0.6
RUN2214,Total Emissions,GHG_2024,0.2,Gross National Income,GNI,0.1,Transition Climate Risk (EIB),EIB_TR,0.2,UN Multilateral Engagement Score,UN_Index,0.5
RUN2215,Total Emissions,GHG_2024,0.2,Gross National Income,GNI,0.1,Transition Climate Risk (EIB),EIB_TR,0.3,UN Multilateral Engagement Score,UN_Index,0.4
RUN2216,Total Emissions,GHG_2024,0.2,Gross National Income,GNI,0.1,Transition Climate Risk (EIB),EIB_TR,0.4,UN Multilateral Engagement Score,UN_Index,0.3
RUN2217,Total Emissions,GHG_2024,0.2,Gross National Income,GNI,0.1,Transition Climate Risk (EIB),EIB_TR,0.5,UN Multilateral Engagement Score,UN_Index,0.2
RUN2218,Total Emissions,GHG_2024,0.2,Gross National Income,GNI,0.1,Transition Climate Risk (EIB),EIB_TR,0.6,UN Multilateral Engagement Score,UN_Index,0.1
RUN2219,Total Emissions,GHG_2024,0.2,Gross National Income,GNI,0.2,Transition Climate Risk (EIB),EIB_TR,0.1,UN Multilateral Engagement Score,UN_Index,0.5
RUN2220,Total Emissions,GHG_2024,0.2,Gross National Income,GNI,0.2,Transition Climate Risk (EIB),EIB_TR,0.2,UN Multilateral Engagement Score,UN_Index,0.4
RUN2221,Total Emissions,GHG_2024,0.2,Gross National Income,GNI,0.2,Transition Climate Risk (EIB),EIB_TR,0.3,UN Multilateral Engagement Score,UN_Index,0.3
RUN2222,Total Emissions,GHG_2024,0.2,Gross National Income,GNI,0.2,Transition Climate Risk (EIB),EIB_TR,0.4,UN Multilateral Engagement Score,UN_Index,0.2
RUN2223,Total Emissions,GHG_2024,0.2,Gross National Income,GNI,0.2,Transition Climate Risk (EIB),EIB_TR,0.5,UN Multilateral Engagement Score,UN_Index,0.1
RUN2224,Total Emissions,GHG_2024,0.2,Gross National Income,GNI,0.3,Transition Climate Risk (EIB),EIB_TR,0.1,UN Multilateral Engagement Score,UN_Index,0.4
RUN2225,Total Emissions,GHG_2024,0.2,Gross National Income,GNI,0.3,Transition Climate Risk (EIB),EIB_TR,0.2,UN Multilateral Engagement Score,UN_Index,0.3
RUN2226,Total Emissions,GHG_2024,0.2,Gross National Income,GNI,0.3,Transition Climate Risk (EIB),EIB_TR,0.3,UN Multilateral Engagement Score,UN_Index,0.2
RUN2227,Total Emissions,GHG_2024,0.2,Gross National Income,GNI,0.3,Transition Climate Risk (EIB),EIB_TR,0.4,UN Multilateral Engagement Score,UN_Index,0.1
RUN2228,Total Emissions,GHG_2024,0.2,Gross National Income,GNI,0.4,Transition Climate Risk (EIB),EIB_TR,0.1,UN Multilateral Engagement Score,UN_Index,0.3
RUN2229,Total Emissions,GHG_2024,0.2,Gross National Income,GNI,0.4,Transition Climate Risk (EIB),EIB_TR,0.2,UN Multilateral Engagement Score,UN_Index,0.2
RUN2230,Total Emissions,GHG_2024,0.2,Gross National Income,GNI,0.4,Transition Climate Risk (EIB),EIB_TR,0.3,UN Multilateral Engagement Score,UN_Index,0.1
RUN2231,Total Emissions,GHG_2024,0.2,Gross National Income,GNI,0.5,Transition Climate Risk (EIB),EIB_TR,0.1,UN Multilateral Engagement Score,UN_Index,0.2
RUN2232,Total Emissions,GHG_2024,0.2,Gross National Income,GNI,0.5,Transition Climate Risk (EIB),EIB_TR,0.2,UN Multilateral Engagement Score,UN_Index,0.1
RUN2233,Total Emissions,GHG_2024,0.2,Gross National Income,GNI,0.6,Transition Climate Risk (EIB),EIB_TR,0.1,UN Multilateral Engagement Score,UN_Index,0.1
RUN2234,Total Emissions,GHG_2024,0.3,Gross National Income,GNI,0.1,Transition Climate Risk (EIB),EIB_TR,0.1,UN Multilateral Engagement Score,UN_Index,0.5
RUN2235,Total Emissions,GHG_2024,0.3,Gross National Income,GNI,0.1,Transition Climate Risk (EIB),EIB_TR,0.2,UN Multilateral Engagement Score,UN_Index,0.4
RUN2236,Total Emissions,GHG_2024,0.3,Gross National Income,GNI,0.1,Transition Climate Risk (EIB),EIB_TR,0.3,UN Multilateral Engagement Score,UN_Index,0.3
RUN2237,Total Emissions,GHG_2024,0.3,Gross National Income,GNI,0.1,Transition Climate Risk (EIB),EIB_TR,0.4,UN Multilateral Engagement Score,UN_Index,0.2
RUN2238,Total Emissions,GHG_2024,0.3,Gross National Income,GNI,0.1,Transition Climate Risk (EIB),EIB_TR,0.5,UN Multilateral Engagement Score,UN_Index,0.1
RUN2239,Total Emissions,GHG_2024,0.3,Gross National Income,GNI,0.2,Transition Climate Risk (EIB),EIB_TR,0.1,UN Multilateral Engagement Score,UN_Index,0.4
RUN2240,Total Emissions,GHG_2024,0.3,Gross National Income,GNI,0.2,Transition Climate Risk (EIB),EIB_TR,0.2,UN Multilateral Engagement Score,UN_Index,0.3
RUN2241,Total Emissions,GHG_2024,0.3,Gross National Income,GNI,0.2,Transition Climate Risk (EIB),EIB_TR,0.3,UN Multilateral Engagement Score,UN_Index,0.2
RUN2242,Total Emissions,GHG_2024,0.3,Gross National Income,GNI,0.2,Transition Climate Risk (EIB),EIB_TR,0.4,UN Multilateral Engagement Score,UN_Index,0.1
RUN2243,Total Emissions,GHG_2024,0.3,Gross National Income,GNI,0.3,Transition Climate Risk (EIB),EIB_TR,0.1,UN Multilateral Engagement Score,UN_Index,0.3
RUN2244,Total Emissions,GHG_2024,0.3,Gross National Income,GNI,0.3,Transition Climate Risk (EIB),EIB_TR,0.2,UN Multilateral Engagement Score,UN_Index,0.2
RUN2245,Total Emissions,GHG_2024,0.3,Gross National Income,GNI,0.3,Transition Climate Risk (EIB),EIB_TR,0.3,UN Multilateral Engagement Score,UN_Index,0.1
RUN2246,Total Emissions,GHG_2024,0.3,Gross National Income,GNI,0.4,Transition Climate Risk (EIB),EIB_TR,0.1,UN Multilateral Engagement Score,UN_Index,0.2
RUN2247,Total Emissions,GHG_2024,0.3,Gross National Income,GNI,0.4,Transition Climate Risk (EIB),EIB_TR,0.2,UN Multilateral Engagement Score,UN_Index,0.1
RUN2248,Total Emissions,GHG_2024,0.3,Gross National Income,GNI,0.5,Transition Climate Risk (EIB),EIB_TR,0.1,UN Multilateral Engagement Score,UN_Index,0.1
RUN2249,Total Emissions,GHG_2024,0.4,Gross National Income,GNI,0.1,Transition Climate Risk (EIB),EIB_TR,0.1,UN Multilateral Engagement Score,UN_Index,0.4
RUN2250,Total Emissions,GHG_2024,0.4,Gross National Income,GNI,0.1,Transition Climate Risk (EIB),EIB_TR,0.2,UN Multilateral Engagement Score,UN_Index,0.3
RUN2251,Total Emissions,GHG_2024,0.4,Gross National Income,GNI,0.1,Transition Climate Risk (EIB),EIB_TR,0.3,UN Multilateral Engagement Score,UN_Index,0.2
RUN2252,Total Emissions,GHG_2024,0.4,Gross National Income,GNI,0.1,Transition Climate Risk (EIB),EIB_TR,0.4,UN Multilateral Engagement Score,UN_Index,0.1
RUN2253,Total Emissions,GHG_2024,0.4,Gross National Income,GNI,0.2,Transition Climate Risk (EIB),EIB_TR,0.1,UN Multilateral Engagement Score,UN_Index,0.3
RUN2254,Total Emissions,GHG_2024,0.4,Gross National Income,GNI,0.2,Transition Climate Risk (EIB),EIB_TR,0.2,UN Multilateral Engagement Score,UN_Index,0.2
RUN2255,Total Emissions,GHG_2024,0.4,Gross National Income,GNI,0.2,Transition Climate Risk (EIB),EIB_TR,0.3,UN Multilateral Engagement Score,UN_Index,0.1
RUN2256,Total Emissions,GHG_2024,0.4,Gross National Income,GNI,0.3,Transition Climate Risk (EIB),EIB_TR,0.1,UN Multilateral Engagement Score,UN_Index,0.2
RUN2257,Total Emissions,GHG_2024,0.4,Gross National Income,GNI,0.3,Transition Climate Risk (EIB),EIB_TR,0.2,UN Multilateral Engagement Score,UN_Index,0.1
RUN2258,Total Emissions,GHG_2024,0.4,Gross National Income,GNI,0.4,Transition Climate Risk (EIB),EIB_TR,0.1,UN Multilateral Engagement Score,UN_Index,0.1
RUN2259,Total Emissions,GHG_2024,0.5,Gross National Income,GNI,0.1,Transition Climate Risk (EIB),EIB_TR,0.1,UN Multilateral Engagement Score,UN_Index,0.3
RUN2260,Total Emissions,GHG_2024,0.5,Gross National Income,GNI,0.1,Transition Climate Risk (EIB),EIB_TR,0.2,UN Multilateral Engagement Score,UN_Index,0.2
RUN2261,Total Emissions,GHG_2024,0.5,Gross National Income,GNI,0.1,Transition Climate Risk (EIB),EIB_TR,0.3,UN Multilateral Engagement Score,UN_Index,0.1
RUN2262,Total Emissions,GHG_2024,0.5,Gross National Income,GNI,0.2,Transition Climate Risk (EIB),EIB_TR,0.1,UN Multilateral Engagement Score,UN_Index,0.2
RUN2263,Total Emissions,GHG_2024,0.5,Gross National Income,GNI,0.2,Transition Climate Risk (EIB),EIB_TR,0.2,UN Multilateral Engagement Score,UN_Index,0.1
RUN2264,Total Emissions,GHG_2024,0.5,Gross National Income,GNI,0.3,Transition Climate Risk (EIB),EIB_TR,0.1,UN Multilateral Engagement Score,UN_Index,0.1
RUN2265,Total Emissions,GHG_2024,0.6,Gross National Income,GNI,0.1,Transition Climate Risk (EIB),EIB_TR,0.1,UN Multilateral Engagement Score,UN_Index,0.2
RUN2266,Total Emissions,GHG_2024,0.6,Gross National Income,GNI,0.1,Transition Climate Risk (EIB),EIB_TR,0.2,UN Multilateral Engagement Score,UN_Index,0.1
RUN2267,Total Emissions,GHG_2024,0.6,Gross National Income,GNI,0.2,Transition Climate Risk (EIB),EIB_TR,0.1,UN Multilateral Engagement Score,UN_Index,0.1
RUN2268,Total Emissions,GHG_2024,0.7,Gross National Income,GNI,0.1,Transition Climate Risk (EIB),EIB_TR,0.1,UN Multilateral Engagement Score,UN_Index,0.1
RUN2269,Total Emissions,GHG_2024,0.1,Gross National Product,GDP,0.1,Climate Risk and Vulnerability Index,GAIN_CR,0.1,UN Multilateral Engagement Score,UN_Index,0.7
RUN2270,Total Emissions,GHG_2024,0.1,Gross National Product,GDP,0.1,Climate Risk and Vulnerability Index,GAIN_CR,0.2,UN Multilateral Engagement Score,UN_Index,0.6
RUN2271,Total Emissions,GHG_2024,0.1,Gross National Product,GDP,0.1,Climate Risk and Vulnerability Index,GAIN_CR,0.3,UN Multilateral Engagement Score,UN_Index,0.5
RUN2272,Total Emissions,GHG_2024,0.1,Gross National Product,GDP,0.1,Climate Risk and Vulnerability Index,GAIN_CR,0.4,UN Multilateral Engagement Score,UN_Index,0.4
RUN2273,Total Emissions,GHG_2024,0.1,Gross National Product,GDP,0.1,Climate Risk and Vulnerability Index,GAIN_CR,0.5,UN Multilateral Engagement Score,UN_Index,0.3
RUN2274,Total Emissions,GHG_2024,0.1,Gross National Product,GDP,0.1,Climate Risk and Vulnerability Index,GAIN_CR,0.6,UN Multilateral Engagement Score,UN_Index,0.2
RUN2275,Total Emissions,GHG_2024,0.1,Gross National Product,GDP,0.1,Climate Risk and Vulnerability Index,GAIN_CR,0.7,UN Multilateral Engagement Score,UN_Index,0.1
RUN2276,Total Emissions,GHG_2024,0.1,Gross National Product,GDP,0.2,Climate Risk and Vulnerability Index,GAIN_CR,0.1,UN Multilateral Engagement Score,UN_Index,0.6
RUN2277,Total Emissions,GHG_2024,0.1,Gross National Product,GDP,0.2,Climate Risk and Vulnerability Index,GAIN_CR,0.2,UN Multilateral Engagement Score,UN_Index,0.5
RUN2278,Total Emissions,GHG_2024,0.1,Gross National Product,GDP,0.2,Climate Risk and Vulnerability Index,GAIN_CR,0.3,UN Multilateral Engagement Score,UN_Index,0.4
RUN2279,Total Emissions,GHG_2024,0.1,Gross National Product,GDP,0.2,Climate Risk and Vulnerability Index,GAIN_CR,0.4,UN Multilateral Engagement Score,UN_Index,0.3
RUN2280,Total Emissions,GHG_2024,0.1,Gross National Product,GDP,0.2,Climate Risk and Vulnerability Index,GAIN_CR,0.5,UN Multilateral Engagement Score,UN_Index,0.2
RUN2281,Total Emissions,GHG_2024,0.1,Gross National Product,GDP,0.2,Climate Risk and Vulnerability Index,GAIN_CR,0.6,UN Multilateral Engagement Score,UN_Index,0.1
RUN2282,Total Emissions,GHG_2024,0.1,Gross National Product,GDP,0.3,Climate Risk and Vulnerability Index,GAIN_CR,0.1,UN Multilateral Engagement Score,UN_Index,0.5
RUN2283,Total Emissions,GHG_2024,0.1,Gross National Product,GDP,0.3,Climate Risk and Vulnerability Index,GAIN_CR,0.2,UN Multilateral Engagement Score,UN_Index,0.4
RUN2284,Total Emissions,GHG_2024,0.1,Gross National Product,GDP,0.3,Climate Risk and Vulnerability Index,GAIN_CR,0.3,UN Multilateral Engagement Score,UN_Index,0.3
RUN2285,Total Emissions,GHG_2024,0.1,Gross National Product,GDP,0.3,Climate Risk and Vulnerability Index,GAIN_CR,0.4,UN Multilateral Engagement Score,UN_Index,0.2
RUN2286,Total Emissions,GHG_2024,0.1,Gross National Product,GDP,0.3,Climate Risk and Vulnerability Index,GAIN_CR,0.5,UN Multilateral Engagement Score,UN_Index,0.1
RUN2287,Total Emissions,GHG_2024,0.1,Gross National Product,GDP,0.4,Climate Risk and Vulnerability Index,GAIN_CR,0.1,UN Multilateral Engagement Score,UN_Index,0.4
RUN2288,Total Emissions,GHG_2024,0.1,Gross National Product,GDP,0.4,Climate Risk and Vulnerability Index,GAIN_CR,0.2,UN Multilateral Engagement Score,UN_Index,0.3
RUN2289,Total Emissions,GHG_2024,0.1,Gross National Product,GDP,0.4,Climate Risk and Vulnerability Index,GAIN_CR,0.3,UN Multilateral Engagement Score,UN_Index,0.2
RUN2290,Total Emissions,GHG_2024,0.1,Gross National Product,GDP,0.4,Climate Risk and Vulnerability Index,GAIN_CR,0.4,UN Multilateral Engagement Score,UN_Index,0.1
RUN2291,Total Emissions,GHG_2024,0.1,Gross National Product,GDP,0.5,Climate Risk and Vulnerability Index,GAIN_CR,0.1,UN Multilateral Engagement Score,UN_Index,0.3
RUN2292,Total Emissions,GHG_2024,0.1,Gross National Product,GDP,0.5,Climate Risk and Vulnerability Index,GAIN_CR,0.2,UN Multilateral Engagement Score,UN_Index,0.2
RUN2293,Total Emissions,GHG_2024,0.1,Gross National Product,GDP,0.5,Climate Risk and Vulnerability Index,GAIN_CR,0.3,UN Multilateral Engagement Score,UN_Index,0.1
RUN2294,Total Emissions,GHG_2024,0.1,Gross National Product,GDP,0.6,Climate Risk and Vulnerability Index,GAIN_CR,0.1,UN Multilateral Engagement Score,UN_Index,0.2
RUN2295,Total Emissions,GHG_2024,0.1,Gross National Product,GDP,0.6,Climate Risk and Vulnerability Index,GAIN_CR,0.2,UN Multilateral Engagement Score,UN_Index,0.1
RUN2296,Total Emissions,GHG_2024,0.1,Gross National Product,GDP,0.7,Climate Risk and Vulnerability Index,GAIN_CR,0.1,UN Multilateral Engagement Score,UN_Index,0.1
RUN2297,Total Emissions,GHG_2024,0.2,Gross National Product,GDP,0.1,Climate Risk and Vulnerability Index,GAIN_CR,0.1,UN Multilateral Engagement Score,UN_Index,0.6
RUN2298,Total Emissions,GHG_2024,0.2,Gross National Product,GDP,0.1,Climate Risk and Vulnerability Index,GAIN_CR,0.2,UN Multilateral Engagement Score,UN_Index,0.5
RUN2299,Total Emissions,GHG_2024,0.2,Gross National Product,GDP,0.1,Climate Risk and Vulnerability Index,GAIN_CR,0.3,UN Multilateral Engagement Score,UN_Index,0.4
RUN2300,Total Emissions,GHG_2024,0.2,Gross National Product,GDP,0.1,Climate Risk and Vulnerability Index,GAIN_CR,0.4,UN Multilateral Engagement Score,UN_Index,0.3
RUN2301,Total Emissions,GHG_2024,0.2,Gross National Product,GDP,0.1,Climate Risk and Vulnerability Index,GAIN_CR,0.5,UN Multilateral Engagement Score,UN_Index,0.2
RUN2302,Total Emissions,GHG_2024,0.2,Gross National Product,GDP,0.1,Climate Risk and Vulnerability Index,GAIN_CR,0.6,UN Multilateral Engagement Score,UN_Index,0.1
RUN2303,Total Emissions,GHG_2024,0.2,Gross National Product,GDP,0.2,Climate Risk and Vulnerability Index,GAIN_CR,0.1,UN Multilateral Engagement Score,UN_Index,0.5
RUN2304,Total Emissions,GHG_2024,0.2,Gross National Product,GDP,0.2,Climate Risk and Vulnerability Index,GAIN_CR,0.2,UN Multilateral Engagement Score,UN_Index,0.4
RUN2305,Total Emissions,GHG_2024,0.2,Gross National Product,GDP,0.2,Climate Risk and Vulnerability Index,GAIN_CR,0.3,UN Multilateral Engagement Score,UN_Index,0.3
RUN2306,Total Emissions,GHG_2024,0.2,Gross National Product,GDP,0.2,Climate Risk and Vulnerability Index,GAIN_CR,0.4,UN Multilateral Engagement Score,UN_Index,0.2
RUN2307,Total Emissions,GHG_2024,0.2,Gross National Product,GDP,0.2,Climate Risk and Vulnerability Index,GAIN_CR,0.5,UN Multilateral Engagement Score,UN_Index,0.1
RUN2308,Total Emissions,GHG_2024,0.2,Gross National Product,GDP,0.3,Climate Risk and Vulnerability Index,GAIN_CR,0.1,UN Multilateral Engagement Score,UN_Index,0.4
RUN2309,Total Emissions,GHG_2024,0.2,Gross National Product,GDP,0.3,Climate Risk and Vulnerability Index,GAIN_CR,0.2,UN Multilateral Engagement Score,UN_Index,0.3
RUN2310,Total Emissions,GHG_2024,0.2,Gross National Product,GDP,0.3,Climate Risk and Vulnerability Index,GAIN_CR,0.3,UN Multilateral Engagement Score,UN_Index,0.2
RUN2311,Total Emissions,GHG_2024,0.2,Gross National Product,GDP,0.3,Climate Risk and Vulnerability Index,GAIN_CR,0.4,UN Multilateral Engagement Score,UN_Index,0.1
RUN2312,Total Emissions,GHG_2024,0.2,Gross National Product,GDP,0.4,Climate Risk and Vulnerability Index,GAIN_CR,0.1,UN Multilateral Engagement Score,UN_Index,0.3
RUN2313,Total Emissions,GHG_2024,0.2,Gross National Product,GDP,0.4,Climate Risk and Vulnerability Index,GAIN_CR,0.2,UN Multilateral Engagement Score,UN_Index,0.2
RUN2314,Total Emissions,GHG_2024,0.2,Gross National Product,GDP,0.4,Climate Risk and Vulnerability Index,GAIN_CR,0.3,UN Multilateral Engagement Score,UN_Index,0.1
RUN2315,Total Emissions,GHG_2024,0.2,Gross National Product,GDP,0.5,Climate Risk and Vulnerability Index,GAIN_CR,0.1,UN Multilateral Engagement Score,UN_Index,0.2
RUN2316,Total Emissions,GHG_2024,0.2,Gross National Product,GDP,0.5,Climate Risk and Vulnerability Index,GAIN_CR,0.2,UN Multilateral Engagement Score,UN_Index,0.1
RUN2317,Total Emissions,GHG_2024,0.2,Gross National Product,GDP,0.6,Climate Risk and Vulnerability Index,GAIN_CR,0.1,UN Multilateral Engagement Score,UN_Index,0.1
RUN2318,Total Emissions,GHG_2024,0.3,Gross National Product,GDP,0.1,Climate Risk and Vulnerability Index,GAIN_CR,0.1,UN Multilateral Engagement Score,UN_Index,0.5
RUN2319,Total Emissions,GHG_2024,0.3,Gross National Product,GDP,0.1,Climate Risk and Vulnerability Index,GAIN_CR,0.2,UN Multilateral Engagement Score,UN_Index,0.4
RUN2320,Total Emissions,GHG_2024,0.3,Gross National Product,GDP,0.1,Climate Risk and Vulnerability Index,GAIN_CR,0.3,UN Multilateral Engagement Score,UN_Index,0.3
RUN2321,Total Emissions,GHG_2024,0.3,Gross National Product,GDP,0.1,Climate Risk and Vulnerability Index,GAIN_CR,0.4,UN Multilateral Engagement Score,UN_Index,0.2
RUN2322,Total Emissions,GHG_2024,0.3,Gross National Product,GDP,0.1,Climate Risk and Vulnerability Index,GAIN_CR,0.5,UN Multilateral Engagement Score,UN_Index,0.1
RUN2323,Total Emissions,GHG_2024,0.3,Gross National Product,GDP,0.2,Climate Risk and Vulnerability Index,GAIN_CR,0.1,UN Multilateral Engagement Score,UN_Index,0.4
RUN2324,Total Emissions,GHG_2024,0.3,Gross National Product,GDP,0.2,Climate Risk and Vulnerability Index,GAIN_CR,0.2,UN Multilateral Engagement Score,UN_Index,0.3
RUN2325,Total Emissions,GHG_2024,0.3,Gross National Product,GDP,0.2,Climate Risk and Vulnerability Index,GAIN_CR,0.3,UN Multilateral Engagement Score,UN_Index,0.2
RUN2326,Total Emissions,GHG_2024,0.3,Gross National Product,GDP,0.2,Climate Risk and Vulnerability Index,GAIN_CR,0.4,UN Multilateral Engagement Score,UN_Index,0.1
RUN2327,Total Emissions,GHG_2024,0.3,Gross National Product,GDP,0.3,Climate Risk and Vulnerability Index,GAIN_CR,0.1,UN Multilateral Engagement Score,UN_Index,0.3
RUN2328,Total Emissions,GHG_2024,0.3,Gross National Product,GDP,0.3,Climate Risk and Vulnerability Index,GAIN_CR,0.2,UN Multilateral Engagement Score,UN_Index,0.2
RUN2329,Total Emissions,GHG_2024,0.3,Gross National Product,GDP,0.3,Climate Risk and Vulnerability Index,GAIN_CR,0.3,UN Multilateral Engagement Score,UN_Index,0.1
RUN2330,Total Emissions,GHG_2024,0.3,Gross National Product,GDP,0.4,Climate Risk and Vulnerability Index,GAIN_CR,0.1,UN Multilateral Engagement Score,UN_Index,0.2
RUN2331,Total Emissions,GHG_2024,0.3,Gross National Product,GDP,0.4,Climate Risk and Vulnerability Index,GAIN_CR,0.2,UN Multilateral Engagement Score,UN_Index,0.1
RUN2332,Total Emissions,GHG_2024,0.3,Gross National Product,GDP,0.5,Climate Risk and Vulnerability Index,GAIN_CR,0.1,UN Multilateral Engagement Score,UN_Index,0.1
RUN2333,Total Emissions,GHG_2024,0.4,Gross National Product,GDP,0.1,Climate Risk and Vulnerability Index,GAIN_CR,0.1,UN Multilateral Engagement Score,UN_Index,0.4
RUN2334,Total Emissions,GHG_2024,0.4,Gross National Product,GDP,0.1,Climate Risk and Vulnerability Index,GAIN_CR,0.2,UN Multilateral Engagement Score,UN_Index,0.3
RUN2335,Total Emissions,GHG_2024,0.4,Gross National Product,GDP,0.1,Climate Risk and Vulnerability Index,GAIN_CR,0.3,UN Multilateral Engagement Score,UN_Index,0.2
RUN2336,Total Emissions,GHG_2024,0.4,Gross National Product,GDP,0.1,Climate Risk and Vulnerability Index,GAIN_CR,0.4,UN Multilateral Engagement Score,UN_Index,0.1
RUN2337,Total Emissions,GHG_2024,0.4,Gross National Product,GDP,0.2,Climate Risk and Vulnerability Index,GAIN_CR,0.1,UN Multilateral Engagement Score,UN_Index,0.3
RUN2338,Total Emissions,GHG_2024,0.4,Gross National Product,GDP,0.2,Climate Risk and Vulnerability Index,GAIN_CR,0.2,UN Multilateral Engagement Score,UN_Index,0.2
RUN2339,Total Emissions,GHG_2024,0.4,Gross National Product,GDP,0.2,Climate Risk and Vulnerability Index,GAIN_CR,0.3,UN Multilateral Engagement Score,UN_Index,0.1
RUN2340,Total Emissions,GHG_2024,0.4,Gross National Product,GDP,0.3,Climate Risk and Vulnerability Index,GAIN_CR,0.1,UN Multilateral Engagement Score,UN_Index,0.2
RUN2341,Total Emissions,GHG_2024,0.4,Gross National Product,GDP,0.3,Climate Risk and Vulnerability Index,GAIN_CR,0.2,UN Multilateral Engagement Score,UN_Index,0.1
RUN2342,Total Emissions,GHG_2024,0.4,Gross National Product,GDP,0.4,Climate Risk and Vulnerability Index,GAIN_CR,0.1,UN Multilateral Engagement Score,UN_Index,0.1
RUN2343,Total Emissions,GHG_2024,0.5,Gross National Product,GDP,0.1,Climate Risk and Vulnerability Index,GAIN_CR,0.1,UN Multilateral Engagement Score,UN_Index,0.3
RUN2344,Total Emissions,GHG_2024,0.5,Gross National Product,GDP,0.1,Climate Risk and Vulnerability Index,GAIN_CR,0.2,UN Multilateral Engagement Score,UN_Index,0.2
RUN2345,Total Emissions,GHG_2024,0.5,Gross National Product,GDP,0.1,Climate Risk and Vulnerability Index,GAIN_CR,0.3,UN Multilateral Engagement Score,UN_Index,0.1
RUN2346,Total Emissions,GHG_2024,0.5,Gross National Product,GDP,0.2,Climate Risk and Vulnerability Index,GAIN_CR,0.1,UN Multilateral Engagement Score,UN_Index,0.2
RUN2347,Total Emissions,GHG_2024,0.5,Gross National Product,GDP,0.2,Climate Risk and Vulnerability Index,GAIN_CR,0.2,UN Multilateral Engagement Score,UN_Index,0.1
RUN2348,Total Emissions,GHG_2024,0.5,Gross National Product,GDP,0.3,Climate Risk and Vulnerability Index,GAIN_CR,0.1,UN Multilateral Engagement Score,UN_Index,0.1
RUN2349,Total Emissions,GHG_2024,0.6,Gross National Product,GDP,0.1,Climate Risk and Vulnerability Index,GAIN_CR,0.1,UN Multilateral Engagement Score,UN_Index,0.2
RUN2350,Total Emissions,GHG_2024,0.6,Gross National Product,GDP,0.1,Climate Risk and Vulnerability Index,GAIN_CR,0.2,UN Multilateral Engagement Score,UN_Index,0.1
RUN2351,Total Emissions,GHG_2024,0.6,Gross National Product,GDP,0.2,Climate Risk and Vulnerability Index,GAIN_CR,0.1,UN Multilateral Engagement Score,UN_Index,0.1
RUN2352,Total Emissions,GHG_2024,0.7,Gross National Product,GDP,0.1,Climate Risk and Vulnerability Index,GAIN_CR,0.1,UN Multilateral Engagement Score,UN_Index,0.1
RUN2353,Total Emissions,GHG_2024,0.1,Gross National Product,GDP,0.1,Physical Climate Risk (EIB),EIB_PR,0.1,UN Multilateral Engagement Score,UN_Index,0.7
RUN2354,Total Emissions,GHG_2024,0.1,Gross National Product,GDP,0.1,Physical Climate Risk (EIB),EIB_PR,0.2,UN Multilateral Engagement Score,UN_Index,0.6
RUN2355,Total Emissions,GHG_2024,0.1,Gross National Product,GDP,0.1,Physical Climate Risk (EIB),EIB_PR,0.3,UN Multilateral Engagement Score,UN_Index,0.5
RUN2356,Total Emissions,GHG_2024,0.1,Gross National Product,GDP,0.1,Physical Climate Risk (EIB),EIB_PR,0.4,UN Multilateral Engagement Score,UN_Index,0.4
RUN2357,Total Emissions,GHG_2024,0.1,Gross National Product,GDP,0.1,Physical Climate Risk (EIB),EIB_PR,0.5,UN Multilateral Engagement Score,UN_Index,0.3
RUN2358,Total Emissions,GHG_2024,0.1,Gross National Product,GDP,0.1,Physical Climate Risk (EIB),EIB_PR,0.6,UN Multilateral Engagement Score,UN_Index,0.2
RUN2359,Total Emissions,GHG_2024,0.1,Gross National Product,GDP,0.1,Physical Climate Risk (EIB),EIB_PR,0.7,UN Multilateral Engagement Score,UN_Index,0.1
RUN2360,Total Emissions,GHG_2024,0.1,Gross National Product,GDP,0.2,Physical Climate Risk (EIB),EIB_PR,0.1,UN Multilateral Engagement Score,UN_Index,0.6
RUN2361,Total Emissions,GHG_2024,0.1,Gross National Product,GDP,0.2,Physical Climate Risk (EIB),EIB_PR,0.2,UN Multilateral Engagement Score,UN_Index,0.5
RUN2362,Total Emissions,GHG_2024,0.1,Gross National Product,GDP,0.2,Physical Climate Risk (EIB),EIB_PR,0.3,UN Multilateral Engagement Score,UN_Index,0.4
RUN2363,Total Emissions,GHG_2024,0.1,Gross National Product,GDP,0.2,Physical Climate Risk (EIB),EIB_PR,0.4,UN Multilateral Engagement Score,UN_Index,0.3
RUN2364,Total Emissions,GHG_2024,0.1,Gross National Product,GDP,0.2,Physical Climate Risk (EIB),EIB_PR,0.5,UN Multilateral Engagement Score,UN_Index,0.2
RUN2365,Total Emissions,GHG_2024,0.1,Gross National Product,GDP,0.2,Physical Climate Risk (EIB),EIB_PR,0.6,UN Multilateral Engagement Score,UN_Index,0.1
RUN2366,Total Emissions,GHG_2024,0.1,Gross National Product,GDP,0.3,Physical Climate Risk (EIB),EIB_PR,0.1,UN Multilateral Engagement Score,UN_Index,0.5
RUN2367,Total Emissions,GHG_2024,0.1,Gross National Product,GDP,0.3,Physical Climate Risk (EIB),EIB_PR,0.2,UN Multilateral Engagement Score,UN_Index,0.4
RUN2368,Total Emissions,GHG_2024,0.1,Gross National Product,GDP,0.3,Physical Climate Risk (EIB),EIB_PR,0.3,UN Multilateral Engagement Score,UN_Index,0.3
RUN2369,Total Emissions,GHG_2024,0.1,Gross National Product,GDP,0.3,Physical Climate Risk (EIB),EIB_PR,0.4,UN Multilateral Engagement Score,UN_Index,0.2
RUN2370,Total Emissions,GHG_2024,0.1,Gross National Product,GDP,0.3,Physical Climate Risk (EIB),EIB_PR,0.5,UN Multilateral Engagement Score,UN_Index,0.1
RUN2371,Total Emissions,GHG_2024,0.1,Gross National Product,GDP,0.4,Physical Climate Risk (EIB),EIB_PR,0.1,UN Multilateral Engagement Score,UN_Index,0.4
RUN2372,Total Emissions,GHG_2024,0.1,Gross National Product,GDP,0.4,Physical Climate Risk (EIB),EIB_PR,0.2,UN Multilateral Engagement Score,UN_Index,0.3
RUN2373,Total Emissions,GHG_2024,0.1,Gross National Product,GDP,0.4,Physical Climate Risk (EIB),EIB_PR,0.3,UN Multilateral Engagement Score,UN_Index,0.2
RUN2374,Total Emissions,GHG_2024,0.1,Gross National Product,GDP,0.4,Physical Climate Risk (EIB),EIB_PR,0.4,UN Multilateral Engagement Score,UN_Index,0.1
RUN2375,Total Emissions,GHG_2024,0.1,Gross National Product,GDP,0.5,Physical Climate Risk (EIB),EIB_PR,0.1,UN Multilateral Engagement Score,UN_Index,0.3
RUN2376,Total Emissions,GHG_2024,0.1,Gross National Product,GDP,0.5,Physical Climate Risk (EIB),EIB_PR,0.2,UN Multilateral Engagement Score,UN_Index,0.2
RUN2377,Total Emissions,GHG_2024,0.1,Gross National Product,GDP,0.5,Physical Climate Risk (EIB),EIB_PR,0.3,UN Multilateral Engagement Score,UN_Index,0.1
RUN2378,Total Emissions,GHG_2024,0.1,Gross National Product,GDP,0.6,Physical Climate Risk (EIB),EIB_PR,0.1,UN Multilateral Engagement Score,UN_Index,0.2
RUN2379,Total Emissions,GHG_2024,0.1,Gross National Product,GDP,0.6,Physical Climate Risk (EIB),EIB_PR,0.2,UN Multilateral Engagement Score,UN_Index,0.1
RUN2380,Total Emissions,GHG_2024,0.1,Gross National Product,GDP,0.7,Physical Climate Risk (EIB),EIB_PR,0.1,UN Multilateral Engagement Score,UN_Index,0.1
RUN2381,Total Emissions,GHG_2024,0.2,Gross National Product,GDP,0.1,Physical Climate Risk (EIB),EIB_PR,0.1,UN Multilateral Engagement Score,UN_Index,0.6
RUN2382,Total Emissions,GHG_2024,0.2,Gross National Product,GDP,0.1,Physical Climate Risk (EIB),EIB_PR,0.2,UN Multilateral Engagement Score,UN_Index,0.5
RUN2383,Total Emissions,GHG_2024,0.2,Gross National Product,GDP,0.1,Physical Climate Risk (EIB),EIB_PR,0.3,UN Multilateral Engagement Score,UN_Index,0.4
RUN2384,Total Emissions,GHG_2024,0.2,Gross National Product,GDP,0.1,Physical Climate Risk (EIB),EIB_PR,0.4,UN Multilateral Engagement Score,UN_Index,0.3
RUN2385,Total Emissions,GHG_2024,0.2,Gross National Product,GDP,0.1,Physical Climate Risk (EIB),EIB_PR,0.5,UN Multilateral Engagement Score,UN_Index,0.2
RUN2386,Total Emissions,GHG_2024,0.2,Gross National Product,GDP,0.1,Physical Climate Risk (EIB),EIB_PR,0.6,UN Multilateral Engagement Score,UN_Index,0.1
RUN2387,Total Emissions,GHG_2024,0.2,Gross National Product,GDP,0.2,Physical Climate Risk (EIB),EIB_PR,0.1,UN Multilateral Engagement Score,UN_Index,0.5
RUN2388,Total Emissions,GHG_2024,0.2,Gross National Product,GDP,0.2,Physical Climate Risk (EIB),EIB_PR,0.2,UN Multilateral Engagement Score,UN_Index,0.4
RUN2389,Total Emissions,GHG_2024,0.2,Gross National Product,GDP,0.2,Physical Climate Risk (EIB),EIB_PR,0.3,UN Multilateral Engagement Score,UN_Index,0.3
RUN2390,Total Emissions,GHG_2024,0.2,Gross National Product,GDP,0.2,Physical Climate Risk (EIB),EIB_PR,0.4,UN Multilateral Engagement Score,UN_Index,0.2
RUN2391,Total Emissions,GHG_2024,0.2,Gross National Product,GDP,0.2,Physical Climate Risk (EIB),EIB_PR,0.5,UN Multilateral Engagement Score,UN_Index,0.1
RUN2392,Total Emissions,GHG_2024,0.2,Gross National Product,GDP,0.3,Physical Climate Risk (EIB),EIB_PR,0.1,UN Multilateral Engagement Score,UN_Index,0.4
RUN2393,Total Emissions,GHG_2024,0.2,Gross National Product,GDP,0.3,Physical Climate Risk (EIB),EIB_PR,0.2,UN Multilateral Engagement Score,UN_Index,0.3
RUN2394,Total Emissions,GHG_2024,0.2,Gross National Product,GDP,0.3,Physical Climate Risk (EIB),EIB_PR,0.3,UN Multilateral Engagement Score,UN_Index,0.2
RUN2395,Total Emissions,GHG_2024,0.2,Gross National Product,GDP,0.3,Physical Climate Risk (EIB),EIB_PR,0.4,UN Multilateral Engagement Score,UN_Index,0.1
RUN2396,Total Emissions,GHG_2024,0.2,Gross National Product,GDP,0.4,Physical Climate Risk (EIB),EIB_PR,0.1,UN Multilateral Engagement Score,UN_Index,0.3
RUN2397,Total Emissions,GHG_2024,0.2,Gross National Product,GDP,0.4,Physical Climate Risk (EIB),EIB_PR,0.2,UN Multilateral Engagement Score,UN_Index,0.2
RUN2398,Total Emissions,GHG_2024,0.2,Gross National Product,GDP,0.4,Physical Climate Risk (EIB),EIB_PR,0.3,UN Multilateral Engagement Score,UN_Index,0.1
RUN2399,Total Emissions,GHG_2024,0.2,Gross National Product,GDP,0.5,Physical Climate Risk (EIB),EIB_PR,0.1,UN Multilateral Engagement Score,UN_Index,0.2
RUN2400,Total Emissions,GHG_2024,0.2,Gross National Product,GDP,0.5,Physical Climate Risk (EIB),EIB_PR,0.2,UN Multilateral Engagement Score,UN_Index,0.1
RUN2401,Total Emissions,GHG_2024,0.2,Gross National Product,GDP,0.6,Physical Climate Risk (EIB),EIB_PR,0.1,UN Multilateral Engagement Score,UN_Index,0.1
RUN2402,Total Emissions,GHG_2024,0.3,Gross National Product,GDP,0.1,Physical Climate Risk (EIB),EIB_PR,0.1,UN Multilateral Engagement Score,UN_Index,0.5
RUN2403,Total Emissions,GHG_2024,0.3,Gross National Product,GDP,0.1,Physical Climate Risk (EIB),EIB_PR,0.2,UN Multilateral Engagement Score,UN_Index,0.4
RUN2404,Total Emissions,GHG_2024,0.3,Gross National Product,GDP,0.1,Physical Climate Risk (EIB),EIB_PR,0.3,UN Multilateral Engagement Score,UN_Index,0.3
RUN2405,Total Emissions,GHG_2024,0.3,Gross National Product,GDP,0.1,Physical Climate Risk (EIB),EIB_PR,0.4,UN Multilateral Engagement Score,UN_Index,0.2
RUN2406,Total Emissions,GHG_2024,0.3,Gross National Product,GDP,0.1,Physical Climate Risk (EIB),EIB_PR,0.5,UN Multilateral Engagement Score,UN_Index,0.1
RUN2407,Total Emissions,GHG_2024,0.3,Gross National Product,GDP,0.2,Physical Climate Risk (EIB),EIB_PR,0.1,UN Multilateral Engagement Score,UN_Index,0.4
RUN2408,Total Emissions,GHG_2024,0.3,Gross National Product,GDP,0.2,Physical Climate Risk (EIB),EIB_PR,0.2,UN Multilateral Engagement Score,UN_Index,0.3
RUN2409,Total Emissions,GHG_2024,0.3,Gross National Product,GDP,0.2,Physical Climate Risk (EIB),EIB_PR,0.3,UN Multilateral Engagement Score,UN_Index,0.2
RUN2410,Total Emissions,GHG_2024,0.3,Gross National Product,GDP,0.2,Physical Climate Risk (EIB),EIB_PR,0.4,UN Multilateral Engagement Score,UN_Index,0.1
RUN2411,Total Emissions,GHG_2024,0.3,Gross National Product,GDP,0.3,Physical Climate Risk (EIB),EIB_PR,0.1,UN Multilateral Engagement Score,UN_Index,0.3
RUN2412,Total Emissions,GHG_2024,0.3,Gross National Product,GDP,0.3,Physical Climate Risk (EIB),EIB_PR,0.2,UN Multilateral Engagement Score,UN_Index,0.2
RUN2413,Total Emissions,GHG_2024,0.3,Gross National Product,GDP,0.3,Physical Climate Risk (EIB),EIB_PR,0.3,UN Multilateral Engagement Score,UN_Index,0.1
RUN2414,Total Emissions,GHG_2024,0.3,Gross National Product,GDP,0.4,Physical Climate Risk (EIB),EIB_PR,0.1,UN Multilateral Engagement Score,UN_Index,0.2
RUN2415,Total Emissions,GHG_2024,0.3,Gross National Product,GDP,0.4,Physical Climate Risk (EIB),EIB_PR,0.2,UN Multilateral Engagement Score,UN_Index,0.1
RUN2416,Total Emissions,GHG_2024,0.3,Gross National Product,GDP,0.5,Physical Climate Risk (EIB),EIB_PR,0.1,UN Multilateral Engagement Score,UN_Index,0.1
RUN2417,Total Emissions,GHG_2024,0.4,Gross National Product,GDP,0.1,Physical Climate Risk (EIB),EIB_PR,0.1,UN Multilateral Engagement Score,UN_Index,0.4
RUN2418,Total Emissions,GHG_2024,0.4,Gross National Product,GDP,0.1,Physical Climate Risk (EIB),EIB_PR,0.2,UN Multilateral Engagement Score,UN_Index,0.3
RUN2419,Total Emissions,GHG_2024,0.4,Gross National Product,GDP,0.1,Physical Climate Risk (EIB),EIB_PR,0.3,UN Multilateral Engagement Score,UN_Index,0.2
RUN2420,Total Emissions,GHG_2024,0.4,Gross National Product,GDP,0.1,Physical Climate Risk (EIB),EIB_PR,0.4,UN Multilateral Engagement Score,UN_Index,0.1
RUN2421,Total Emissions,GHG_2024,0.4,Gross National Product,GDP,0.2,Physical Climate Risk (EIB),EIB_PR,0.1,UN Multilateral Engagement Score,UN_Index,0.3
RUN2422,Total Emissions,GHG_2024,0.4,Gross National Product,GDP,0.2,Physical Climate Risk (EIB),EIB_PR,0.2,UN Multilateral Engagement Score,UN_Index,0.2
RUN2423,Total Emissions,GHG_2024,0.4,Gross National Product,GDP,0.2,Physical Climate Risk (EIB),EIB_PR,0.3,UN Multilateral Engagement Score,UN_Index,0.1
RUN2424,Total Emissions,GHG_2024,0.4,Gross National Product,GDP,0.3,Physical Climate Risk (EIB),EIB_PR,0.1,UN Multilateral Engagement Score,UN_Index,0.2
RUN2425,Total Emissions,GHG_2024,0.4,Gross National Product,GDP,0.3,Physical Climate Risk (EIB),EIB_PR,0.2,UN Multilateral Engagement Score,UN_Index,0.1
RUN2426,Total Emissions,GHG_2024,0.4,Gross National Product,GDP,0.4,Physical Climate Risk (EIB),EIB_PR,0.1,UN Multilateral Engagement Score,UN_Index,0.1
RUN2427,Total Emissions,GHG_2024,0.5,Gross National Product,GDP,0.1,Physical Climate Risk (EIB),EIB_PR,0.1,UN Multilateral Engagement Score,UN_Index,0.3
RUN2428,Total Emissions,GHG_2024,0.5,Gross National Product,GDP,0.1,Physical Climate Risk (EIB),EIB_PR,0.2,UN Multilateral Engagement Score,UN_Index,0.2
RUN2429,Total Emissions,GHG_2024,0.5,Gross National Product,GDP,0.1,Physical Climate Risk (EIB),EIB_PR,0.3,UN Multilateral Engagement Score,UN_Index,0.1
RUN2430,Total Emissions,GHG_2024,0.5,Gross National Product,GDP,0.2,Physical Climate Risk (EIB),EIB_PR,0.1,UN Multilateral Engagement Score,UN_Index,0.2
RUN2431,Total Emissions,GHG_2024,0.5,Gross National Product,GDP,0.2,Physical Climate Risk (EIB),EIB_PR,0.2,UN Multilateral Engagement Score,UN_Index,0.1
RUN2432,Total Emissions,GHG_2024,0.5,Gross National Product,GDP,0.3,Physical Climate Risk (EIB),EIB_PR,0.1,UN Multilateral Engagement Score,UN_Index,0.1
RUN2433,Total Emissions,GHG_2024,0.6,Gross National Product,GDP,0.1,Physical Climate Risk (EIB),EIB_PR,0.1,UN Multilateral Engagement Score,UN_Index,0.2
RUN2434,Total Emissions,GHG_2024,0.6,Gross National Product,GDP,0.1,Physical Climate Risk (EIB),EIB_PR,0.2,UN Multilateral Engagement Score,UN_Index,0.1
RUN2435,Total Emissions,GHG_2024,0.6,Gross National Product,GDP,0.2,Physical Climate Risk (EIB),EIB_PR,0.1,UN Multilateral Engagement Score,UN_Index,0.1
RUN2436,Total Emissions,GHG_2024,0.7,Gross National Product,GDP,0.1,Physical Climate Risk (EIB),EIB_PR,0.1,UN Multilateral Engagement Score,UN_Index,0.1
RUN2437,Total Emissions,GHG_2024,0.1,Gross National Product,GDP,0.1,Transition Climate Risk (EIB),EIB_TR,0.1,UN Multilateral Engagement Score,UN_Index,0.7
RUN2438,Total Emissions,GHG_2024,0.1,Gross National Product,GDP,0.1,Transition Climate Risk (EIB),EIB_TR,0.2,UN Multilateral Engagement Score,UN_Index,0.6
RUN2439,Total Emissions,GHG_2024,0.1,Gross National Product,GDP,0.1,Transition Climate Risk (EIB),EIB_TR,0.3,UN Multilateral Engagement Score,UN_Index,0.5
RUN2440,Total Emissions,GHG_2024,0.1,Gross National Product,GDP,0.1,Transition Climate Risk (EIB),EIB_TR,0.4,UN Multilateral Engagement Score,UN_Index,0.4
RUN2441,Total Emissions,GHG_2024,0.1,Gross National Product,GDP,0.1,Transition Climate Risk (EIB),EIB_TR,0.5,UN Multilateral Engagement Score,UN_Index,0.3
RUN2442,Total Emissions,GHG_2024,0.1,Gross National Product,GDP,0.1,Transition Climate Risk (EIB),EIB_TR,0.6,UN Multilateral Engagement Score,UN_Index,0.2
RUN2443,Total Emissions,GHG_2024,0.1,Gross National Product,GDP,0.1,Transition Climate Risk (EIB),EIB_TR,0.7,UN Multilateral Engagement Score,UN_Index,0.1
RUN2444,Total Emissions,GHG_2024,0.1,Gross National Product,GDP,0.2,Transition Climate Risk (EIB),EIB_TR,0.1,UN Multilateral Engagement Score,UN_Index,0.6
RUN2445,Total Emissions,GHG_2024,0.1,Gross National Product,GDP,0.2,Transition Climate Risk (EIB),EIB_TR,0.2,UN Multilateral Engagement Score,UN_Index,0.5
RUN2446,Total Emissions,GHG_2024,0.1,Gross National Product,GDP,0.2,Transition Climate Risk (EIB),EIB_TR,0.3,UN Multilateral Engagement Score,UN_Index,0.4
RUN2447,Total Emissions,GHG_2024,0.1,Gross National Product,GDP,0.2,Transition Climate Risk (EIB),EIB_TR,0.4,UN Multilateral Engagement Score,UN_Index,0.3
RUN2448,Total Emissions,GHG_2024,0.1,Gross National Product,GDP,0.2,Transition Climate Risk (EIB),EIB_TR,0.5,UN Multilateral Engagement Score,UN_Index,0.2
RUN2449,Total Emissions,GHG_2024,0.1,Gross National Product,GDP,0.2,Transition Climate Risk (EIB),EIB_TR,0.6,UN Multilateral Engagement Score,UN_Index,0.1
RUN2450,Total Emissions,GHG_2024,0.1,Gross National Product,GDP,0.3,Transition Climate Risk (EIB),EIB_TR,0.1,UN Multilateral Engagement Score,UN_Index,0.5
RUN2451,Total Emissions,GHG_2024,0.1,Gross National Product,GDP,0.3,Transition Climate Risk (EIB),EIB_TR,0.2,UN Multilateral Engagement Score,UN_Index,0.4
RUN2452,Total Emissions,GHG_2024,0.1,Gross National Product,GDP,0.3,Transition Climate Risk (EIB),EIB_TR,0.3,UN Multilateral Engagement Score,UN_Index,0.3
RUN2453,Total Emissions,GHG_2024,0.1,Gross National Product,GDP,0.3,Transition Climate Risk (EIB),EIB_TR,0.4,UN Multilateral Engagement Score,UN_Index,0.2
RUN2454,Total Emissions,GHG_2024,0.1,Gross National Product,GDP,0.3,Transition Climate Risk (EIB),EIB_TR,0.5,UN Multilateral Engagement Score,UN_Index,0.1
RUN2455,Total Emissions,GHG_2024,0.1,Gross National Product,GDP,0.4,Transition Climate Risk (EIB),EIB_TR,0.1,UN Multilateral Engagement Score,UN_Index,0.4
RUN2456,Total Emissions,GHG_2024,0.1,Gross National Product,GDP,0.4,Transition Climate Risk (EIB),EIB_TR,0.2,UN Multilateral Engagement Score,UN_Index,0.3
RUN2457,Total Emissions,GHG_2024,0.1,Gross National Product,GDP,0.4,Transition Climate Risk (EIB),EIB_TR,0.3,UN Multilateral Engagement Score,UN_Index,0.2
RUN2458,Total Emissions,GHG_2024,0.1,Gross National Product,GDP,0.4,Transition Climate Risk (EIB),EIB_TR,0.4,UN Multilateral Engagement Score,UN_Index,0.1
RUN2459,Total Emissions,GHG_2024,0.1,Gross National Product,GDP,0.5,Transition Climate Risk (EIB),EIB_TR,0.1,UN Multilateral Engagement Score,UN_Index,0.3
RUN2460,Total Emissions,GHG_2024,0.1,Gross National Product,GDP,0.5,Transition Climate Risk (EIB),EIB_TR,0.2,UN Multilateral Engagement Score,UN_Index,0.2
RUN2461,Total Emissions,GHG_2024,0.1,Gross National Product,GDP,0.5,Transition Climate Risk (EIB),EIB_TR,0.3,UN Multilateral Engagement Score,UN_Index,0.1
RUN2462,Total Emissions,GHG_2024,0.1,Gross National Product,GDP,0.6,Transition Climate Risk (EIB),EIB_TR,0.1,UN Multilateral Engagement Score,UN_Index,0.2
RUN2463,Total Emissions,GHG_2024,0.1,Gross National Product,GDP,0.6,Transition Climate Risk (EIB),EIB_TR,0.2,UN Multilateral Engagement Score,UN_Index,0.1
RUN2464,Total Emissions,GHG_2024,0.1,Gross National Product,GDP,0.7,Transition Climate Risk (EIB),EIB_TR,0.1,UN Multilateral Engagement Score,UN_Index,0.1
RUN2465,Total Emissions,GHG_2024,0.2,Gross National Product,GDP,0.1,Transition Climate Risk (EIB),EIB_TR,0.1,UN Multilateral Engagement Score,UN_Index,0.6
RUN2466,Total Emissions,GHG_2024,0.2,Gross National Product,GDP,0.1,Transition Climate Risk (EIB),EIB_TR,0.2,UN Multilateral Engagement Score,UN_Index,0.5
RUN2467,Total Emissions,GHG_2024,0.2,Gross National Product,GDP,0.1,Transition Climate Risk (EIB),EIB_TR,0.3,UN Multilateral Engagement Score,UN_Index,0.4
RUN2468,Total Emissions,GHG_2024,0.2,Gross National Product,GDP,0.1,Transition Climate Risk (EIB),EIB_TR,0.4,UN Multilateral Engagement Score,UN_Index,0.3
RUN2469,Total Emissions,GHG_2024,0.2,Gross National Product,GDP,0.1,Transition Climate Risk (EIB),EIB_TR,0.5,UN Multilateral Engagement Score,UN_Index,0.2
RUN2470,Total Emissions,GHG_2024,0.2,Gross National Product,GDP,0.1,Transition Climate Risk (EIB),EIB_TR,0.6,UN Multilateral Engagement Score,UN_Index,0.1
RUN2471,Total Emissions,GHG_2024,0.2,Gross National Product,GDP,0.2,Transition Climate Risk (EIB),EIB_TR,0.1,UN Multilateral Engagement Score,UN_Index,0.5
RUN2472,Total Emissions,GHG_2024,0.2,Gross National Product,GDP,0.2,Transition Climate Risk (EIB),EIB_TR,0.2,UN Multilateral Engagement Score,UN_Index,0.4
RUN2473,Total Emissions,GHG_2024,0.2,Gross National Product,GDP,0.2,Transition Climate Risk (EIB),EIB_TR,0.3,UN Multilateral Engagement Score,UN_Index,0.3
RUN2474,Total Emissions,GHG_2024,0.2,Gross National Product,GDP,0.2,Transition Climate Risk (EIB),EIB_TR,0.4,UN Multilateral Engagement Score,UN_Index,0.2
RUN2475,Total Emissions,GHG_2024,0.2,Gross National Product,GDP,0.2,Transition Climate Risk (EIB),EIB_TR,0.5,UN Multilateral Engagement Score,UN_Index,0.1
RUN2476,Total Emissions,GHG_2024,0.2,Gross National Product,GDP,0.3,Transition Climate Risk (EIB),EIB_TR,0.1,UN Multilateral Engagement Score,UN_Index,0.4
RUN2477,Total Emissions,GHG_2024,0.2,Gross National Product,GDP,0.3,Transition Climate Risk (EIB),EIB_TR,0.2,UN Multilateral Engagement Score,UN_Index,0.3
RUN2478,Total Emissions,GHG_2024,0.2,Gross National Product,GDP,0.3,Transition Climate Risk (EIB),EIB_TR,0.3,UN Multilateral Engagement Score,UN_Index,0.2
RUN2479,Total Emissions,GHG_2024,0.2,Gross National Product,GDP,0.3,Transition Climate Risk (EIB),EIB_TR,0.4,UN Multilateral Engagement Score,UN_Index,0.1
RUN2480,Total Emissions,GHG_2024,0.2,Gross National Product,GDP,0.4,Transition Climate Risk (EIB),EIB_TR,0.1,UN Multilateral Engagement Score,UN_Index,0.3
RUN2481,Total Emissions,GHG_2024,0.2,Gross National Product,GDP,0.4,Transition Climate Risk (EIB),EIB_TR,0.2,UN Multilateral Engagement Score,UN_Index,0.2
RUN2482,Total Emissions,GHG_2024,0.2,Gross National Product,GDP,0.4,Transition Climate Risk (EIB),EIB_TR,0.3,UN Multilateral Engagement Score,UN_Index,0.1
RUN2483,Total Emissions,GHG_2024,0.2,Gross National Product,GDP,0.5,Transition Climate Risk (EIB),EIB_TR,0.1,UN Multilateral Engagement Score,UN_Index,0.2
RUN2484,Total Emissions,GHG_2024,0.2,Gross National Product,GDP,0.5,Transition Climate Risk (EIB),EIB_TR,0.2,UN Multilateral Engagement Score,UN_Index,0.1
RUN2485,Total Emissions,GHG_2024,0.2,Gross National Product,GDP,0.6,Transition Climate Risk (EIB),EIB_TR,0.1,UN Multilateral Engagement Score,UN_Index,0.1
RUN2486,Total Emissions,GHG_2024,0.3,Gross National Product,GDP,0.1,Transition Climate Risk (EIB),EIB_TR,0.1,UN Multilateral Engagement Score,UN_Index,0.5
RUN2487,Total Emissions,GHG_2024,0.3,Gross National Product,GDP,0.1,Transition Climate Risk (EIB),EIB_TR,0.2,UN Multilateral Engagement Score,UN_Index,0.4
RUN2488,Total Emissions,GHG_2024,0.3,Gross National Product,GDP,0.1,Transition Climate Risk (EIB),EIB_TR,0.3,UN Multilateral Engagement Score,UN_Index,0.3
RUN2489,Total Emissions,GHG_2024,0.3,Gross National Product,GDP,0.1,Transition Climate Risk (EIB),EIB_TR,0.4,UN Multilateral Engagement Score,UN_Index,0.2
RUN2490,Total Emissions,GHG_2024,0.3,Gross National Product,GDP,0.1,Transition Climate Risk (EIB),EIB_TR,0.5,UN Multilateral Engagement Score,UN_Index,0.1
RUN2491,Total Emissions,GHG_2024,0.3,Gross National Product,GDP,0.2,Transition Climate Risk (EIB),EIB_TR,0.1,UN Multilateral Engagement Score,UN_Index,0.4
RUN2492,Total Emissions,GHG_2024,0.3,Gross National Product,GDP,0.2,Transition Climate Risk (EIB),EIB_TR,0.2,UN Multilateral Engagement Score,UN_Index,0.3
RUN2493,Total Emissions,GHG_2024,0.3,Gross National Product,GDP,0.2,Transition Climate Risk (EIB),EIB_TR,0.3,UN Multilateral Engagement Score,UN_Index,0.2
RUN2494,Total Emissions,GHG_2024,0.3,Gross National Product,GDP,0.2,Transition Climate Risk (EIB),EIB_TR,0.4,UN Multilateral Engagement Score,UN_Index,0.1
RUN2495,Total Emissions,GHG_2024,0.3,Gross National Product,GDP,0.3,Transition Climate Risk (EIB),EIB_TR,0.1,UN Multilateral Engagement Score,UN_Index,0.3
RUN2496,Total Emissions,GHG_2024,0.3,Gross National Product,GDP,0.3,Transition Climate Risk (EIB),EIB_TR,0.2,UN Multilateral Engagement Score,UN_Index,0.2
RUN2497,Total Emissions,GHG_2024,0.3,Gross National Product,GDP,0.3,Transition Climate Risk (EIB),EIB_TR,0.3,UN Multilateral Engagement Score,UN_Index,0.1
RUN2498,Total Emissions,GHG_2024,0.3,Gross National Product,GDP,0.4,Transition Climate Risk (EIB),EIB_TR,0.1,UN Multilateral Engagement Score,UN_Index,0.2
RUN2499,Total Emissions,GHG_2024,0.3,Gross National Product,GDP,0.4,Transition Climate Risk (EIB),EIB_TR,0.2,UN Multilateral Engagement Score,UN_Index,0.1
RUN2500,Total Emissions,GHG_2024,0.3,Gross National Product,GDP,0.5,Transition Climate Risk (EIB),EIB_TR,0.1,UN Multilateral Engagement Score,UN_Index,0.1
RUN2501,Total Emissions,GHG_2024,0.4,Gross National Product,GDP,0.1,Transition Climate Risk (EIB),EIB_TR,0.1,UN Multilateral Engagement Score,UN_Index,0.4
RUN2502,Total Emissions,GHG_2024,0.4,Gross National Product,GDP,0.1,Transition Climate Risk (EIB),EIB_TR,0.2,UN Multilateral Engagement Score,UN_Index,0.3
RUN2503,Total Emissions,GHG_2024,0.4,Gross National Product,GDP,0.1,Transition Climate Risk (EIB),EIB_TR,0.3,UN Multilateral Engagement Score,UN_Index,0.2
RUN2504,Total Emissions,GHG_2024,0.4,Gross National Product,GDP,0.1,Transition Climate Risk (EIB),EIB_TR,0.4,UN Multilateral Engagement Score,UN_Index,0.1
RUN2505,Total Emissions,GHG_2024,0.4,Gross National Product,GDP,0.2,Transition Climate Risk (EIB),EIB_TR,0.1,UN Multilateral Engagement Score,UN_Index,0.3
RUN2506,Total Emissions,GHG_2024,0.4,Gross National Product,GDP,0.2,Transition Climate Risk (EIB),EIB_TR,0.2,UN Multilateral Engagement Score,UN_Index,0.2
RUN2507,Total Emissions,GHG_2024,0.4,Gross National Product,GDP,0.2,Transition Climate Risk (EIB),EIB_TR,0.3,UN Multilateral Engagement Score,UN_Index,0.1
RUN2508,Total Emissions,GHG_2024,0.4,Gross National Product,GDP,0.3,Transition Climate Risk (EIB),EIB_TR,0.1,UN Multilateral Engagement Score,UN_Index,0.2
RUN2509,Total Emissions,GHG_2024,0.4,Gross National Product,GDP,0.3,Transition Climate Risk (EIB),EIB_TR,0.2,UN Multilateral Engagement Score,UN_Index,0.1
RUN2510,Total Emissions,GHG_2024,0.4,Gross National Product,GDP,0.4,Transition Climate Risk (EIB),EIB_TR,0.1,UN Multilateral Engagement Score,UN_Index,0.1
RUN2511,Total Emissions,GHG_2024,0.5,Gross National Product,GDP,0.1,Transition Climate Risk (EIB),EIB_TR,0.1,UN Multilateral Engagement Score,UN_Index,0.3
RUN2512,Total Emissions,GHG_2024,0.5,Gross National Product,GDP,0.1,Transition Climate Risk (EIB),EIB_TR,0.2,UN Multilateral Engagement Score,UN_Index,0.2
RUN2513,Total Emissions,GHG_2024,0.5,Gross National Product,GDP,0.1,Transition Climate Risk (EIB),EIB_TR,0.3,UN Multilateral Engagement Score,UN_Index,0.1
RUN2514,Total Emissions,GHG_2024,0.5,Gross National Product,GDP,0.2,Transition Climate Risk (EIB),EIB_TR,0.1,UN Multilateral Engagement Score,UN_Index,0.2
RUN2515,Total Emissions,GHG_2024,0.5,Gross National Product,GDP,0.2,Transition Climate Risk (EIB),EIB_TR,0.2,UN Multilateral Engagement Score,UN_Index,0.1
RUN2516,Total Emissions,GHG_2024,0.5,Gross National Product,GDP,0.3,Transition Climate Risk (EIB),EIB_TR,0.1,UN Multilateral Engagement Score,UN_Index,0.1
RUN2517,Total Emissions,GHG_2024,0.6,Gross National Product,GDP,0.1,Transition Climate Risk (EIB),EIB_TR,0.1,UN Multilateral Engagement Score,UN_Index,0.2
RUN2518,Total Emissions,GHG_2024,0.6,Gross National Product,GDP,0.1,Transition Climate Risk (EIB),EIB_TR,0.2,UN Multilateral Engagement Score,UN_Index,0.1
RUN2519,Total Emissions,GHG_2024,0.6,Gross National Product,GDP,0.2,Transition Climate Risk (EIB),EIB_TR,0.1,UN Multilateral Engagement Score,UN_Index,0.1
RUN2520,Total Emissions,GHG_2024,0.7,Gross National Product,GDP,0.1,Transition Climate Risk (EIB),EIB_TR,0.1,UN Multilateral Engagement Score,UN_Index,0.1
RUN2521,Total Emissions,GHG_2024,0.1,Gross National Income per capita,GNI_pc,0.1,Climate Risk and Vulnerability Index,GAIN_CR,0.1,UN Multilateral Engagement Score,UN_Index,0.7
RUN2522,Total Emissions,GHG_2024,0.1,Gross National Income per capita,GNI_pc,0.1,Climate Risk and Vulnerability Index,GAIN_CR,0.2,UN Multilateral Engagement Score,UN_Index,0.6
RUN2523,Total Emissions,GHG_2024,0.1,Gross National Income per capita,GNI_pc,0.1,Climate Risk and Vulnerability Index,GAIN_CR,0.3,UN Multilateral Engagement Score,UN_Index,0.5
RUN2524,Total Emissions,GHG_2024,0.1,Gross National Income per capita,GNI_pc,0.1,Climate Risk and Vulnerability Index,GAIN_CR,0.4,UN Multilateral Engagement Score,UN_Index,0.4
RUN2525,Total Emissions,GHG_2024,0.1,Gross National Income per capita,GNI_pc,0.1,Climate Risk and Vulnerability Index,GAIN_CR,0.5,UN Multilateral Engagement Score,UN_Index,0.3
RUN2526,Total Emissions,GHG_2024,0.1,Gross National Income per capita,GNI_pc,0.1,Climate Risk and Vulnerability Index,GAIN_CR,0.6,UN Multilateral Engagement Score,UN_Index,0.2
RUN2527,Total Emissions,GHG_2024,0.1,Gross National Income per capita,GNI_pc,0.1,Climate Risk and Vulnerability Index,GAIN_CR,0.7,UN Multilateral Engagement Score,UN_Index,0.1
RUN2528,Total Emissions,GHG_2024,0.1,Gross National Income per capita,GNI_pc,0.2,Climate Risk and Vulnerability Index,GAIN_CR,0.1,UN Multilateral Engagement Score,UN_Index,0.6
RUN2529,Total Emissions,GHG_2024,0.1,Gross National Income per capita,GNI_pc,0.2,Climate Risk and Vulnerability Index,GAIN_CR,0.2,UN Multilateral Engagement Score,UN_Index,0.5
RUN2530,Total Emissions,GHG_2024,0.1,Gross National Income per capita,GNI_pc,0.2,Climate Risk and Vulnerability Index,GAIN_CR,0.3,UN Multilateral Engagement Score,UN_Index,0.4
RUN2531,Total Emissions,GHG_2024,0.1,Gross National Income per capita,GNI_pc,0.2,Climate Risk and Vulnerability Index,GAIN_CR,0.4,UN Multilateral Engagement Score,UN_Index,0.3
RUN2532,Total Emissions,GHG_2024,0.1,Gross National Income per capita,GNI_pc,0.2,Climate Risk and Vulnerability Index,GAIN_CR,0.5,UN Multilateral Engagement Score,UN_Index,0.2
RUN2533,Total Emissions,GHG_2024,0.1,Gross National Income per capita,GNI_pc,0.2,Climate Risk and Vulnerability Index,GAIN_CR,0.6,UN Multilateral Engagement Score,UN_Index,0.1
RUN2534,Total Emissions,GHG_2024,0.1,Gross National Income per capita,GNI_pc,0.3,Climate Risk and Vulnerability Index,GAIN_CR,0.1,UN Multilateral Engagement Score,UN_Index,0.5
RUN2535,Total Emissions,GHG_2024,0.1,Gross National Income per capita,GNI_pc,0.3,Climate Risk and Vulnerability Index,GAIN_CR,0.2,UN Multilateral Engagement Score,UN_Index,0.4
RUN2536,Total Emissions,GHG_2024,0.1,Gross National Income per capita,GNI_pc,0.3,Climate Risk and Vulnerability Index,GAIN_CR,0.3,UN Multilateral Engagement Score,UN_Index,0.3
RUN2537,Total Emissions,GHG_2024,0.1,Gross National Income per capita,GNI_pc,0.3,Climate Risk and Vulnerability Index,GAIN_CR,0.4,UN Multilateral Engagement Score,UN_Index,0.2
RUN2538,Total Emissions,GHG_2024,0.1,Gross National Income per capita,GNI_pc,0.3,Climate Risk and Vulnerability Index,GAIN_CR,0.5,UN Multilateral Engagement Score,UN_Index,0.1
RUN2539,Total Emissions,GHG_2024,0.1,Gross National Income per capita,GNI_pc,0.4,Climate Risk and Vulnerability Index,GAIN_CR,0.1,UN Multilateral Engagement Score,UN_Index,0.4
RUN2540,Total Emissions,GHG_2024,0.1,Gross National Income per capita,GNI_pc,0.4,Climate Risk and Vulnerability Index,GAIN_CR,0.2,UN Multilateral Engagement Score,UN_Index,0.3
RUN2541,Total Emissions,GHG_2024,0.1,Gross National Income per capita,GNI_pc,0.4,Climate Risk and Vulnerability Index,GAIN_CR,0.3,UN Multilateral Engagement Score,UN_Index,0.2
RUN2542,Total Emissions,GHG_2024,0.1,Gross National Income per capita,GNI_pc,0.4,Climate Risk and Vulnerability Index,GAIN_CR,0.4,UN Multilateral Engagement Score,UN_Index,0.1
RUN2543,Total Emissions,GHG_2024,0.1,Gross National Income per capita,GNI_pc,0.5,Climate Risk and Vulnerability Index,GAIN_CR,0.1,UN Multilateral Engagement Score,UN_Index,0.3
RUN2544,Total Emissions,GHG_2024,0.1,Gross National Income per capita,GNI_pc,0.5,Climate Risk and Vulnerability Index,GAIN_CR,0.2,UN Multilateral Engagement Score,UN_Index,0.2
RUN2545,Total Emissions,GHG_2024,0.1,Gross National Income per capita,GNI_pc,0.5,Climate Risk and Vulnerability Index,GAIN_CR,0.3,UN Multilateral Engagement Score,UN_Index,0.1
RUN2546,Total Emissions,GHG_2024,0.1,Gross National Income per capita,GNI_pc,0.6,Climate Risk and Vulnerability Index,GAIN_CR,0.1,UN Multilateral Engagement Score,UN_Index,0.2
RUN2547,Total Emissions,GHG_2024,0.1,Gross National Income per capita,GNI_pc,0.6,Climate Risk and Vulnerability Index,GAIN_CR,0.2,UN Multilateral Engagement Score,UN_Index,0.1
RUN2548,Total Emissions,GHG_2024,0.1,Gross National Income per capita,GNI_pc,0.7,Climate Risk and Vulnerability Index,GAIN_CR,0.1,UN Multilateral Engagement Score,UN_Index,0.1
RUN2549,Total Emissions,GHG_2024,0.2,Gross National Income per capita,GNI_pc,0.1,Climate Risk and Vulnerability Index,GAIN_CR,0.1,UN Multilateral Engagement Score,UN_Index,0.6
RUN2550,Total Emissions,GHG_2024,0.2,Gross National Income per capita,GNI_pc,0.1,Climate Risk and Vulnerability Index,GAIN_CR,0.2,UN Multilateral Engagement Score,UN_Index,0.5
RUN2551,Total Emissions,GHG_2024,0.2,Gross National Income per capita,GNI_pc,0.1,Climate Risk and Vulnerability Index,GAIN_CR,0.3,UN Multilateral Engagement Score,UN_Index,0.4
RUN2552,Total Emissions,GHG_2024,0.2,Gross National Income per capita,GNI_pc,0.1,Climate Risk and Vulnerability Index,GAIN_CR,0.4,UN Multilateral Engagement Score,UN_Index,0.3
RUN2553,Total Emissions,GHG_2024,0.2,Gross National Income per capita,GNI_pc,0.1,Climate Risk and Vulnerability Index,GAIN_CR,0.5,UN Multilateral Engagement Score,UN_Index,0.2
RUN2554,Total Emissions,GHG_2024,0.2,Gross National Income per capita,GNI_pc,0.1,Climate Risk and Vulnerability Index,GAIN_CR,0.6,UN Multilateral Engagement Score,UN_Index,0.1
RUN2555,Total Emissions,GHG_2024,0.2,Gross National Income per capita,GNI_pc,0.2,Climate Risk and Vulnerability Index,GAIN_CR,0.1,UN Multilateral Engagement Score,UN_Index,0.5
RUN2556,Total Emissions,GHG_2024,0.2,Gross National Income per capita,GNI_pc,0.2,Climate Risk and Vulnerability Index,GAIN_CR,0.2,UN Multilateral Engagement Score,UN_Index,0.4
RUN2557,Total Emissions,GHG_2024,0.2,Gross National Income per capita,GNI_pc,0.2,Climate Risk and Vulnerability Index,GAIN_CR,0.3,UN Multilateral Engagement Score,UN_Index,0.3
RUN2558,Total Emissions,GHG_2024,0.2,Gross National Income per capita,GNI_pc,0.2,Climate Risk and Vulnerability Index,GAIN_CR,0.4,UN Multilateral Engagement Score,UN_Index,0.2
RUN2559,Total Emissions,GHG_2024,0.2,Gross National Income per capita,GNI_pc,0.2,Climate Risk and Vulnerability Index,GAIN_CR,0.5,UN Multilateral Engagement Score,UN_Index,0.1
RUN2560,Total Emissions,GHG_2024,0.2,Gross National Income per capita,GNI_pc,0.3,Climate Risk and Vulnerability Index,GAIN_CR,0.1,UN Multilateral Engagement Score,UN_Index,0.4
RUN2561,Total Emissions,GHG_2024,0.2,Gross National Income per capita,GNI_pc,0.3,Climate Risk and Vulnerability Index,GAIN_CR,0.2,UN Multilateral Engagement Score,UN_Index,0.3
RUN2562,Total Emissions,GHG_2024,0.2,Gross National Income per capita,GNI_pc,0.3,Climate Risk and Vulnerability Index,GAIN_CR,0.3,UN Multilateral Engagement Score,UN_Index,0.2
RUN2563,Total Emissions,GHG_2024,0.2,Gross National Income per capita,GNI_pc,0.3,Climate Risk and Vulnerability Index,GAIN_CR,0.4,UN Multilateral Engagement Score,UN_Index,0.1
RUN2564,Total Emissions,GHG_2024,0.2,Gross National Income per capita,GNI_pc,0.4,Climate Risk and Vulnerability Index,GAIN_CR,0.1,UN Multilateral Engagement Score,UN_Index,0.3
RUN2565,Total Emissions,GHG_2024,0.2,Gross National Income per capita,GNI_pc,0.4,Climate Risk and Vulnerability Index,GAIN_CR,0.2,UN Multilateral Engagement Score,UN_Index,0.2
RUN2566,Total Emissions,GHG_2024,0.2,Gross National Income per capita,GNI_pc,0.4,Climate Risk and Vulnerability Index,GAIN_CR,0.3,UN Multilateral Engagement Score,UN_Index,0.1
RUN2567,Total Emissions,GHG_2024,0.2,Gross National Income per capita,GNI_pc,0.5,Climate Risk and Vulnerability Index,GAIN_CR,0.1,UN Multilateral Engagement Score,UN_Index,0.2
RUN2568,Total Emissions,GHG_2024,0.2,Gross National Income per capita,GNI_pc,0.5,Climate Risk and Vulnerability Index,GAIN_CR,0.2,UN Multilateral Engagement Score,UN_Index,0.1
RUN2569,Total Emissions,GHG_2024,0.2,Gross National Income per capita,GNI_pc,0.6,Climate Risk and Vulnerability Index,GAIN_CR,0.1,UN Multilateral Engagement Score,UN_Index,0.1
RUN2570,Total Emissions,GHG_2024,0.3,Gross National Income per capita,GNI_pc,0.1,Climate Risk and Vulnerability Index,GAIN_CR,0.1,UN Multilateral Engagement Score,UN_Index,0.5
RUN2571,Total Emissions,GHG_2024,0.3,Gross National Income per capita,GNI_pc,0.1,Climate Risk and Vulnerability Index,GAIN_CR,0.2,UN Multilateral Engagement Score,UN_Index,0.4
RUN2572,Total Emissions,GHG_2024,0.3,Gross National Income per capita,GNI_pc,0.1,Climate Risk and Vulnerability Index,GAIN_CR,0.3,UN Multilateral Engagement Score,UN_Index,0.3
RUN2573,Total Emissions,GHG_2024,0.3,Gross National Income per capita,GNI_pc,0.1,Climate Risk and Vulnerability Index,GAIN_CR,0.4,UN Multilateral Engagement Score,UN_Index,0.2
RUN2574,Total Emissions,GHG_2024,0.3,Gross National Income per capita,GNI_pc,0.1,Climate Risk and Vulnerability Index,GAIN_CR,0.5,UN Multilateral Engagement Score,UN_Index,0.1
RUN2575,Total Emissions,GHG_2024,0.3,Gross National Income per capita,GNI_pc,0.2,Climate Risk and Vulnerability Index,GAIN_CR,0.1,UN Multilateral Engagement Score,UN_Index,0.4
RUN2576,Total Emissions,GHG_2024,0.3,Gross National Income per capita,GNI_pc,0.2,Climate Risk and Vulnerability Index,GAIN_CR,0.2,UN Multilateral Engagement Score,UN_Index,0.3
RUN2577,Total Emissions,GHG_2024,0.3,Gross National Income per capita,GNI_pc,0.2,Climate Risk and Vulnerability Index,GAIN_CR,0.3,UN Multilateral Engagement Score,UN_Index,0.2
RUN2578,Total Emissions,GHG_2024,0.3,Gross National Income per capita,GNI_pc,0.2,Climate Risk and Vulnerability Index,GAIN_CR,0.4,UN Multilateral Engagement Score,UN_Index,0.1
RUN2579,Total Emissions,GHG_2024,0.3,Gross National Income per capita,GNI_pc,0.3,Climate Risk and Vulnerability Index,GAIN_CR,0.1,UN Multilateral Engagement Score,UN_Index,0.3
RUN2580,Total Emissions,GHG_2024,0.3,Gross National Income per capita,GNI_pc,0.3,Climate Risk and Vulnerability Index,GAIN_CR,0.2,UN Multilateral Engagement Score,UN_Index,0.2
RUN2581,Total Emissions,GHG_2024,0.3,Gross National Income per capita,GNI_pc,0.3,Climate Risk and Vulnerability Index,GAIN_CR,0.3,UN Multilateral Engagement Score,UN_Index,0.1
RUN2582,Total Emissions,GHG_2024,0.3,Gross National Income per capita,GNI_pc,0.4,Climate Risk and Vulnerability Index,GAIN_CR,0.1,UN Multilateral Engagement Score,UN_Index,0.2
RUN2583,Total Emissions,GHG_2024,0.3,Gross National Income per capita,GNI_pc,0.4,Climate Risk and Vulnerability Index,GAIN_CR,0.2,UN Multilateral Engagement Score,UN_Index,0.1
RUN2584,Total Emissions,GHG_2024,0.3,Gross National Income per capita,GNI_pc,0.5,Climate Risk and Vulnerability Index,GAIN_CR,0.1,UN Multilateral Engagement Score,UN_Index,0.1
RUN2585,Total Emissions,GHG_2024,0.4,Gross National Income per capita,GNI_pc,0.1,Climate Risk and Vulnerability Index,GAIN_CR,0.1,UN Multilateral Engagement Score,UN_Index,0.4
RUN2586,Total Emissions,GHG_2024,0.4,Gross National Income per capita,GNI_pc,0.1,Climate Risk and Vulnerability Index,GAIN_CR,0.2,UN Multilateral Engagement Score,UN_Index,0.3
RUN2587,Total Emissions,GHG_2024,0.4,Gross National Income per capita,GNI_pc,0.1,Climate Risk and Vulnerability Index,GAIN_CR,0.3,UN Multilateral Engagement Score,UN_Index,0.2
RUN2588,Total Emissions,GHG_2024,0.4,Gross National Income per capita,GNI_pc,0.1,Climate Risk and Vulnerability Index,GAIN_CR,0.4,UN Multilateral Engagement Score,UN_Index,0.1
RUN2589,Total Emissions,GHG_2024,0.4,Gross National Income per capita,GNI_pc,0.2,Climate Risk and Vulnerability Index,GAIN_CR,0.1,UN Multilateral Engagement Score,UN_Index,0.3
RUN2590,Total Emissions,GHG_2024,0.4,Gross National Income per capita,GNI_pc,0.2,Climate Risk and Vulnerability Index,GAIN_CR,0.2,UN Multilateral Engagement Score,UN_Index,0.2
RUN2591,Total Emissions,GHG_2024,0.4,Gross National Income per capita,GNI_pc,0.2,Climate Risk and Vulnerability Index,GAIN_CR,0.3,UN Multilateral Engagement Score,UN_Index,0.1
RUN2592,Total Emissions,GHG_2024,0.4,Gross National Income per capita,GNI_pc,0.3,Climate Risk and Vulnerability Index,GAIN_CR,0.1,UN Multilateral Engagement Score,UN_Index,0.2
RUN2593,Total Emissions,GHG_2024,0.4,Gross National Income per capita,GNI_pc,0.3,Climate Risk and Vulnerability Index,GAIN_CR,0.2,UN Multilateral Engagement Score,UN_Index,0.1
RUN2594,Total Emissions,GHG_2024,0.4,Gross National Income per capita,GNI_pc,0.4,Climate Risk and Vulnerability Index,GAIN_CR,0.1,UN Multilateral Engagement Score,UN_Index,0.1
RUN2595,Total Emissions,GHG_2024,0.5,Gross National Income per capita,GNI_pc,0.1,Climate Risk and Vulnerability Index,GAIN_CR,0.1,UN Multilateral Engagement Score,UN_Index,0.3
RUN2596,Total Emissions,GHG_2024,0.5,Gross National Income per capita,GNI_pc,0.1,Climate Risk and Vulnerability Index,GAIN_CR,0.2,UN Multilateral Engagement Score,UN_Index,0.2
RUN2597,Total Emissions,GHG_2024,0.5,Gross National Income per capita,GNI_pc,0.1,Climate Risk and Vulnerability Index,GAIN_CR,0.3,UN Multilateral Engagement Score,UN_Index,0.1
RUN2598,Total Emissions,GHG_2024,0.5,Gross National Income per capita,GNI_pc,0.2,Climate Risk and Vulnerability Index,GAIN_CR,0.1,UN Multilateral Engagement Score,UN_Index,0.2
RUN2599,Total Emissions,GHG_2024,0.5,Gross National Income per capita,GNI_pc,0.2,Climate Risk and Vulnerability Index,GAIN_CR,0.2,UN Multilateral Engagement Score,UN_Index,0.1
RUN2600,Total Emissions,GHG_2024,0.5,Gross National Income per capita,GNI_pc,0.3,Climate Risk and Vulnerability Index,GAIN_CR,0.1,UN Multilateral Engagement Score,UN_Index,0.1
RUN2601,Total Emissions,GHG_2024,0.6,Gross National Income per capita,GNI_pc,0.1,Climate Risk and Vulnerability Index,GAIN_CR,0.1,UN Multilateral Engagement Score,UN_Index,0.2
RUN2602,Total Emissions,GHG_2024,0.6,Gross National Income per capita,GNI_pc,0.1,Climate Risk and Vulnerability Index,GAIN_CR,0.2,UN Multilateral Engagement Score,UN_Index,0.1
RUN2603,Total Emissions,GHG_2024,0.6,Gross National Income per capita,GNI_pc,0.2,Climate Risk and Vulnerability Index,GAIN_CR,0.1,UN Multilateral Engagement Score,UN_Index,0.1
RUN2604,Total Emissions,GHG_2024,0.7,Gross National Income per capita,GNI_pc,0.1,Climate Risk and Vulnerability Index,GAIN_CR,0.1,UN Multilateral Engagement Score,UN_Index,0.1
RUN2605,Total Emissions,GHG_2024,0.1,Gross National Income per capita,GNI_pc,0.1,Physical Climate Risk (EIB),EIB_PR,0.1,UN Multilateral Engagement Score,UN_Index,0.7
RUN2606,Total Emissions,GHG_2024,0.1,Gross National Income per capita,GNI_pc,0.1,Physical Climate Risk (EIB),EIB_PR,0.2,UN Multilateral Engagement Score,UN_Index,0.6
RUN2607,Total Emissions,GHG_2024,0.1,Gross National Income per capita,GNI_pc,0.1,Physical Climate Risk (EIB),EIB_PR,0.3,UN Multilateral Engagement Score,UN_Index,0.5
RUN2608,Total Emissions,GHG_2024,0.1,Gross National Income per capita,GNI_pc,0.1,Physical Climate Risk (EIB),EIB_PR,0.4,UN Multilateral Engagement Score,UN_Index,0.4
RUN2609,Total Emissions,GHG_2024,0.1,Gross National Income per capita,GNI_pc,0.1,Physical Climate Risk (EIB),EIB_PR,0.5,UN Multilateral Engagement Score,UN_Index,0.3
RUN2610,Total Emissions,GHG_2024,0.1,Gross National Income per capita,GNI_pc,0.1,Physical Climate Risk (EIB),EIB_PR,0.6,UN Multilateral Engagement Score,UN_Index,0.2
RUN2611,Total Emissions,GHG_2024,0.1,Gross National Income per capita,GNI_pc,0.1,Physical Climate Risk (EIB),EIB_PR,0.7,UN Multilateral Engagement Score,UN_Index,0.1
RUN2612,Total Emissions,GHG_2024,0.1,Gross National Income per capita,GNI_pc,0.2,Physical Climate Risk (EIB),EIB_PR,0.1,UN Multilateral Engagement Score,UN_Index,0.6
RUN2613,Total Emissions,GHG_2024,0.1,Gross National Income per capita,GNI_pc,0.2,Physical Climate Risk (EIB),EIB_PR,0.2,UN Multilateral Engagement Score,UN_Index,0.5
RUN2614,Total Emissions,GHG_2024,0.1,Gross National Income per capita,GNI_pc,0.2,Physical Climate Risk (EIB),EIB_PR,0.3,UN Multilateral Engagement Score,UN_Index,0.4
RUN2615,Total Emissions,GHG_2024,0.1,Gross National Income per capita,GNI_pc,0.2,Physical Climate Risk (EIB),EIB_PR,0.4,UN Multilateral Engagement Score,UN_Index,0.3
RUN2616,Total Emissions,GHG_2024,0.1,Gross National Income per capita,GNI_pc,0.2,Physical Climate Risk (EIB),EIB_PR,0.5,UN Multilateral Engagement Score,UN_Index,0.2
RUN2617,Total Emissions,GHG_2024,0.1,Gross National Income per capita,GNI_pc,0.2,Physical Climate Risk (EIB),EIB_PR,0.6,UN Multilateral Engagement Score,UN_Index,0.1
RUN2618,Total Emissions,GHG_2024,0.1,Gross National Income per capita,GNI_pc,0.3,Physical Climate Risk (EIB),EIB_PR,0.1,UN Multilateral Engagement Score,UN_Index,0.5
RUN2619,Total Emissions,GHG_2024,0.1,Gross National Income per capita,GNI_pc,0.3,Physical Climate Risk (EIB),EIB_PR,0.2,UN Multilateral Engagement Score,UN_Index,0.4
RUN2620,Total Emissions,GHG_2024,0.1,Gross National Income per capita,GNI_pc,0.3,Physical Climate Risk (EIB),EIB_PR,0.3,UN Multilateral Engagement Score,UN_Index,0.3
RUN2621,Total Emissions,GHG_2024,0.1,Gross National Income per capita,GNI_pc,0.3,Physical Climate Risk (EIB),EIB_PR,0.4,UN Multilateral Engagement Score,UN_Index,0.2
RUN2622,Total Emissions,GHG_2024,0.1,Gross National Income per capita,GNI_pc,0.3,Physical Climate Risk (EIB),EIB_PR,0.5,UN Multilateral Engagement Score,UN_Index,0.1
RUN2623,Total Emissions,GHG_2024,0.1,Gross National Income per capita,GNI_pc,0.4,Physical Climate Risk (EIB),EIB_PR,0.1,UN Multilateral Engagement Score,UN_Index,0.4
RUN2624,Total Emissions,GHG_2024,0.1,Gross National Income per capita,GNI_pc,0.4,Physical Climate Risk (EIB),EIB_PR,0.2,UN Multilateral Engagement Score,UN_Index,0.3
RUN2625,Total Emissions,GHG_2024,0.1,Gross National Income per capita,GNI_pc,0.4,Physical Climate Risk (EIB),EIB_PR,0.3,UN Multilateral Engagement Score,UN_Index,0.2
RUN2626,Total Emissions,GHG_2024,0.1,Gross National Income per capita,GNI_pc,0.4,Physical Climate Risk (EIB),EIB_PR,0.4,UN Multilateral Engagement Score,UN_Index,0.1
RUN2627,Total Emissions,GHG_2024,0.1,Gross National Income per capita,GNI_pc,0.5,Physical Climate Risk (EIB),EIB_PR,0.1,UN Multilateral Engagement Score,UN_Index,0.3
RUN2628,Total Emissions,GHG_2024,0.1,Gross National Income per capita,GNI_pc,0.5,Physical Climate Risk (EIB),EIB_PR,0.2,UN Multilateral Engagement Score,UN_Index,0.2
RUN2629,Total Emissions,GHG_2024,0.1,Gross National Income per capita,GNI_pc,0.5,Physical Climate Risk (EIB),EIB_PR,0.3,UN Multilateral Engagement Score,UN_Index,0.1
RUN2630,Total Emissions,GHG_2024,0.1,Gross National Income per capita,GNI_pc,0.6,Physical Climate Risk (EIB),EIB_PR,0.1,UN Multilateral Engagement Score,UN_Index,0.2
RUN2631,Total Emissions,GHG_2024,0.1,Gross National Income per capita,GNI_pc,0.6,Physical Climate Risk (EIB),EIB_PR,0.2,UN Multilateral Engagement Score,UN_Index,0.1
RUN2632,Total Emissions,GHG_2024,0.1,Gross National Income per capita,GNI_pc,0.7,Physical Climate Risk (EIB),EIB_PR,0.1,UN Multilateral Engagement Score,UN_Index,0.1
RUN2633,Total Emissions,GHG_2024,0.2,Gross National Income per capita,GNI_pc,0.1,Physical Climate Risk (EIB),EIB_PR,0.1,UN Multilateral Engagement Score,UN_Index,0.6
RUN2634,Total Emissions,GHG_2024,0.2,Gross National Income per capita,GNI_pc,0.1,Physical Climate Risk (EIB),EIB_PR,0.2,UN Multilateral Engagement Score,UN_Index,0.5
RUN2635,Total Emissions,GHG_2024,0.2,Gross National Income per capita,GNI_pc,0.1,Physical Climate Risk (EIB),EIB_PR,0.3,UN Multilateral Engagement Score,UN_Index,0.4
RUN2636,Total Emissions,GHG_2024,0.2,Gross National Income per capita,GNI_pc,0.1,Physical Climate Risk (EIB),EIB_PR,0.4,UN Multilateral Engagement Score,UN_Index,0.3
RUN2637,Total Emissions,GHG_2024,0.2,Gross National Income per capita,GNI_pc,0.1,Physical Climate Risk (EIB),EIB_PR,0.5,UN Multilateral Engagement Score,UN_Index,0.2
RUN2638,Total Emissions,GHG_2024,0.2,Gross National Income per capita,GNI_pc,0.1,Physical Climate Risk (EIB),EIB_PR,0.6,UN Multilateral Engagement Score,UN_Index,0.1
RUN2639,Total Emissions,GHG_2024,0.2,Gross National Income per capita,GNI_pc,0.2,Physical Climate Risk (EIB),EIB_PR,0.1,UN Multilateral Engagement Score,UN_Index,0.5
RUN2640,Total Emissions,GHG_2024,0.2,Gross National Income per capita,GNI_pc,0.2,Physical Climate Risk (EIB),EIB_PR,0.2,UN Multilateral Engagement Score,UN_Index,0.4
RUN2641,Total Emissions,GHG_2024,0.2,Gross National Income per capita,GNI_pc,0.2,Physical Climate Risk (EIB),EIB_PR,0.3,UN Multilateral Engagement Score,UN_Index,0.3
RUN2642,Total Emissions,GHG_2024,0.2,Gross National Income per capita,GNI_pc,0.2,Physical Climate Risk (EIB),EIB_PR,0.4,UN Multilateral Engagement Score,UN_Index,0.2
RUN2643,Total Emissions,GHG_2024,0.2,Gross National Income per capita,GNI_pc,0.2,Physical Climate Risk (EIB),EIB_PR,0.5,UN Multilateral Engagement Score,UN_Index,0.1
RUN2644,Total Emissions,GHG_2024,0.2,Gross National Income per capita,GNI_pc,0.3,Physical Climate Risk (EIB),EIB_PR,0.1,UN Multilateral Engagement Score,UN_Index,0.4
RUN2645,Total Emissions,GHG_2024,0.2,Gross National Income per capita,GNI_pc,0.3,Physical Climate Risk (EIB),EIB_PR,0.2,UN Multilateral Engagement Score,UN_Index,0.3
RUN2646,Total Emissions,GHG_2024,0.2,Gross National Income per capita,GNI_pc,0.3,Physical Climate Risk (EIB),EIB_PR,0.3,UN Multilateral Engagement Score,UN_Index,0.2
RUN2647,Total Emissions,GHG_2024,0.2,Gross National Income per capita,GNI_pc,0.3,Physical Climate Risk (EIB),EIB_PR,0.4,UN Multilateral Engagement Score,UN_Index,0.1
RUN2648,Total Emissions,GHG_2024,0.2,Gross National Income per capita,GNI_pc,0.4,Physical Climate Risk (EIB),EIB_PR,0.1,UN Multilateral Engagement Score,UN_Index,0.3
RUN2649,Total Emissions,GHG_2024,0.2,Gross National Income per capita,GNI_pc,0.4,Physical Climate Risk (EIB),EIB_PR,0.2,UN Multilateral Engagement Score,UN_Index,0.2
RUN2650,Total Emissions,GHG_2024,0.2,Gross National Income per capita,GNI_pc,0.4,Physical Climate Risk (EIB),EIB_PR,0.3,UN Multilateral Engagement Score,UN_Index,0.1
RUN2651,Total Emissions,GHG_2024,0.2,Gross National Income per capita,GNI_pc,0.5,Physical Climate Risk (EIB),EIB_PR,0.1,UN Multilateral Engagement Score,UN_Index,0.2
RUN2652,Total Emissions,GHG_2024,0.2,Gross National Income per capita,GNI_pc,0.5,Physical Climate Risk (EIB),EIB_PR,0.2,UN Multilateral Engagement Score,UN_Index,0.1
RUN2653,Total Emissions,GHG_2024,0.2,Gross National Income per capita,GNI_pc,0.6,Physical Climate Risk (EIB),EIB_PR,0.1,UN Multilateral Engagement Score,UN_Index,0.1
RUN2654,Total Emissions,GHG_2024,0.3,Gross National Income per capita,GNI_pc,0.1,Physical Climate Risk (EIB),EIB_PR,0.1,UN Multilateral Engagement Score,UN_Index,0.5
RUN2655,Total Emissions,GHG_2024,0.3,Gross National Income per capita,GNI_pc,0.1,Physical Climate Risk (EIB),EIB_PR,0.2,UN Multilateral Engagement Score,UN_Index,0.4
RUN2656,Total Emissions,GHG_2024,0.3,Gross National Income per capita,GNI_pc,0.1,Physical Climate Risk (EIB),EIB_PR,0.3,UN Multilateral Engagement Score,UN_Index,0.3
RUN2657,Total Emissions,GHG_2024,0.3,Gross National Income per capita,GNI_pc,0.1,Physical Climate Risk (EIB),EIB_PR,0.4,UN Multilateral Engagement Score,UN_Index,0.2
RUN2658,Total Emissions,GHG_2024,0.3,Gross National Income per capita,GNI_pc,0.1,Physical Climate Risk (EIB),EIB_PR,0.5,UN Multilateral Engagement Score,UN_Index,0.1
RUN2659,Total Emissions,GHG_2024,0.3,Gross National Income per capita,GNI_pc,0.2,Physical Climate Risk (EIB),EIB_PR,0.1,UN Multilateral Engagement Score,UN_Index,0.4
RUN2660,Total Emissions,GHG_2024,0.3,Gross National Income per capita,GNI_pc,0.2,Physical Climate Risk (EIB),EIB_PR,0.2,UN Multilateral Engagement Score,UN_Index,0.3
RUN2661,Total Emissions,GHG_2024,0.3,Gross National Income per capita,GNI_pc,0.2,Physical Climate Risk (EIB),EIB_PR,0.3,UN Multilateral Engagement Score,UN_Index,0.2
RUN2662,Total Emissions,GHG_2024,0.3,Gross National Income per capita,GNI_pc,0.2,Physical Climate Risk (EIB),EIB_PR,0.4,UN Multilateral Engagement Score,UN_Index,0.1
RUN2663,Total Emissions,GHG_2024,0.3,Gross National Income per capita,GNI_pc,0.3,Physical Climate Risk (EIB),EIB_PR,0.1,UN Multilateral Engagement Score,UN_Index,0.3
RUN2664,Total Emissions,GHG_2024,0.3,Gross National Income per capita,GNI_pc,0.3,Physical Climate Risk (EIB),EIB_PR,0.2,UN Multilateral Engagement Score,UN_Index,0.2
RUN2665,Total Emissions,GHG_2024,0.3,Gross National Income per capita,GNI_pc,0.3,Physical Climate Risk (EIB),EIB_PR,0.3,UN Multilateral Engagement Score,UN_Index,0.1
RUN2666,Total Emissions,GHG_2024,0.3,Gross National Income per capita,GNI_pc,0.4,Physical Climate Risk (EIB),EIB_PR,0.1,UN Multilateral Engagement Score,UN_Index,0.2
RUN2667,Total Emissions,GHG_2024,0.3,Gross National Income per capita,GNI_pc,0.4,Physical Climate Risk (EIB),EIB_PR,0.2,UN Multilateral Engagement Score,UN_Index,0.1
RUN2668,Total Emissions,GHG_2024,0.3,Gross National Income per capita,GNI_pc,0.5,Physical Climate Risk (EIB),EIB_PR,0.1,UN Multilateral Engagement Score,UN_Index,0.1
RUN2669,Total Emissions,GHG_2024,0.4,Gross National Income per capita,GNI_pc,0.1,Physical Climate Risk (EIB),EIB_PR,0.1,UN Multilateral Engagement Score,UN_Index,0.4
RUN2670,Total Emissions,GHG_2024,0.4,Gross National Income per capita,GNI_pc,0.1,Physical Climate Risk (EIB),EIB_PR,0.2,UN Multilateral Engagement Score,UN_Index,0.3
RUN2671,Total Emissions,GHG_2024,0.4,Gross National Income per capita,GNI_pc,0.1,Physical Climate Risk (EIB),EIB_PR,0.3,UN Multilateral Engagement Score,UN_Index,0.2
RUN2672,Total Emissions,GHG_2024,0.4,Gross National Income per capita,GNI_pc,0.1,Physical Climate Risk (EIB),EIB_PR,0.4,UN Multilateral Engagement Score,UN_Index,0.1
RUN2673,Total Emissions,GHG_2024,0.4,Gross National Income per capita,GNI_pc,0.2,Physical Climate Risk (EIB),EIB_PR,0.1,UN Multilateral Engagement Score,UN_Index,0.3
RUN2674,Total Emissions,GHG_2024,0.4,Gross National Income per capita,GNI_pc,0.2,Physical Climate Risk (EIB),EIB_PR,0.2,UN Multilateral Engagement Score,UN_Index,0.2
RUN2675,Total Emissions,GHG_2024,0.4,Gross National Income per capita,GNI_pc,0.2,Physical Climate Risk (EIB),EIB_PR,0.3,UN Multilateral Engagement Score,UN_Index,0.1
RUN2676,Total Emissions,GHG_2024,0.4,Gross National Income per capita,GNI_pc,0.3,Physical Climate Risk (EIB),EIB_PR,0.1,UN Multilateral Engagement Score,UN_Index,0.2
RUN2677,Total Emissions,GHG_2024,0.4,Gross National Income per capita,GNI_pc,0.3,Physical Climate Risk (EIB),EIB_PR,0.2,UN Multilateral Engagement Score,UN_Index,0.1
RUN2678,Total Emissions,GHG_2024,0.4,Gross National Income per capita,GNI_pc,0.4,Physical Climate Risk (EIB),EIB_PR,0.1,UN Multilateral Engagement Score,UN_Index,0.1
RUN2679,Total Emissions,GHG_2024,0.5,Gross National Income per capita,GNI_pc,0.1,Physical Climate Risk (EIB),EIB_PR,0.1,UN Multilateral Engagement Score,UN_Index,0.3
RUN2680,Total Emissions,GHG_2024,0.5,Gross National Income per capita,GNI_pc,0.1,Physical Climate Risk (EIB),EIB_PR,0.2,UN Multilateral Engagement Score,UN_Index,0.2
RUN2681,Total Emissions,GHG_2024,0.5,Gross National Income per capita,GNI_pc,0.1,Physical Climate Risk (EIB),EIB_PR,0.3,UN Multilateral Engagement Score,UN_Index,0.1
RUN2682,Total Emissions,GHG_2024,0.5,Gross National Income per capita,GNI_pc,0.2,Physical Climate Risk (EIB),EIB_PR,0.1,UN Multilateral Engagement Score,UN_Index,0.2
RUN2683,Total Emissions,GHG_2024,0.5,Gross National Income per capita,GNI_pc,0.2,Physical Climate Risk (EIB),EIB_PR,0.2,UN Multilateral Engagement Score,UN_Index,0.1
RUN2684,Total Emissions,GHG_2024,0.5,Gross National Income per capita,GNI_pc,0.3,Physical Climate Risk (EIB),EIB_PR,0.1,UN Multilateral Engagement Score,UN_Index,0.1
RUN2685,Total Emissions,GHG_2024,0.6,Gross National Income per capita,GNI_pc,0.1,Physical Climate Risk (EIB),EIB_PR,0.1,UN Multilateral Engagement Score,UN_Index,0.2
RUN2686,Total Emissions,GHG_2024,0.6,Gross National Income per capita,GNI_pc,0.1,Physical Climate Risk (EIB),EIB_PR,0.2,UN Multilateral Engagement Score,UN_Index,0.1
RUN2687,Total Emissions,GHG_2024,0.6,Gross National Income per capita,GNI_pc,0.2,Physical Climate Risk (EIB),EIB_PR,0.1,UN Multilateral Engagement Score,UN_Index,0.1
RUN2688,Total Emissions,GHG_2024,0.7,Gross National Income per capita,GNI_pc,0.1,Physical Climate Risk (EIB),EIB_PR,0.1,UN Multilateral Engagement Score,UN_Index,0.1
RUN2689,Total Emissions,GHG_2024,0.1,Gross National Income per capita,GNI_pc,0.1,Transition Climate Risk (EIB),EIB_TR,0.1,UN Multilateral Engagement Score,UN_Index,0.7
RUN2690,Total Emissions,GHG_2024,0.1,Gross National Income per capita,GNI_pc,0.1,Transition Climate Risk (EIB),EIB_TR,0.2,UN Multilateral Engagement Score,UN_Index,0.6
RUN2691,Total Emissions,GHG_2024,0.1,Gross National Income per capita,GNI_pc,0.1,Transition Climate Risk (EIB),EIB_TR,0.3,UN Multilateral Engagement Score,UN_Index,0.5
RUN2692,Total Emissions,GHG_2024,0.1,Gross National Income per capita,GNI_pc,0.1,Transition Climate Risk (EIB),EIB_TR,0.4,UN Multilateral Engagement Score,UN_Index,0.4
RUN2693,Total Emissions,GHG_2024,0.1,Gross National Income per capita,GNI_pc,0.1,Transition Climate Risk (EIB),EIB_TR,0.5,UN Multilateral Engagement Score,UN_Index,0.3
RUN2694,Total Emissions,GHG_2024,0.1,Gross National Income per capita,GNI_pc,0.1,Transition Climate Risk (EIB),EIB_TR,0.6,UN Multilateral Engagement Score,UN_Index,0.2
RUN2695,Total Emissions,GHG_2024,0.1,Gross National Income per capita,GNI_pc,0.1,Transition Climate Risk (EIB),EIB_TR,0.7,UN Multilateral Engagement Score,UN_Index,0.1
RUN2696,Total Emissions,GHG_2024,0.1,Gross National Income per capita,GNI_pc,0.2,Transition Climate Risk (EIB),EIB_TR,0.1,UN Multilateral Engagement Score,UN_Index,0.6
RUN2697,Total Emissions,GHG_2024,0.1,Gross National Income per capita,GNI_pc,0.2,Transition Climate Risk (EIB),EIB_TR,0.2,UN Multilateral Engagement Score,UN_Index,0.5
RUN2698,Total Emissions,GHG_2024,0.1,Gross National Income per capita,GNI_pc,0.2,Transition Climate Risk (EIB),EIB_TR,0.3,UN Multilateral Engagement Score,UN_Index,0.4
RUN2699,Total Emissions,GHG_2024,0.1,Gross National Income per capita,GNI_pc,0.2,Transition Climate Risk (EIB),EIB_TR,0.4,UN Multilateral Engagement Score,UN_Index,0.3
RUN2700,Total Emissions,GHG_2024,0.1,Gross National Income per capita,GNI_pc,0.2,Transition Climate Risk (EIB),EIB_TR,0.5,UN Multilateral Engagement Score,UN_Index,0.2
RUN2701,Total Emissions,GHG_2024,0.1,Gross National Income per capita,GNI_pc,0.2,Transition Climate Risk (EIB),EIB_TR,0.6,UN Multilateral Engagement Score,UN_Index,0.1
RUN2702,Total Emissions,GHG_2024,0.1,Gross National Income per capita,GNI_pc,0.3,Transition Climate Risk (EIB),EIB_TR,0.1,UN Multilateral Engagement Score,UN_Index,0.5
RUN2703,Total Emissions,GHG_2024,0.1,Gross National Income per capita,GNI_pc,0.3,Transition Climate Risk (EIB),EIB_TR,0.2,UN Multilateral Engagement Score,UN_Index,0.4
RUN2704,Total Emissions,GHG_2024,0.1,Gross National Income per capita,GNI_pc,0.3,Transition Climate Risk (EIB),EIB_TR,0.3,UN Multilateral Engagement Score,UN_Index,0.3
RUN2705,Total Emissions,GHG_2024,0.1,Gross National Income per capita,GNI_pc,0.3,Transition Climate Risk (EIB),EIB_TR,0.4,UN Multilateral Engagement Score,UN_Index,0.2
RUN2706,Total Emissions,GHG_2024,0.1,Gross National Income per capita,GNI_pc,0.3,Transition Climate Risk (EIB),EIB_TR,0.5,UN Multilateral Engagement Score,UN_Index,0.1
RUN2707,Total Emissions,GHG_2024,0.1,Gross National Income per capita,GNI_pc,0.4,Transition Climate Risk (EIB),EIB_TR,0.1,UN Multilateral Engagement Score,UN_Index,0.4
RUN2708,Total Emissions,GHG_2024,0.1,Gross National Income per capita,GNI_pc,0.4,Transition Climate Risk (EIB),EIB_TR,0.2,UN Multilateral Engagement Score,UN_Index,0.3
RUN2709,Total Emissions,GHG_2024,0.1,Gross National Income per capita,GNI_pc,0.4,Transition Climate Risk (EIB),EIB_TR,0.3,UN Multilateral Engagement Score,UN_Index,0.2
RUN2710,Total Emissions,GHG_2024,0.1,Gross National Income per capita,GNI_pc,0.4,Transition Climate Risk (EIB),EIB_TR,0.4,UN Multilateral Engagement Score,UN_Index,0.1
RUN2711,Total Emissions,GHG_2024,0.1,Gross National Income per capita,GNI_pc,0.5,Transition Climate Risk (EIB),EIB_TR,0.1,UN Multilateral Engagement Score,UN_Index,0.3
RUN2712,Total Emissions,GHG_2024,0.1,Gross National Income per capita,GNI_pc,0.5,Transition Climate Risk (EIB),EIB_TR,0.2,UN Multilateral Engagement Score,UN_Index,0.2
RUN2713,Total Emissions,GHG_2024,0.1,Gross National Income per capita,GNI_pc,0.5,Transition Climate Risk (EIB),EIB_TR,0.3,UN Multilateral Engagement Score,UN_Index,0.1
RUN2714,Total Emissions,GHG_2024,0.1,Gross National Income per capita,GNI_pc,0.6,Transition Climate Risk (EIB),EIB_TR,0.1,UN Multilateral Engagement Score,UN_Index,0.2
RUN2715,Total Emissions,GHG_2024,0.1,Gross National Income per capita,GNI_pc,0.6,Transition Climate Risk (EIB),EIB_TR,0.2,UN Multilateral Engagement Score,UN_Index,0.1
RUN2716,Total Emissions,GHG_2024,0.1,Gross National Income per capita,GNI_pc,0.7,Transition Climate Risk (EIB),EIB_TR,0.1,UN Multilateral Engagement Score,UN_Index,0.1
RUN2717,Total Emissions,GHG_2024,0.2,Gross National Income per capita,GNI_pc,0.1,Transition Climate Risk (EIB),EIB_TR,0.1,UN Multilateral Engagement Score,UN_Index,0.6
RUN2718,Total Emissions,GHG_2024,0.2,Gross National Income per capita,GNI_pc,0.1,Transition Climate Risk (EIB),EIB_TR,0.2,UN Multilateral Engagement Score,UN_Index,0.5
RUN2719,Total Emissions,GHG_2024,0.2,Gross National Income per capita,GNI_pc,0.1,Transition Climate Risk (EIB),EIB_TR,0.3,UN Multilateral Engagement Score,UN_Index,0.4
RUN2720,Total Emissions,GHG_2024,0.2,Gross National Income per capita,GNI_pc,0.1,Transition Climate Risk (EIB),EIB_TR,0.4,UN Multilateral Engagement Score,UN_Index,0.3
RUN2721,Total Emissions,GHG_2024,0.2,Gross National Income per capita,GNI_pc,0.1,Transition Climate Risk (EIB),EIB_TR,0.5,UN Multilateral Engagement Score,UN_Index,0.2
RUN2722,Total Emissions,GHG_2024,0.2,Gross National Income per capita,GNI_pc,0.1,Transition Climate Risk (EIB),EIB_TR,0.6,UN Multilateral Engagement Score,UN_Index,0.1
RUN2723,Total Emissions,GHG_2024,0.2,Gross National Income per capita,GNI_pc,0.2,Transition Climate Risk (EIB),EIB_TR,0.1,UN Multilateral Engagement Score,UN_Index,0.5
RUN2724,Total Emissions,GHG_2024,0.2,Gross National Income per capita,GNI_pc,0.2,Transition Climate Risk (EIB),EIB_TR,0.2,UN Multilateral Engagement Score,UN_Index,0.4
RUN2725,Total Emissions,GHG_2024,0.2,Gross National Income per capita,GNI_pc,0.2,Transition Climate Risk (EIB),EIB_TR,0.3,UN Multilateral Engagement Score,UN_Index,0.3
RUN2726,Total Emissions,GHG_2024,0.2,Gross National Income per capita,GNI_pc,0.2,Transition Climate Risk (EIB),EIB_TR,0.4,UN Multilateral Engagement Score,UN_Index,0.2
RUN2727,Total Emissions,GHG_2024,0.2,Gross National Income per capita,GNI_pc,0.2,Transition Climate Risk (EIB),EIB_TR,0.5,UN Multilateral Engagement Score,UN_Index,0.1
RUN2728,Total Emissions,GHG_2024,0.2,Gross National Income per capita,GNI_pc,0.3,Transition Climate Risk (EIB),EIB_TR,0.1,UN Multilateral Engagement Score,UN_Index,0.4
RUN2729,Total Emissions,GHG_2024,0.2,Gross National Income per capita,GNI_pc,0.3,Transition Climate Risk (EIB),EIB_TR,0.2,UN Multilateral Engagement Score,UN_Index,0.3
RUN2730,Total Emissions,GHG_2024,0.2,Gross National Income per capita,GNI_pc,0.3,Transition Climate Risk (EIB),EIB_TR,0.3,UN Multilateral Engagement Score,UN_Index,0.2
RUN2731,Total Emissions,GHG_2024,0.2,Gross National Income per capita,GNI_pc,0.3,Transition Climate Risk (EIB),EIB_TR,0.4,UN Multilateral Engagement Score,UN_Index,0.1
RUN2732,Total Emissions,GHG_2024,0.2,Gross National Income per capita,GNI_pc,0.4,Transition Climate Risk (EIB),EIB_TR,0.1,UN Multilateral Engagement Score,UN_Index,0.3
RUN2733,Total Emissions,GHG_2024,0.2,Gross National Income per capita,GNI_pc,0.4,Transition Climate Risk (EIB),EIB_TR,0.2,UN Multilateral Engagement Score,UN_Index,0.2
RUN2734,Total Emissions,GHG_2024,0.2,Gross National Income per capita,GNI_pc,0.4,Transition Climate Risk (EIB),EIB_TR,0.3,UN Multilateral Engagement Score,UN_Index,0.1
RUN2735,Total Emissions,GHG_2024,0.2,Gross National Income per capita,GNI_pc,0.5,Transition Climate Risk (EIB),EIB_TR,0.1,UN Multilateral Engagement Score,UN_Index,0.2
RUN2736,Total Emissions,GHG_2024,0.2,Gross National Income per capita,GNI_pc,0.5,Transition Climate Risk (EIB),EIB_TR,0.2,UN Multilateral Engagement Score,UN_Index,0.1
RUN2737,Total Emissions,GHG_2024,0.2,Gross National Income per capita,GNI_pc,0.6,Transition Climate Risk (EIB),EIB_TR,0.1,UN Multilateral Engagement Score,UN_Index,0.1
RUN2738,Total Emissions,GHG_2024,0.3,Gross National Income per capita,GNI_pc,0.1,Transition Climate Risk (EIB),EIB_TR,0.1,UN Multilateral Engagement Score,UN_Index,0.5
RUN2739,Total Emissions,GHG_2024,0.3,Gross National Income per capita,GNI_pc,0.1,Transition Climate Risk (EIB),EIB_TR,0.2,UN Multilateral Engagement Score,UN_Index,0.4
RUN2740,Total Emissions,GHG_2024,0.3,Gross National Income per capita,GNI_pc,0.1,Transition Climate Risk (EIB),EIB_TR,0.3,UN Multilateral Engagement Score,UN_Index,0.3
RUN2741,Total Emissions,GHG_2024,0.3,Gross National Income per capita,GNI_pc,0.1,Transition Climate Risk (EIB),EIB_TR,0.4,UN Multilateral Engagement Score,UN_Index,0.2
RUN2742,Total Emissions,GHG_2024,0.3,Gross National Income per capita,GNI_pc,0.1,Transition Climate Risk (EIB),EIB_TR,0.5,UN Multilateral Engagement Score,UN_Index,0.1
RUN2743,Total Emissions,GHG_2024,0.3,Gross National Income per capita,GNI_pc,0.2,Transition Climate Risk (EIB),EIB_TR,0.1,UN Multilateral Engagement Score,UN_Index,0.4
RUN2744,Total Emissions,GHG_2024,0.3,Gross National Income per capita,GNI_pc,0.2,Transition Climate Risk (EIB),EIB_TR,0.2,UN Multilateral Engagement Score,UN_Index,0.3
RUN2745,Total Emissions,GHG_2024,0.3,Gross National Income per capita,GNI_pc,0.2,Transition Climate Risk (EIB),EIB_TR,0.3,UN Multilateral Engagement Score,UN_Index,0.2
RUN2746,Total Emissions,GHG_2024,0.3,Gross National Income per capita,GNI_pc,0.2,Transition Climate Risk (EIB),EIB_TR,0.4,UN Multilateral Engagement Score,UN_Index,0.1
RUN2747,Total Emissions,GHG_2024,0.3,Gross National Income per capita,GNI_pc,0.3,Transition Climate Risk (EIB),EIB_TR,0.1,UN Multilateral Engagement Score,UN_Index,0.3
RUN2748,Total Emissions,GHG_2024,0.3,Gross National Income per capita,GNI_pc,0.3,Transition Climate Risk (EIB),EIB_TR,0.2,UN Multilateral Engagement Score,UN_Index,0.2
RUN2749,Total Emissions,GHG_2024,0.3,Gross National Income per capita,GNI_pc,0.3,Transition Climate Risk (EIB),EIB_TR,0.3,UN Multilateral Engagement Score,UN_Index,0.1
RUN2750,Total Emissions,GHG_2024,0.3,Gross National Income per capita,GNI_pc,0.4,Transition Climate Risk (EIB),EIB_TR,0.1,UN Multilateral Engagement Score,UN_Index,0.2
RUN2751,Total Emissions,GHG_2024,0.3,Gross National Income per capita,GNI_pc,0.4,Transition Climate Risk (EIB),EIB_TR,0.2,UN Multilateral Engagement Score,UN_Index,0.1
RUN2752,Total Emissions,GHG_2024,0.3,Gross National Income per capita,GNI_pc,0.5,Transition Climate Risk (EIB),EIB_TR,0.1,UN Multilateral Engagement Score,UN_Index,0.1
RUN2753,Total Emissions,GHG_2024,0.4,Gross National Income per capita,GNI_pc,0.1,Transition Climate Risk (EIB),EIB_TR,0.1,UN Multilateral Engagement Score,UN_Index,0.4
RUN2754,Total Emissions,GHG_2024,0.4,Gross National Income per capita,GNI_pc,0.1,Transition Climate Risk (EIB),EIB_TR,0.2,UN Multilateral Engagement Score,UN_Index,0.3
RUN2755,Total Emissions,GHG_2024,0.4,Gross National Income per capita,GNI_pc,0.1,Transition Climate Risk (EIB),EIB_TR,0.3,UN Multilateral Engagement Score,UN_Index,0.2
RUN2756,Total Emissions,GHG_2024,0.4,Gross National Income per capita,GNI_pc,0.1,Transition Climate Risk (EIB),EIB_TR,0.4,UN Multilateral Engagement Score,UN_Index,0.1
RUN2757,Total Emissions,GHG_2024,0.4,Gross National Income per capita,GNI_pc,0.2,Transition Climate Risk (EIB),EIB_TR,0.1,UN Multilateral Engagement Score,UN_Index,0.3
RUN2758,Total Emissions,GHG_2024,0.4,Gross National Income per capita,GNI_pc,0.2,Transition Climate Risk (EIB),EIB_TR,0.2,UN Multilateral Engagement Score,UN_Index,0.2
RUN2759,Total Emissions,GHG_2024,0.4,Gross National Income per capita,GNI_pc,0.2,Transition Climate Risk (EIB),EIB_TR,0.3,UN Multilateral Engagement Score,UN_Index,0.1
RUN2760,Total Emissions,GHG_2024,0.4,Gross National Income per capita,GNI_pc,0.3,Transition Climate Risk (EIB),EIB_TR,0.1,UN Multilateral Engagement Score,UN_Index,0.2
RUN2761,Total Emissions,GHG_2024,0.4,Gross National Income per capita,GNI_pc,0.3,Transition Climate Risk (EIB),EIB_TR,0.2,UN Multilateral Engagement Score,UN_Index,0.1
RUN2762,Total Emissions,GHG_2024,0.4,Gross National Income per capita,GNI_pc,0.4,Transition Climate Risk (EIB),EIB_TR,0.1,UN Multilateral Engagement Score,UN_Index,0.1
RUN2763,Total Emissions,GHG_2024,0.5,Gross National Income per capita,GNI_pc,0.1,Transition Climate Risk (EIB),EIB_TR,0.1,UN Multilateral Engagement Score,UN_Index,0.3
RUN2764,Total Emissions,GHG_2024,0.5,Gross National Income per capita,GNI_pc,0.1,Transition Climate Risk (EIB),EIB_TR,0.2,UN Multilateral Engagement Score,UN_Index,0.2
RUN2765,Total Emissions,GHG_2024,0.5,Gross National Income per capita,GNI_pc,0.1,Transition Climate Risk (EIB),EIB_TR,0.3,UN Multilateral Engagement Score,UN_Index,0.1
RUN2766,Total Emissions,GHG_2024,0.5,Gross National Income per capita,GNI_pc,0.2,Transition Climate Risk (EIB),EIB_TR,0.1,UN Multilateral Engagement Score,UN_Index,0.2
RUN2767,Total Emissions,GHG_2024,0.5,Gross National Income per capita,GNI_pc,0.2,Transition Climate Risk (EIB),EIB_TR,0.2,UN Multilateral Engagement Score,UN_Index,0.1
RUN2768,Total Emissions,GHG_2024,0.5,Gross National Income per capita,GNI_pc,0.3,Transition Climate Risk (EIB),EIB_TR,0.1,UN Multilateral Engagement Score,UN_Index,0.1
RUN2769,Total Emissions,GHG_2024,0.6,Gross National Income per capita,GNI_pc,0.1,Transition Climate Risk (EIB),EIB_TR,0.1,UN Multilateral Engagement Score,UN_Index,0.2
RUN2770,Total Emissions,GHG_2024,0.6,Gross National Income per capita,GNI_pc,0.1,Transition Climate Risk (EIB),EIB_TR,0.2,UN Multilateral Engagement Score,UN_Index,0.1
RUN2771,Total Emissions,GHG_2024,0.6,Gross National Income per capita,GNI_pc,0.2,Transition Climate Risk (EIB),EIB_TR,0.1,UN Multilateral Engagement Score,UN_Index,0.1
RUN2772,Total Emissions,GHG_2024,0.7,Gross National Income per capita,GNI_pc,0.1,Transition Climate Risk (EIB),EIB_TR,0.1,UN Multilateral Engagement Score,UN_Index,0.1
RUN2773,Total Emissions,GHG_2024,0.1,Gross National Product per capita,GDP_pc,0.1,Climate Risk and Vulnerability Index,GAIN_CR,0.1,UN Multilateral Engagement Score,UN_Index,0.7
RUN2774,Total Emissions,GHG_2024,0.1,Gross National Product per capita,GDP_pc,0.1,Climate Risk and Vulnerability Index,GAIN_CR,0.2,UN Multilateral Engagement Score,UN_Index,0.6
RUN2775,Total Emissions,GHG_2024,0.1,Gross National Product per capita,GDP_pc,0.1,Climate Risk and Vulnerability Index,GAIN_CR,0.3,UN Multilateral Engagement Score,UN_Index,0.5
RUN2776,Total Emissions,GHG_2024,0.1,Gross National Product per capita,GDP_pc,0.1,Climate Risk and Vulnerability Index,GAIN_CR,0.4,UN Multilateral Engagement Score,UN_Index,0.4
RUN2777,Total Emissions,GHG_2024,0.1,Gross National Product per capita,GDP_pc,0.1,Climate Risk and Vulnerability Index,GAIN_CR,0.5,UN Multilateral Engagement Score,UN_Index,0.3
RUN2778,Total Emissions,GHG_2024,0.1,Gross National Product per capita,GDP_pc,0.1,Climate Risk and Vulnerability Index,GAIN_CR,0.6,UN Multilateral Engagement Score,UN_Index,0.2
RUN2779,Total Emissions,GHG_2024,0.1,Gross National Product per capita,GDP_pc,0.1,Climate Risk and Vulnerability Index,GAIN_CR,0.7,UN Multilateral Engagement Score,UN_Index,0.1
RUN2780,Total Emissions,GHG_2024,0.1,Gross National Product per capita,GDP_pc,0.2,Climate Risk and Vulnerability Index,GAIN_CR,0.1,UN Multilateral Engagement Score,UN_Index,0.6
RUN2781,Total Emissions,GHG_2024,0.1,Gross National Product per capita,GDP_pc,0.2,Climate Risk and Vulnerability Index,GAIN_CR,0.2,UN Multilateral Engagement Score,UN_Index,0.5
RUN2782,Total Emissions,GHG_2024,0.1,Gross National Product per capita,GDP_pc,0.2,Climate Risk and Vulnerability Index,GAIN_CR,0.3,UN Multilateral Engagement Score,UN_Index,0.4
RUN2783,Total Emissions,GHG_2024,0.1,Gross National Product per capita,GDP_pc,0.2,Climate Risk and Vulnerability Index,GAIN_CR,0.4,UN Multilateral Engagement Score,UN_Index,0.3
RUN2784,Total Emissions,GHG_2024,0.1,Gross National Product per capita,GDP_pc,0.2,Climate Risk and Vulnerability Index,GAIN_CR,0.5,UN Multilateral Engagement Score,UN_Index,0.2
RUN2785,Total Emissions,GHG_2024,0.1,Gross National Product per capita,GDP_pc,0.2,Climate Risk and Vulnerability Index,GAIN_CR,0.6,UN Multilateral Engagement Score,UN_Index,0.1
RUN2786,Total Emissions,GHG_2024,0.1,Gross National Product per capita,GDP_pc,0.3,Climate Risk and Vulnerability Index,GAIN_CR,0.1,UN Multilateral Engagement Score,UN_Index,0.5
RUN2787,Total Emissions,GHG_2024,0.1,Gross National Product per capita,GDP_pc,0.3,Climate Risk and Vulnerability Index,GAIN_CR,0.2,UN Multilateral Engagement Score,UN_Index,0.4
RUN2788,Total Emissions,GHG_2024,0.1,Gross National Product per capita,GDP_pc,0.3,Climate Risk and Vulnerability Index,GAIN_CR,0.3,UN Multilateral Engagement Score,UN_Index,0.3
RUN2789,Total Emissions,GHG_2024,0.1,Gross National Product per capita,GDP_pc,0.3,Climate Risk and Vulnerability Index,GAIN_CR,0.4,UN Multilateral Engagement Score,UN_Index,0.2
RUN2790,Total Emissions,GHG_2024,0.1,Gross National Product per capita,GDP_pc,0.3,Climate Risk and Vulnerability Index,GAIN_CR,0.5,UN Multilateral Engagement Score,UN_Index,0.1
RUN2791,Total Emissions,GHG_2024,0.1,Gross National Product per capita,GDP_pc,0.4,Climate Risk and Vulnerability Index,GAIN_CR,0.1,UN Multilateral Engagement Score,UN_Index,0.4
RUN2792,Total Emissions,GHG_2024,0.1,Gross National Product per capita,GDP_pc,0.4,Climate Risk and Vulnerability Index,GAIN_CR,0.2,UN Multilateral Engagement Score,UN_Index,0.3
RUN2793,Total Emissions,GHG_2024,0.1,Gross National Product per capita,GDP_pc,0.4,Climate Risk and Vulnerability Index,GAIN_CR,0.3,UN Multilateral Engagement Score,UN_Index,0.2
RUN2794,Total Emissions,GHG_2024,0.1,Gross National Product per capita,GDP_pc,0.4,Climate Risk and Vulnerability Index,GAIN_CR,0.4,UN Multilateral Engagement Score,UN_Index,0.1
RUN2795,Total Emissions,GHG_2024,0.1,Gross National Product per capita,GDP_pc,0.5,Climate Risk and Vulnerability Index,GAIN_CR,0.1,UN Multilateral Engagement Score,UN_Index,0.3
RUN2796,Total Emissions,GHG_2024,0.1,Gross National Product per capita,GDP_pc,0.5,Climate Risk and Vulnerability Index,GAIN_CR,0.2,UN Multilateral Engagement Score,UN_Index,0.2
RUN2797,Total Emissions,GHG_2024,0.1,Gross National Product per capita,GDP_pc,0.5,Climate Risk and Vulnerability Index,GAIN_CR,0.3,UN Multilateral Engagement Score,UN_Index,0.1
RUN2798,Total Emissions,GHG_2024,0.1,Gross National Product per capita,GDP_pc,0.6,Climate Risk and Vulnerability Index,GAIN_CR,0.1,UN Multilateral Engagement Score,UN_Index,0.2
RUN2799,Total Emissions,GHG_2024,0.1,Gross National Product per capita,GDP_pc,0.6,Climate Risk and Vulnerability Index,GAIN_CR,0.2,UN Multilateral Engagement Score,UN_Index,0.1
RUN2800,Total Emissions,GHG_2024,0.1,Gross National Product per capita,GDP_pc,0.7,Climate Risk and Vulnerability Index,GAIN_CR,0.1,UN Multilateral Engagement Score,UN_Index,0.1
RUN2801,Total Emissions,GHG_2024,0.2,Gross National Product per capita,GDP_pc,0.1,Climate Risk and Vulnerability Index,GAIN_CR,0.1,UN Multilateral Engagement Score,UN_Index,0.6
RUN2802,Total Emissions,GHG_2024,0.2,Gross National Product per capita,GDP_pc,0.1,Climate Risk and Vulnerability Index,GAIN_CR,0.2,UN Multilateral Engagement Score,UN_Index,0.5
RUN2803,Total Emissions,GHG_2024,0.2,Gross National Product per capita,GDP_pc,0.1,Climate Risk and Vulnerability Index,GAIN_CR,0.3,UN Multilateral Engagement Score,UN_Index,0.4
RUN2804,Total Emissions,GHG_2024,0.2,Gross National Product per capita,GDP_pc,0.1,Climate Risk and Vulnerability Index,GAIN_CR,0.4,UN Multilateral Engagement Score,UN_Index,0.3
RUN2805,Total Emissions,GHG_2024,0.2,Gross National Product per capita,GDP_pc,0.1,Climate Risk and Vulnerability Index,GAIN_CR,0.5,UN Multilateral Engagement Score,UN_Index,0.2
RUN2806,Total Emissions,GHG_2024,0.2,Gross National Product per capita,GDP_pc,0.1,Climate Risk and Vulnerability Index,GAIN_CR,0.6,UN Multilateral Engagement Score,UN_Index,0.1
RUN2807,Total Emissions,GHG_2024,0.2,Gross National Product per capita,GDP_pc,0.2,Climate Risk and Vulnerability Index,GAIN_CR,0.1,UN Multilateral Engagement Score,UN_Index,0.5
RUN2808,Total Emissions,GHG_2024,0.2,Gross National Product per capita,GDP_pc,0.2,Climate Risk and Vulnerability Index,GAIN_CR,0.2,UN Multilateral Engagement Score,UN_Index,0.4
RUN2809,Total Emissions,GHG_2024,0.2,Gross National Product per capita,GDP_pc,0.2,Climate Risk and Vulnerability Index,GAIN_CR,0.3,UN Multilateral Engagement Score,UN_Index,0.3
RUN2810,Total Emissions,GHG_2024,0.2,Gross National Product per capita,GDP_pc,0.2,Climate Risk and Vulnerability Index,GAIN_CR,0.4,UN Multilateral Engagement Score,UN_Index,0.2
RUN2811,Total Emissions,GHG_2024,0.2,Gross National Product per capita,GDP_pc,0.2,Climate Risk and Vulnerability Index,GAIN_CR,0.5,UN Multilateral Engagement Score,UN_Index,0.1
RUN2812,Total Emissions,GHG_2024,0.2,Gross National Product per capita,GDP_pc,0.3,Climate Risk and Vulnerability Index,GAIN_CR,0.1,UN Multilateral Engagement Score,UN_Index,0.4
RUN2813,Total Emissions,GHG_2024,0.2,Gross National Product per capita,GDP_pc,0.3,Climate Risk and Vulnerability Index,GAIN_CR,0.2,UN Multilateral Engagement Score,UN_Index,0.3
RUN2814,Total Emissions,GHG_2024,0.2,Gross National Product per capita,GDP_pc,0.3,Climate Risk and Vulnerability Index,GAIN_CR,0.3,UN Multilateral Engagement Score,UN_Index,0.2
RUN2815,Total Emissions,GHG_2024,0.2,Gross National Product per capita,GDP_pc,0.3,Climate Risk and Vulnerability Index,GAIN_CR,0.4,UN Multilateral Engagement Score,UN_Index,0.1
RUN2816,Total Emissions,GHG_2024,0.2,Gross National Product per capita,GDP_pc,0.4,Climate Risk and Vulnerability Index,GAIN_CR,0.1,UN Multilateral Engagement Score,UN_Index,0.3
RUN2817,Total Emissions,GHG_2024,0.2,Gross National Product per capita,GDP_pc,0.4,Climate Risk and Vulnerability Index,GAIN_CR,0.2,UN Multilateral Engagement Score,UN_Index,0.2
RUN2818,Total Emissions,GHG_2024,0.2,Gross National Product per capita,GDP_pc,0.4,Climate Risk and Vulnerability Index,GAIN_CR,0.3,UN Multilateral Engagement Score,UN_Index,0.1
RUN2819,Total Emissions,GHG_2024,0.2,Gross National Product per capita,GDP_pc,0.5,Climate Risk and Vulnerability Index,GAIN_CR,0.1,UN Multilateral Engagement Score,UN_Index,0.2
RUN2820,Total Emissions,GHG_2024,0.2,Gross National Product per capita,GDP_pc,0.5,Climate Risk and Vulnerability Index,GAIN_CR,0.2,UN Multilateral Engagement Score,UN_Index,0.1
RUN2821,Total Emissions,GHG_2024,0.2,Gross National Product per capita,GDP_pc,0.6,Climate Risk and Vulnerability Index,GAIN_CR,0.1,UN Multilateral Engagement Score,UN_Index,0.1
RUN2822,Total Emissions,GHG_2024,0.3,Gross National Product per capita,GDP_pc,0.1,Climate Risk and Vulnerability Index,GAIN_CR,0.1,UN Multilateral Engagement Score,UN_Index,0.5
RUN2823,Total Emissions,GHG_2024,0.3,Gross National Product per capita,GDP_pc,0.1,Climate Risk and Vulnerability Index,GAIN_CR,0.2,UN Multilateral Engagement Score,UN_Index,0.4
RUN2824,Total Emissions,GHG_2024,0.3,Gross National Product per capita,GDP_pc,0.1,Climate Risk and Vulnerability Index,GAIN_CR,0.3,UN Multilateral Engagement Score,UN_Index,0.3
RUN2825,Total Emissions,GHG_2024,0.3,Gross National Product per capita,GDP_pc,0.1,Climate Risk and Vulnerability Index,GAIN_CR,0.4,UN Multilateral Engagement Score,UN_Index,0.2
RUN2826,Total Emissions,GHG_2024,0.3,Gross National Product per capita,GDP_pc,0.1,Climate Risk and Vulnerability Index,GAIN_CR,0.5,UN Multilateral Engagement Score,UN_Index,0.1
RUN2827,Total Emissions,GHG_2024,0.3,Gross National Product per capita,GDP_pc,0.2,Climate Risk and Vulnerability Index,GAIN_CR,0.1,UN Multilateral Engagement Score,UN_Index,0.4
RUN2828,Total Emissions,GHG_2024,0.3,Gross National Product per capita,GDP_pc,0.2,Climate Risk and Vulnerability Index,GAIN_CR,0.2,UN Multilateral Engagement Score,UN_Index,0.3
RUN2829,Total Emissions,GHG_2024,0.3,Gross National Product per capita,GDP_pc,0.2,Climate Risk and Vulnerability Index,GAIN_CR,0.3,UN Multilateral Engagement Score,UN_Index,0.2
RUN2830,Total Emissions,GHG_2024,0.3,Gross National Product per capita,GDP_pc,0.2,Climate Risk and Vulnerability Index,GAIN_CR,0.4,UN Multilateral Engagement Score,UN_Index,0.1
RUN2831,Total Emissions,GHG_2024,0.3,Gross National Product per capita,GDP_pc,0.3,Climate Risk and Vulnerability Index,GAIN_CR,0.1,UN Multilateral Engagement Score,UN_Index,0.3
RUN2832,Total Emissions,GHG_2024,0.3,Gross National Product per capita,GDP_pc,0.3,Climate Risk and Vulnerability Index,GAIN_CR,0.2,UN Multilateral Engagement Score,UN_Index,0.2
RUN2833,Total Emissions,GHG_2024,0.3,Gross National Product per capita,GDP_pc,0.3,Climate Risk and Vulnerability Index,GAIN_CR,0.3,UN Multilateral Engagement Score,UN_Index,0.1
RUN2834,Total Emissions,GHG_2024,0.3,Gross National Product per capita,GDP_pc,0.4,Climate Risk and Vulnerability Index,GAIN_CR,0.1,UN Multilateral Engagement Score,UN_Index,0.2
RUN2835,Total Emissions,GHG_2024,0.3,Gross National Product per capita,GDP_pc,0.4,Climate Risk and Vulnerability Index,GAIN_CR,0.2,UN Multilateral Engagement Score,UN_Index,0.1
RUN2836,Total Emissions,GHG_2024,0.3,Gross National Product per capita,GDP_pc,0.5,Climate Risk and Vulnerability Index,GAIN_CR,0.1,UN Multilateral Engagement Score,UN_Index,0.1
RUN2837,Total Emissions,GHG_2024,0.4,Gross National Product per capita,GDP_pc,0.1,Climate Risk and Vulnerability Index,GAIN_CR,0.1,UN Multilateral Engagement Score,UN_Index,0.4
RUN2838,Total Emissions,GHG_2024,0.4,Gross National Product per capita,GDP_pc,0.1,Climate Risk and Vulnerability Index,GAIN_CR,0.2,UN Multilateral Engagement Score,UN_Index,0.3
RUN2839,Total Emissions,GHG_2024,0.4,Gross National Product per capita,GDP_pc,0.1,Climate Risk and Vulnerability Index,GAIN_CR,0.3,UN Multilateral Engagement Score,UN_Index,0.2
RUN2840,Total Emissions,GHG_2024,0.4,Gross National Product per capita,GDP_pc,0.1,Climate Risk and Vulnerability Index,GAIN_CR,0.4,UN Multilateral Engagement Score,UN_Index,0.1
RUN2841,Total Emissions,GHG_2024,0.4,Gross National Product per capita,GDP_pc,0.2,Climate Risk and Vulnerability Index,GAIN_CR,0.1,UN Multilateral Engagement Score,UN_Index,0.3
RUN2842,Total Emissions,GHG_2024,0.4,Gross National Product per capita,GDP_pc,0.2,Climate Risk and Vulnerability Index,GAIN_CR,0.2,UN Multilateral Engagement Score,UN_Index,0.2
RUN2843,Total Emissions,GHG_2024,0.4,Gross National Product per capita,GDP_pc,0.2,Climate Risk and Vulnerability Index,GAIN_CR,0.3,UN Multilateral Engagement Score,UN_Index,0.1
RUN2844,Total Emissions,GHG_2024,0.4,Gross National Product per capita,GDP_pc,0.3,Climate Risk and Vulnerability Index,GAIN_CR,0.1,UN Multilateral Engagement Score,UN_Index,0.2
RUN2845,Total Emissions,GHG_2024,0.4,Gross National Product per capita,GDP_pc,0.3,Climate Risk and Vulnerability Index,GAIN_CR,0.2,UN Multilateral Engagement Score,UN_Index,0.1
RUN2846,Total Emissions,GHG_2024,0.4,Gross National Product per capita,GDP_pc,0.4,Climate Risk and Vulnerability Index,GAIN_CR,0.1,UN Multilateral Engagement Score,UN_Index,0.1
RUN2847,Total Emissions,GHG_2024,0.5,Gross National Product per capita,GDP_pc,0.1,Climate Risk and Vulnerability Index,GAIN_CR,0.1,UN Multilateral Engagement Score,UN_Index,0.3
RUN2848,Total Emissions,GHG_2024,0.5,Gross National Product per capita,GDP_pc,0.1,Climate Risk and Vulnerability Index,GAIN_CR,0.2,UN Multilateral Engagement Score,UN_Index,0.2
RUN2849,Total Emissions,GHG_2024,0.5,Gross National Product per capita,GDP_pc,0.1,Climate Risk and Vulnerability Index,GAIN_CR,0.3,UN Multilateral Engagement Score,UN_Index,0.1
RUN2850,Total Emissions,GHG_2024,0.5,Gross National Product per capita,GDP_pc,0.2,Climate Risk and Vulnerability Index,GAIN_CR,0.1,UN Multilateral Engagement Score,UN_Index,0.2
RUN2851,Total Emissions,GHG_2024,0.5,Gross National Product per capita,GDP_pc,0.2,Climate Risk and Vulnerability Index,GAIN_CR,0.2,UN Multilateral Engagement Score,UN_Index,0.1
RUN2852,Total Emissions,GHG_2024,0.5,Gross National Product per capita,GDP_pc,0.3,Climate Risk and Vulnerability Index,GAIN_CR,0.1,UN Multilateral Engagement Score,UN_Index,0.1
RUN2853,Total Emissions,GHG_2024,0.6,Gross National Product per capita,GDP_pc,0.1,Climate Risk and Vulnerability Index,GAIN_CR,0.1,UN Multilateral Engagement Score,UN_Index,0.2
RUN2854,Total Emissions,GHG_2024,0.6,Gross National Product per capita,GDP_pc,0.1,Climate Risk and Vulnerability Index,GAIN_CR,0.2,UN Multilateral Engagement Score,UN_Index,0.1
RUN2855,Total Emissions,GHG_2024,0.6,Gross National Product per capita,GDP_pc,0.2,Climate Risk and Vulnerability Index,GAIN_CR,0.1,UN Multilateral Engagement Score,UN_Index,0.1
RUN2856,Total Emissions,GHG_2024,0.7,Gross National Product per capita,GDP_pc,0.1,Climate Risk and Vulnerability Index,GAIN_CR,0.1,UN Multilateral Engagement Score,UN_Index,0.1
RUN2857,Total Emissions,GHG_2024,0.1,Gross National Product per capita,GDP_pc,0.1,Physical Climate Risk (EIB),EIB_PR,0.1,UN Multilateral Engagement Score,UN_Index,0.7
RUN2858,Total Emissions,GHG_2024,0.1,Gross National Product per capita,GDP_pc,0.1,Physical Climate Risk (EIB),EIB_PR,0.2,UN Multilateral Engagement Score,UN_Index,0.6
RUN2859,Total Emissions,GHG_2024,0.1,Gross National Product per capita,GDP_pc,0.1,Physical Climate Risk (EIB),EIB_PR,0.3,UN Multilateral Engagement Score,UN_Index,0.5
RUN2860,Total Emissions,GHG_2024,0.1,Gross National Product per capita,GDP_pc,0.1,Physical Climate Risk (EIB),EIB_PR,0.4,UN Multilateral Engagement Score,UN_Index,0.4
RUN2861,Total Emissions,GHG_2024,0.1,Gross National Product per capita,GDP_pc,0.1,Physical Climate Risk (EIB),EIB_PR,0.5,UN Multilateral Engagement Score,UN_Index,0.3
RUN2862,Total Emissions,GHG_2024,0.1,Gross National Product per capita,GDP_pc,0.1,Physical Climate Risk (EIB),EIB_PR,0.6,UN Multilateral Engagement Score,UN_Index,0.2
RUN2863,Total Emissions,GHG_2024,0.1,Gross National Product per capita,GDP_pc,0.1,Physical Climate Risk (EIB),EIB_PR,0.7,UN Multilateral Engagement Score,UN_Index,0.1
RUN2864,Total Emissions,GHG_2024,0.1,Gross National Product per capita,GDP_pc,0.2,Physical Climate Risk (EIB),EIB_PR,0.1,UN Multilateral Engagement Score,UN_Index,0.6
RUN2865,Total Emissions,GHG_2024,0.1,Gross National Product per capita,GDP_pc,0.2,Physical Climate Risk (EIB),EIB_PR,0.2,UN Multilateral Engagement Score,UN_Index,0.5
RUN2866,Total Emissions,GHG_2024,0.1,Gross National Product per capita,GDP_pc,0.2,Physical Climate Risk (EIB),EIB_PR,0.3,UN Multilateral Engagement Score,UN_Index,0.4
RUN2867,Total Emissions,GHG_2024,0.1,Gross National Product per capita,GDP_pc,0.2,Physical Climate Risk (EIB),EIB_PR,0.4,UN Multilateral Engagement Score,UN_Index,0.3
RUN2868,Total Emissions,GHG_2024,0.1,Gross National Product per capita,GDP_pc,0.2,Physical Climate Risk (EIB),EIB_PR,0.5,UN Multilateral Engagement Score,UN_Index,0.2
RUN2869,Total Emissions,GHG_2024,0.1,Gross National Product per capita,GDP_pc,0.2,Physical Climate Risk (EIB),EIB_PR,0.6,UN Multilateral Engagement Score,UN_Index,0.1
RUN2870,Total Emissions,GHG_2024,0.1,Gross National Product per capita,GDP_pc,0.3,Physical Climate Risk (EIB),EIB_PR,0.1,UN Multilateral Engagement Score,UN_Index,0.5
RUN2871,Total Emissions,GHG_2024,0.1,Gross National Product per capita,GDP_pc,0.3,Physical Climate Risk (EIB),EIB_PR,0.2,UN Multilateral Engagement Score,UN_Index,0.4
RUN2872,Total Emissions,GHG_2024,0.1,Gross National Product per capita,GDP_pc,0.3,Physical Climate Risk (EIB),EIB_PR,0.3,UN Multilateral Engagement Score,UN_Index,0.3
RUN2873,Total Emissions,GHG_2024,0.1,Gross National Product per capita,GDP_pc,0.3,Physical Climate Risk (EIB),EIB_PR,0.4,UN Multilateral Engagement Score,UN_Index,0.2
RUN2874,Total Emissions,GHG_2024,0.1,Gross National Product per capita,GDP_pc,0.3,Physical Climate Risk (EIB),EIB_PR,0.5,UN Multilateral Engagement Score,UN_Index,0.1
RUN2875,Total Emissions,GHG_2024,0.1,Gross National Product per capita,GDP_pc,0.4,Physical Climate Risk (EIB),EIB_PR,0.1,UN Multilateral Engagement Score,UN_Index,0.4
RUN2876,Total Emissions,GHG_2024,0.1,Gross National Product per capita,GDP_pc,0.4,Physical Climate Risk (EIB),EIB_PR,0.2,UN Multilateral Engagement Score,UN_Index,0.3
RUN2877,Total Emissions,GHG_2024,0.1,Gross National Product per capita,GDP_pc,0.4,Physical Climate Risk (EIB),EIB_PR,0.3,UN Multilateral Engagement Score,UN_Index,0.2
RUN2878,Total Emissions,GHG_2024,0.1,Gross National Product per capita,GDP_pc,0.4,Physical Climate Risk (EIB),EIB_PR,0.4,UN Multilateral Engagement Score,UN_Index,0.1
RUN2879,Total Emissions,GHG_2024,0.1,Gross National Product per capita,GDP_pc,0.5,Physical Climate Risk (EIB),EIB_PR,0.1,UN Multilateral Engagement Score,UN_Index,0.3
RUN2880,Total Emissions,GHG_2024,0.1,Gross National Product per capita,GDP_pc,0.5,Physical Climate Risk (EIB),EIB_PR,0.2,UN Multilateral Engagement Score,UN_Index,0.2
RUN2881,Total Emissions,GHG_2024,0.1,Gross National Product per capita,GDP_pc,0.5,Physical Climate Risk (EIB),EIB_PR,0.3,UN Multilateral Engagement Score,UN_Index,0.1
RUN2882,Total Emissions,GHG_2024,0.1,Gross National Product per capita,GDP_pc,0.6,Physical Climate Risk (EIB),EIB_PR,0.1,UN Multilateral Engagement Score,UN_Index,0.2
RUN2883,Total Emissions,GHG_2024,0.1,Gross National Product per capita,GDP_pc,0.6,Physical Climate Risk (EIB),EIB_PR,0.2,UN Multilateral Engagement Score,UN_Index,0.1
RUN2884,Total Emissions,GHG_2024,0.1,Gross National Product per capita,GDP_pc,0.7,Physical Climate Risk (EIB),EIB_PR,0.1,UN Multilateral Engagement Score,UN_Index,0.1
RUN2885,Total Emissions,GHG_2024,0.2,Gross National Product per capita,GDP_pc,0.1,Physical Climate Risk (EIB),EIB_PR,0.1,UN Multilateral Engagement Score,UN_Index,0.6
RUN2886,Total Emissions,GHG_2024,0.2,Gross National Product per capita,GDP_pc,0.1,Physical Climate Risk (EIB),EIB_PR,0.2,UN Multilateral Engagement Score,UN_Index,0.5
RUN2887,Total Emissions,GHG_2024,0.2,Gross National Product per capita,GDP_pc,0.1,Physical Climate Risk (EIB),EIB_PR,0.3,UN Multilateral Engagement Score,UN_Index,0.4
RUN2888,Total Emissions,GHG_2024,0.2,Gross National Product per capita,GDP_pc,0.1,Physical Climate Risk (EIB),EIB_PR,0.4,UN Multilateral Engagement Score,UN_Index,0.3
RUN2889,Total Emissions,GHG_2024,0.2,Gross National Product per capita,GDP_pc,0.1,Physical Climate Risk (EIB),EIB_PR,0.5,UN Multilateral Engagement Score,UN_Index,0.2
RUN2890,Total Emissions,GHG_2024,0.2,Gross National Product per capita,GDP_pc,0.1,Physical Climate Risk (EIB),EIB_PR,0.6,UN Multilateral Engagement Score,UN_Index,0.1
RUN2891,Total Emissions,GHG_2024,0.2,Gross National Product per capita,GDP_pc,0.2,Physical Climate Risk (EIB),EIB_PR,0.1,UN Multilateral Engagement Score,UN_Index,0.5
RUN2892,Total Emissions,GHG_2024,0.2,Gross National Product per capita,GDP_pc,0.2,Physical Climate Risk (EIB),EIB_PR,0.2,UN Multilateral Engagement Score,UN_Index,0.4
RUN2893,Total Emissions,GHG_2024,0.2,Gross National Product per capita,GDP_pc,0.2,Physical Climate Risk (EIB),EIB_PR,0.3,UN Multilateral Engagement Score,UN_Index,0.3
RUN2894,Total Emissions,GHG_2024,0.2,Gross National Product per capita,GDP_pc,0.2,Physical Climate Risk (EIB),EIB_PR,0.4,UN Multilateral Engagement Score,UN_Index,0.2
RUN2895,Total Emissions,GHG_2024,0.2,Gross National Product per capita,GDP_pc,0.2,Physical Climate Risk (EIB),EIB_PR,0.5,UN Multilateral Engagement Score,UN_Index,0.1
RUN2896,Total Emissions,GHG_2024,0.2,Gross National Product per capita,GDP_pc,0.3,Physical Climate Risk (EIB),EIB_PR,0.1,UN Multilateral Engagement Score,UN_Index,0.4
RUN2897,Total Emissions,GHG_2024,0.2,Gross National Product per capita,GDP_pc,0.3,Physical Climate Risk (EIB),EIB_PR,0.2,UN Multilateral Engagement Score,UN_Index,0.3
RUN2898,Total Emissions,GHG_2024,0.2,Gross National Product per capita,GDP_pc,0.3,Physical Climate Risk (EIB),EIB_PR,0.3,UN Multilateral Engagement Score,UN_Index,0.2
RUN2899,Total Emissions,GHG_2024,0.2,Gross National Product per capita,GDP_pc,0.3,Physical Climate Risk (EIB),EIB_PR,0.4,UN Multilateral Engagement Score,UN_Index,0.1
RUN2900,Total Emissions,GHG_2024,0.2,Gross National Product per capita,GDP_pc,0.4,Physical Climate Risk (EIB),EIB_PR,0.1,UN Multilateral Engagement Score,UN_Index,0.3
RUN2901,Total Emissions,GHG_2024,0.2,Gross National Product per capita,GDP_pc,0.4,Physical Climate Risk (EIB),EIB_PR,0.2,UN Multilateral Engagement Score,UN_Index,0.2
RUN2902,Total Emissions,GHG_2024,0.2,Gross National Product per capita,GDP_pc,0.4,Physical Climate Risk (EIB),EIB_PR,0.3,UN Multilateral Engagement Score,UN_Index,0.1
RUN2903,Total Emissions,GHG_2024,0.2,Gross National Product per capita,GDP_pc,0.5,Physical Climate Risk (EIB),EIB_PR,0.1,UN Multilateral Engagement Score,UN_Index,0.2
RUN2904,Total Emissions,GHG_2024,0.2,Gross National Product per capita,GDP_pc,0.5,Physical Climate Risk (EIB),EIB_PR,0.2,UN Multilateral Engagement Score,UN_Index,0.1
RUN2905,Total Emissions,GHG_2024,0.2,Gross National Product per capita,GDP_pc,0.6,Physical Climate Risk (EIB),EIB_PR,0.1,UN Multilateral Engagement Score,UN_Index,0.1
RUN2906,Total Emissions,GHG_2024,0.3,Gross National Product per capita,GDP_pc,0.1,Physical Climate Risk (EIB),EIB_PR,0.1,UN Multilateral Engagement Score,UN_Index,0.5
RUN2907,Total Emissions,GHG_2024,0.3,Gross National Product per capita,GDP_pc,0.1,Physical Climate Risk (EIB),EIB_PR,0.2,UN Multilateral Engagement Score,UN_Index,0.4
RUN2908,Total Emissions,GHG_2024,0.3,Gross National Product per capita,GDP_pc,0.1,Physical Climate Risk (EIB),EIB_PR,0.3,UN Multilateral Engagement Score,UN_Index,0.3
RUN2909,Total Emissions,GHG_2024,0.3,Gross National Product per capita,GDP_pc,0.1,Physical Climate Risk (EIB),EIB_PR,0.4,UN Multilateral Engagement Score,UN_Index,0.2
RUN2910,Total Emissions,GHG_2024,0.3,Gross National Product per capita,GDP_pc,0.1,Physical Climate Risk (EIB),EIB_PR,0.5,UN Multilateral Engagement Score,UN_Index,0.1
RUN2911,Total Emissions,GHG_2024,0.3,Gross National Product per capita,GDP_pc,0.2,Physical Climate Risk (EIB),EIB_PR,0.1,UN Multilateral Engagement Score,UN_Index,0.4
RUN2912,Total Emissions,GHG_2024,0.3,Gross National Product per capita,GDP_pc,0.2,Physical Climate Risk (EIB),EIB_PR,0.2,UN Multilateral Engagement Score,UN_Index,0.3
RUN2913,Total Emissions,GHG_2024,0.3,Gross National Product per capita,GDP_pc,0.2,Physical Climate Risk (EIB),EIB_PR,0.3,UN Multilateral Engagement Score,UN_Index,0.2
RUN2914,Total Emissions,GHG_2024,0.3,Gross National Product per capita,GDP_pc,0.2,Physical Climate Risk (EIB),EIB_PR,0.4,UN Multilateral Engagement Score,UN_Index,0.1
RUN2915,Total Emissions,GHG_2024,0.3,Gross National Product per capita,GDP_pc,0.3,Physical Climate Risk (EIB),EIB_PR,0.1,UN Multilateral Engagement Score,UN_Index,0.3
RUN2916,Total Emissions,GHG_2024,0.3,Gross National Product per capita,GDP_pc,0.3,Physical Climate Risk (EIB),EIB_PR,0.2,UN Multilateral Engagement Score,UN_Index,0.2
RUN2917,Total Emissions,GHG_2024,0.3,Gross National Product per capita,GDP_pc,0.3,Physical Climate Risk (EIB),EIB_PR,0.3,UN Multilateral Engagement Score,UN_Index,0.1
RUN2918,Total Emissions,GHG_2024,0.3,Gross National Product per capita,GDP_pc,0.4,Physical Climate Risk (EIB),EIB_PR,0.1,UN Multilateral Engagement Score,UN_Index,0.2
RUN2919,Total Emissions,GHG_2024,0.3,Gross National Product per capita,GDP_pc,0.4,Physical Climate Risk (EIB),EIB_PR,0.2,UN Multilateral Engagement Score,UN_Index,0.1
RUN2920,Total Emissions,GHG_2024,0.3,Gross National Product per capita,GDP_pc,0.5,Physical Climate Risk (EIB),EIB_PR,0.1,UN Multilateral Engagement Score,UN_Index,0.1
RUN2921,Total Emissions,GHG_2024,0.4,Gross National Product per capita,GDP_pc,0.1,Physical Climate Risk (EIB),EIB_PR,0.1,UN Multilateral Engagement Score,UN_Index,0.4
RUN2922,Total Emissions,GHG_2024,0.4,Gross National Product per capita,GDP_pc,0.1,Physical Climate Risk (EIB),EIB_PR,0.2,UN Multilateral Engagement Score,UN_Index,0.3
RUN2923,Total Emissions,GHG_2024,0.4,Gross National Product per capita,GDP_pc,0.1,Physical Climate Risk (EIB),EIB_PR,0.3,UN Multilateral Engagement Score,UN_Index,0.2
RUN2924,Total Emissions,GHG_2024,0.4,Gross National Product per capita,GDP_pc,0.1,Physical Climate Risk (EIB),EIB_PR,0.4,UN Multilateral Engagement Score,UN_Index,0.1
RUN2925,Total Emissions,GHG_2024,0.4,Gross National Product per capita,GDP_pc,0.2,Physical Climate Risk (EIB),EIB_PR,0.1,UN Multilateral Engagement Score,UN_Index,0.3
RUN2926,Total Emissions,GHG_2024,0.4,Gross National Product per capita,GDP_pc,0.2,Physical Climate Risk (EIB),EIB_PR,0.2,UN Multilateral Engagement Score,UN_Index,0.2
RUN2927,Total Emissions,GHG_2024,0.4,Gross National Product per capita,GDP_pc,0.2,Physical Climate Risk (EIB),EIB_PR,0.3,UN Multilateral Engagement Score,UN_Index,0.1
RUN2928,Total Emissions,GHG_2024,0.4,Gross National Product per capita,GDP_pc,0.3,Physical Climate Risk (EIB),EIB_PR,0.1,UN Multilateral Engagement Score,UN_Index,0.2
RUN2929,Total Emissions,GHG_2024,0.4,Gross National Product per capita,GDP_pc,0.3,Physical Climate Risk (EIB),EIB_PR,0.2,UN Multilateral Engagement Score,UN_Index,0.1
RUN2930,Total Emissions,GHG_2024,0.4,Gross National Product per capita,GDP_pc,0.4,Physical Climate Risk (EIB),EIB_PR,0.1,UN Multilateral Engagement Score,UN_Index,0.1
RUN2931,Total Emissions,GHG_2024,0.5,Gross National Product per capita,GDP_pc,0.1,Physical Climate Risk (EIB),EIB_PR,0.1,UN Multilateral Engagement Score,UN_Index,0.3
RUN2932,Total Emissions,GHG_2024,0.5,Gross National Product per capita,GDP_pc,0.1,Physical Climate Risk (EIB),EIB_PR,0.2,UN Multilateral Engagement Score,UN_Index,0.2
RUN2933,Total Emissions,GHG_2024,0.5,Gross National Product per capita,GDP_pc,0.1,Physical Climate Risk (EIB),EIB_PR,0.3,UN Multilateral Engagement Score,UN_Index,0.1
RUN2934,Total Emissions,GHG_2024,0.5,Gross National Product per capita,GDP_pc,0.2,Physical Climate Risk (EIB),EIB_PR,0.1,UN Multilateral Engagement Score,UN_Index,0.2
RUN2935,Total Emissions,GHG_2024,0.5,Gross National Product per capita,GDP_pc,0.2,Physical Climate Risk (EIB),EIB_PR,0.2,UN Multilateral Engagement Score,UN_Index,0.1
RUN2936,Total Emissions,GHG_2024,0.5,Gross National Product per capita,GDP_pc,0.3,Physical Climate Risk (EIB),EIB_PR,0.1,UN Multilateral Engagement Score,UN_Index,0.1
RUN2937,Total Emissions,GHG_2024,0.6,Gross National Product per capita,GDP_pc,0.1,Physical Climate Risk (EIB),EIB_PR,0.1,UN Multilateral Engagement Score,UN_Index,0.2
RUN2938,Total Emissions,GHG_2024,0.6,Gross National Product per capita,GDP_pc,0.1,Physical Climate Risk (EIB),EIB_PR,0.2,UN Multilateral Engagement Score,UN_Index,0.1
RUN2939,Total Emissions,GHG_2024,0.6,Gross National Product per capita,GDP_pc,0.2,Physical Climate Risk (EIB),EIB_PR,0.1,UN Multilateral Engagement Score,UN_Index,0.1
RUN2940,Total Emissions,GHG_2024,0.7,Gross National Product per capita,GDP_pc,0.1,Physical Climate Risk (EIB),EIB_PR,0.1,UN Multilateral Engagement Score,UN_Index,0.1
RUN2941,Total Emissions,GHG_2024,0.1,Gross National Product per capita,GDP_pc,0.1,Transition Climate Risk (EIB),EIB_TR,0.1,UN Multilateral Engagement Score,UN_Index,0.7
RUN2942,Total Emissions,GHG_2024,0.1,Gross National Product per capita,GDP_pc,0.1,Transition Climate Risk (EIB),EIB_TR,0.2,UN Multilateral Engagement Score,UN_Index,0.6
RUN2943,Total Emissions,GHG_2024,0.1,Gross National Product per capita,GDP_pc,0.1,Transition Climate Risk (EIB),EIB_TR,0.3,UN Multilateral Engagement Score,UN_Index,0.5
RUN2944,Total Emissions,GHG_2024,0.1,Gross National Product per capita,GDP_pc,0.1,Transition Climate Risk (EIB),EIB_TR,0.4,UN Multilateral Engagement Score,UN_Index,0.4
RUN2945,Total Emissions,GHG_2024,0.1,Gross National Product per capita,GDP_pc,0.1,Transition Climate Risk (EIB),EIB_TR,0.5,UN Multilateral Engagement Score,UN_Index,0.3
RUN2946,Total Emissions,GHG_2024,0.1,Gross National Product per capita,GDP_pc,0.1,Transition Climate Risk (EIB),EIB_TR,0.6,UN Multilateral Engagement Score,UN_Index,0.2
RUN2947,Total Emissions,GHG_2024,0.1,Gross National Product per capita,GDP_pc,0.1,Transition Climate Risk (EIB),EIB_TR,0.7,UN Multilateral Engagement Score,UN_Index,0.1
RUN2948,Total Emissions,GHG_2024,0.1,Gross National Product per capita,GDP_pc,0.2,Transition Climate Risk (EIB),EIB_TR,0.1,UN Multilateral Engagement Score,UN_Index,0.6
RUN2949,Total Emissions,GHG_2024,0.1,Gross National Product per capita,GDP_pc,0.2,Transition Climate Risk (EIB),EIB_TR,0.2,UN Multilateral Engagement Score,UN_Index,0.5
RUN2950,Total Emissions,GHG_2024,0.1,Gross National Product per capita,GDP_pc,0.2,Transition Climate Risk (EIB),EIB_TR,0.3,UN Multilateral Engagement Score,UN_Index,0.4
RUN2951,Total Emissions,GHG_2024,0.1,Gross National Product per capita,GDP_pc,0.2,Transition Climate Risk (EIB),EIB_TR,0.4,UN Multilateral Engagement Score,UN_Index,0.3
RUN2952,Total Emissions,GHG_2024,0.1,Gross National Product per capita,GDP_pc,0.2,Transition Climate Risk (EIB),EIB_TR,0.5,UN Multilateral Engagement Score,UN_Index,0.2
RUN2953,Total Emissions,GHG_2024,0.1,Gross National Product per capita,GDP_pc,0.2,Transition Climate Risk (EIB),EIB_TR,0.6,UN Multilateral Engagement Score,UN_Index,0.1
RUN2954,Total Emissions,GHG_2024,0.1,Gross National Product per capita,GDP_pc,0.3,Transition Climate Risk (EIB),EIB_TR,0.1,UN Multilateral Engagement Score,UN_Index,0.5
RUN2955,Total Emissions,GHG_2024,0.1,Gross National Product per capita,GDP_pc,0.3,Transition Climate Risk (EIB),EIB_TR,0.2,UN Multilateral Engagement Score,UN_Index,0.4
RUN2956,Total Emissions,GHG_2024,0.1,Gross National Product per capita,GDP_pc,0.3,Transition Climate Risk (EIB),EIB_TR,0.3,UN Multilateral Engagement Score,UN_Index,0.3
RUN2957,Total Emissions,GHG_2024,0.1,Gross National Product per capita,GDP_pc,0.3,Transition Climate Risk (EIB),EIB_TR,0.4,UN Multilateral Engagement Score,UN_Index,0.2
RUN2958,Total Emissions,GHG_2024,0.1,Gross National Product per capita,GDP_pc,0.3,Transition Climate Risk (EIB),EIB_TR,0.5,UN Multilateral Engagement Score,UN_Index,0.1
RUN2959,Total Emissions,GHG_2024,0.1,Gross National Product per capita,GDP_pc,0.4,Transition Climate Risk (EIB),EIB_TR,0.1,UN Multilateral Engagement Score,UN_Index,0.4
RUN2960,Total Emissions,GHG_2024,0.1,Gross National Product per capita,GDP_pc,0.4,Transition Climate Risk (EIB),EIB_TR,0.2,UN Multilateral Engagement Score,UN_Index,0.3
RUN2961,Total Emissions,GHG_2024,0.1,Gross National Product per capita,GDP_pc,0.4,Transition Climate Risk (EIB),EIB_TR,0.3,UN Multilateral Engagement Score,UN_Index,0.2
RUN2962,Total Emissions,GHG_2024,0.1,Gross National Product per capita,GDP_pc,0.4,Transition Climate Risk (EIB),EIB_TR,0.4,UN Multilateral Engagement Score,UN_Index,0.1
RUN2963,Total Emissions,GHG_2024,0.1,Gross National Product per capita,GDP_pc,0.5,Transition Climate Risk (EIB),EIB_TR,0.1,UN Multilateral Engagement Score,UN_Index,0.3
RUN2964,Total Emissions,GHG_2024,0.1,Gross National Product per capita,GDP_pc,0.5,Transition Climate Risk (EIB),EIB_TR,0.2,UN Multilateral Engagement Score,UN_Index,0.2
RUN2965,Total Emissions,GHG_2024,0.1,Gross National Product per capita,GDP_pc,0.5,Transition Climate Risk (EIB),EIB_TR,0.3,UN Multilateral Engagement Score,UN_Index,0.1
RUN2966,Total Emissions,GHG_2024,0.1,Gross National Product per capita,GDP_pc,0.6,Transition Climate Risk (EIB),EIB_TR,0.1,UN Multilateral Engagement Score,UN_Index,0.2
RUN2967,Total Emissions,GHG_2024,0.1,Gross National Product per capita,GDP_pc,0.6,Transition Climate Risk (EIB),EIB_TR,0.2,UN Multilateral Engagement Score,UN_Index,0.1
RUN2968,Total Emissions,GHG_2024,0.1,Gross National Product per capita,GDP_pc,0.7,Transition Climate Risk (EIB),EIB_TR,0.1,UN Multilateral Engagement Score,UN_Index,0.1
RUN2969,Total Emissions,GHG_2024,0.2,Gross National Product per capita,GDP_pc,0.1,Transition Climate Risk (EIB),EIB_TR,0.1,UN Multilateral Engagement Score,UN_Index,0.6
RUN2970,Total Emissions,GHG_2024,0.2,Gross National Product per capita,GDP_pc,0.1,Transition Climate Risk (EIB),EIB_TR,0.2,UN Multilateral Engagement Score,UN_Index,0.5
RUN2971,Total Emissions,GHG_2024,0.2,Gross National Product per capita,GDP_pc,0.1,Transition Climate Risk (EIB),EIB_TR,0.3,UN Multilateral Engagement Score,UN_Index,0.4
RUN2972,Total Emissions,GHG_2024,0.2,Gross National Product per capita,GDP_pc,0.1,Transition Climate Risk (EIB),EIB_TR,0.4,UN Multilateral Engagement Score,UN_Index,0.3
RUN2973,Total Emissions,GHG_2024,0.2,Gross National Product per capita,GDP_pc,0.1,Transition Climate Risk (EIB),EIB_TR,0.5,UN Multilateral Engagement Score,UN_Index,0.2
RUN2974,Total Emissions,GHG_2024,0.2,Gross National Product per capita,GDP_pc,0.1,Transition Climate Risk (EIB),EIB_TR,0.6,UN Multilateral Engagement Score,UN_Index,0.1
RUN2975,Total Emissions,GHG_2024,0.2,Gross National Product per capita,GDP_pc,0.2,Transition Climate Risk (EIB),EIB_TR,0.1,UN Multilateral Engagement Score,UN_Index,0.5
RUN2976,Total Emissions,GHG_2024,0.2,Gross National Product per capita,GDP_pc,0.2,Transition Climate Risk (EIB),EIB_TR,0.2,UN Multilateral Engagement Score,UN_Index,0.4
RUN2977,Total Emissions,GHG_2024,0.2,Gross National Product per capita,GDP_pc,0.2,Transition Climate Risk (EIB),EIB_TR,0.3,UN Multilateral Engagement Score,UN_Index,0.3
RUN2978,Total Emissions,GHG_2024,0.2,Gross National Product per capita,GDP_pc,0.2,Transition Climate Risk (EIB),EIB_TR,0.4,UN Multilateral Engagement Score,UN_Index,0.2
RUN2979,Total Emissions,GHG_2024,0.2,Gross National Product per capita,GDP_pc,0.2,Transition Climate Risk (EIB),EIB_TR,0.5,UN Multilateral Engagement Score,UN_Index,0.1
RUN2980,Total Emissions,GHG_2024,0.2,Gross National Product per capita,GDP_pc,0.3,Transition Climate Risk (EIB),EIB_TR,0.1,UN Multilateral Engagement Score,UN_Index,0.4
RUN2981,Total Emissions,GHG_2024,0.2,Gross National Product per capita,GDP_pc,0.3,Transition Climate Risk (EIB),EIB_TR,0.2,UN Multilateral Engagement Score,UN_Index,0.3
RUN2982,Total Emissions,GHG_2024,0.2,Gross National Product per capita,GDP_pc,0.3,Transition Climate Risk (EIB),EIB_TR,0.3,UN Multilateral Engagement Score,UN_Index,0.2
RUN2983,Total Emissions,GHG_2024,0.2,Gross National Product per capita,GDP_pc,0.3,Transition Climate Risk (EIB),EIB_TR,0.4,UN Multilateral Engagement Score,UN_Index,0.1
RUN2984,Total Emissions,GHG_2024,0.2,Gross National Product per capita,GDP_pc,0.4,Transition Climate Risk (EIB),EIB_TR,0.1,UN Multilateral Engagement Score,UN_Index,0.3
RUN2985,Total Emissions,GHG_2024,0.2,Gross National Product per capita,GDP_pc,0.4,Transition Climate Risk (EIB),EIB_TR,0.2,UN Multilateral Engagement Score,UN_Index,0.2
RUN2986,Total Emissions,GHG_2024,0.2,Gross National Product per capita,GDP_pc,0.4,Transition Climate Risk (EIB),EIB_TR,0.3,UN Multilateral Engagement Score,UN_Index,0.1
RUN2987,Total Emissions,GHG_2024,0.2,Gross National Product per capita,GDP_pc,0.5,Transition Climate Risk (EIB),EIB_TR,0.1,UN Multilateral Engagement Score,UN_Index,0.2
RUN2988,Total Emissions,GHG_2024,0.2,Gross National Product per capita,GDP_pc,0.5,Transition Climate Risk (EIB),EIB_TR,0.2,UN Multilateral Engagement Score,UN_Index,0.1
RUN2989,Total Emissions,GHG_2024,0.2,Gross National Product per capita,GDP_pc,0.6,Transition Climate Risk (EIB),EIB_TR,0.1,UN Multilateral Engagement Score,UN_Index,0.1
RUN2990,Total Emissions,GHG_2024,0.3,Gross National Product per capita,GDP_pc,0.1,Transition Climate Risk (EIB),EIB_TR,0.1,UN Multilateral Engagement Score,UN_Index,0.5
RUN2991,Total Emissions,GHG_2024,0.3,Gross National Product per capita,GDP_pc,0.1,Transition Climate Risk (EIB),EIB_TR,0.2,UN Multilateral Engagement Score,UN_Index,0.4
RUN2992,Total Emissions,GHG_2024,0.3,Gross National Product per capita,GDP_pc,0.1,Transition Climate Risk (EIB),EIB_TR,0.3,UN Multilateral Engagement Score,UN_Index,0.3
RUN2993,Total Emissions,GHG_2024,0.3,Gross National Product per capita,GDP_pc,0.1,Transition Climate Risk (EIB),EIB_TR,0.4,UN Multilateral Engagement Score,UN_Index,0.2
RUN2994,Total Emissions,GHG_2024,0.3,Gross National Product per capita,GDP_pc,0.1,Transition Climate Risk (EIB),EIB_TR,0.5,UN Multilateral Engagement Score,UN_Index,0.1
RUN2995,Total Emissions,GHG_2024,0.3,Gross National Product per capita,GDP_pc,0.2,Transition Climate Risk (EIB),EIB_TR,0.1,UN Multilateral Engagement Score,UN_Index,0.4
RUN2996,Total Emissions,GHG_2024,0.3,Gross National Product per capita,GDP_pc,0.2,Transition Climate Risk (EIB),EIB_TR,0.2,UN Multilateral Engagement Score,UN_Index,0.3
RUN2997,Total Emissions,GHG_2024,0.3,Gross National Product per capita,GDP_pc,0.2,Transition Climate Risk (EIB),EIB_TR,0.3,UN Multilateral Engagement Score,UN_Index,0.2
RUN2998,Total Emissions,GHG_2024,0.3,Gross National Product per capita,GDP_pc,0.2,Transition Climate Risk (EIB),EIB_TR,0.4,UN Multilateral Engagement Score,UN_Index,0.1
RUN2999,Total Emissions,GHG_2024,0.3,Gross National Product per capita,GDP_pc,0.3,Transition Climate Risk (EIB),EIB_TR,0.1,UN Multilateral Engagement Score,UN_Index,0.3
RUN3000,Total Emissions,GHG_2024,0.3,Gross National Product per capita,GDP_pc,0.3,Transition Climate Risk (EIB),EIB_TR,0.2,UN Multilateral Engagement Score,UN_Index,0.2
RUN3001,Total Emissions,GHG_2024,0.3,Gross National Product per capita,GDP_pc,0.3,Transition Climate Risk (EIB),EIB_TR,0.3,UN Multilateral Engagement Score,UN_Index,0.1
RUN3002,Total Emissions,GHG_2024,0.3,Gross National Product per capita,GDP_pc,0.4,Transition Climate Risk (EIB),EIB_TR,0.1,UN Multilateral Engagement Score,UN_Index,0.2
RUN3003,Total Emissions,GHG_2024,0.3,Gross National Product per capita,GDP_pc,0.4,Transition Climate Risk (EIB),EIB_TR,0.2,UN Multilateral Engagement Score,UN_Index,0.1
RUN3004,Total Emissions,GHG_2024,0.3,Gross National Product per capita,GDP_pc,0.5,Transition Climate Risk (EIB),EIB_TR,0.1,UN Multilateral Engagement Score,UN_Index,0.1
RUN3005,Total Emissions,GHG_2024,0.4,Gross National Product per capita,GDP_pc,0.1,Transition Climate Risk (EIB),EIB_TR,0.1,UN Multilateral Engagement Score,UN_Index,0.4
RUN3006,Total Emissions,GHG_2024,0.4,Gross National Product per capita,GDP_pc,0.1,Transition Climate Risk (EIB),EIB_TR,0.2,UN Multilateral Engagement Score,UN_Index,0.3
RUN3007,Total Emissions,GHG_2024,0.4,Gross National Product per capita,GDP_pc,0.1,Transition Climate Risk (EIB),EIB_TR,0.3,UN Multilateral Engagement Score,UN_Index,0.2
RUN3008,Total Emissions,GHG_2024,0.4,Gross National Product per capita,GDP_pc,0.1,Transition Climate Risk (EIB),EIB_TR,0.4,UN Multilateral Engagement Score,UN_Index,0.1
RUN3009,Total Emissions,GHG_2024,0.4,Gross National Product per capita,GDP_pc,0.2,Transition Climate Risk (EIB),EIB_TR,0.1,UN Multilateral Engagement Score,UN_Index,0.3
RUN3010,Total Emissions,GHG_2024,0.4,Gross National Product per capita,GDP_pc,0.2,Transition Climate Risk (EIB),EIB_TR,0.2,UN Multilateral Engagement Score,UN_Index,0.2
RUN3011,Total Emissions,GHG_2024,0.4,Gross National Product per capita,GDP_pc,0.2,Transition Climate Risk (EIB),EIB_TR,0.3,UN Multilateral Engagement Score,UN_Index,0.1
RUN3012,Total Emissions,GHG_2024,0.4,Gross National Product per capita,GDP_pc,0.3,Transition Climate Risk (EIB),EIB_TR,0.1,UN Multilateral Engagement Score,UN_Index,0.2
RUN3013,Total Emissions,GHG_2024,0.4,Gross National Product per capita,GDP_pc,0.3,Transition Climate Risk (EIB),EIB_TR,0.2,UN Multilateral Engagement Score,UN_Index,0.1
RUN3014,Total Emissions,GHG_2024,0.4,Gross National Product per capita,GDP_pc,0.4,Transition Climate Risk (EIB),EIB_TR,0.1,UN Multilateral Engagement Score,UN_Index,0.1
RUN3015,Total Emissions,GHG_2024,0.5,Gross National Product per capita,GDP_pc,0.1,Transition Climate Risk (EIB),EIB_TR,0.1,UN Multilateral Engagement Score,UN_Index,0.3
RUN3016,Total Emissions,GHG_2024,0.5,Gross National Product per capita,GDP_pc,0.1,Transition Climate Risk (EIB),EIB_TR,0.2,UN Multilateral Engagement Score,UN_Index,0.2
RUN3017,Total Emissions,GHG_2024,0.5,Gross National Product per capita,GDP_pc,0.1,Transition Climate Risk (EIB),EIB_TR,0.3,UN Multilateral Engagement Score,UN_Index,0.1
RUN3018,Total Emissions,GHG_2024,0.5,Gross National Product per capita,GDP_pc,0.2,Transition Climate Risk (EIB),EIB_TR,0.1,UN Multilateral Engagement Score,UN_Index,0.2
RUN3019,Total Emissions,GHG_2024,0.5,Gross National Product per capita,GDP_pc,0.2,Transition Climate Risk (EIB),EIB_TR,0.2,UN Multilateral Engagement Score,UN_Index,0.1
RUN3020,Total Emissions,GHG_2024,0.5,Gross National Product per capita,GDP_pc,0.3,Transition Climate Risk (EIB),EIB_TR,0.1,UN Multilateral Engagement Score,UN_Index,0.1
RUN3021,Total Emissions,GHG_2024,0.6,Gross National Product per capita,GDP_pc,0.1,Transition Climate Risk (EIB),EIB_TR,0.1,UN Multilateral Engagement Score,UN_Index,0.2
RUN3022,Total Emissions,GHG_2024,0.6,Gross National Product per capita,GDP_pc,0.1,Transition Climate Risk (EIB),EIB_TR,0.2,UN Multilateral Engagement Score,UN_Index,0.1
RUN3023,Total Emissions,GHG_2024,0.6,Gross National Product per capita,GDP_pc,0.2,Transition Climate Risk (EIB),EIB_TR,0.1,UN Multilateral Engagement Score,UN_Index,0.1
RUN3024,Total Emissions,GHG_2024,0.7,Gross National Product per capita,GDP_pc,0.1,Transition Climate Risk (EIB),EIB_TR,0.1,UN Multilateral Engagement Score,UN_Index,0.1
RUN3025,Cumulative Emissions per capita,GHG_pc_2024,0.1,Gross National Income,GNI,0.1,Climate Risk and Vulnerability Index,GAIN_CR,0.1,UN Multilateral Engagement Score,UN_Index,0.7
RUN3026,Cumulative Emissions per capita,GHG_pc_2024,0.1,Gross National Income,GNI,0.1,Climate Risk and Vulnerability Index,GAIN_CR,0.2,UN Multilateral Engagement Score,UN_Index,0.6
RUN3027,Cumulative Emissions per capita,GHG_pc_2024,0.1,Gross National Income,GNI,0.1,Climate Risk and Vulnerability Index,GAIN_CR,0.3,UN Multilateral Engagement Score,UN_Index,0.5
RUN3028,Cumulative Emissions per capita,GHG_pc_2024,0.1,Gross National Income,GNI,0.1,Climate Risk and Vulnerability Index,GAIN_CR,0.4,UN Multilateral Engagement Score,UN_Index,0.4
RUN3029,Cumulative Emissions per capita,GHG_pc_2024,0.1,Gross National Income,GNI,0.1,Climate Risk and Vulnerability Index,GAIN_CR,0.5,UN Multilateral Engagement Score,UN_Index,0.3
RUN3030,Cumulative Emissions per capita,GHG_pc_2024,0.1,Gross National Income,GNI,0.1,Climate Risk and Vulnerability Index,GAIN_CR,0.6,UN Multilateral Engagement Score,UN_Index,0.2
RUN3031,Cumulative Emissions per capita,GHG_pc_2024,0.1,Gross National Income,GNI,0.1,Climate Risk and Vulnerability Index,GAIN_CR,0.7,UN Multilateral Engagement Score,UN_Index,0.1
RUN3032,Cumulative Emissions per capita,GHG_pc_2024,0.1,Gross National Income,GNI,0.2,Climate Risk and Vulnerability Index,GAIN_CR,0.1,UN Multilateral Engagement Score,UN_Index,0.6
RUN3033,Cumulative Emissions per capita,GHG_pc_2024,0.1,Gross National Income,GNI,0.2,Climate Risk and Vulnerability Index,GAIN_CR,0.2,UN Multilateral Engagement Score,UN_Index,0.5
RUN3034,Cumulative Emissions per capita,GHG_pc_2024,0.1,Gross National Income,GNI,0.2,Climate Risk and Vulnerability Index,GAIN_CR,0.3,UN Multilateral Engagement Score,UN_Index,0.4
RUN3035,Cumulative Emissions per capita,GHG_pc_2024,0.1,Gross National Income,GNI,0.2,Climate Risk and Vulnerability Index,GAIN_CR,0.4,UN Multilateral Engagement Score,UN_Index,0.3
RUN3036,Cumulative Emissions per capita,GHG_pc_2024,0.1,Gross National Income,GNI,0.2,Climate Risk and Vulnerability Index,GAIN_CR,0.5,UN Multilateral Engagement Score,UN_Index,0.2
RUN3037,Cumulative Emissions per capita,GHG_pc_2024,0.1,Gross National Income,GNI,0.2,Climate Risk and Vulnerability Index,GAIN_CR,0.6,UN Multilateral Engagement Score,UN_Index,0.1
RUN3038,Cumulative Emissions per capita,GHG_pc_2024,0.1,Gross National Income,GNI,0.3,Climate Risk and Vulnerability Index,GAIN_CR,0.1,UN Multilateral Engagement Score,UN_Index,0.5
RUN3039,Cumulative Emissions per capita,GHG_pc_2024,0.1,Gross National Income,GNI,0.3,Climate Risk and Vulnerability Index,GAIN_CR,0.2,UN Multilateral Engagement Score,UN_Index,0.4
RUN3040,Cumulative Emissions per capita,GHG_pc_2024,0.1,Gross National Income,GNI,0.3,Climate Risk and Vulnerability Index,GAIN_CR,0.3,UN Multilateral Engagement Score,UN_Index,0.3
RUN3041,Cumulative Emissions per capita,GHG_pc_2024,0.1,Gross National Income,GNI,0.3,Climate Risk and Vulnerability Index,GAIN_CR,0.4,UN Multilateral Engagement Score,UN_Index,0.2
RUN3042,Cumulative Emissions per capita,GHG_pc_2024,0.1,Gross National Income,GNI,0.3,Climate Risk and Vulnerability Index,GAIN_CR,0.5,UN Multilateral Engagement Score,UN_Index,0.1
RUN3043,Cumulative Emissions per capita,GHG_pc_2024,0.1,Gross National Income,GNI,0.4,Climate Risk and Vulnerability Index,GAIN_CR,0.1,UN Multilateral Engagement Score,UN_Index,0.4
RUN3044,Cumulative Emissions per capita,GHG_pc_2024,0.1,Gross National Income,GNI,0.4,Climate Risk and Vulnerability Index,GAIN_CR,0.2,UN Multilateral Engagement Score,UN_Index,0.3
RUN3045,Cumulative Emissions per capita,GHG_pc_2024,0.1,Gross National Income,GNI,0.4,Climate Risk and Vulnerability Index,GAIN_CR,0.3,UN Multilateral Engagement Score,UN_Index,0.2
RUN3046,Cumulative Emissions per capita,GHG_pc_2024,0.1,Gross National Income,GNI,0.4,Climate Risk and Vulnerability Index,GAIN_CR,0.4,UN Multilateral Engagement Score,UN_Index,0.1
RUN3047,Cumulative Emissions per capita,GHG_pc_2024,0.1,Gross National Income,GNI,0.5,Climate Risk and Vulnerability Index,GAIN_CR,0.1,UN Multilateral Engagement Score,UN_Index,0.3
RUN3048,Cumulative Emissions per capita,GHG_pc_2024,0.1,Gross National Income,GNI,0.5,Climate Risk and Vulnerability Index,GAIN_CR,0.2,UN Multilateral Engagement Score,UN_Index,0.2
RUN3049,Cumulative Emissions per capita,GHG_pc_2024,0.1,Gross National Income,GNI,0.5,Climate Risk and Vulnerability Index,GAIN_CR,0.3,UN Multilateral Engagement Score,UN_Index,0.1
RUN3050,Cumulative Emissions per capita,GHG_pc_2024,0.1,Gross National Income,GNI,0.6,Climate Risk and Vulnerability Index,GAIN_CR,0.1,UN Multilateral Engagement Score,UN_Index,0.2
RUN3051,Cumulative Emissions per capita,GHG_pc_2024,0.1,Gross National Income,GNI,0.6,Climate Risk and Vulnerability Index,GAIN_CR,0.2,UN Multilateral Engagement Score,UN_Index,0.1
RUN3052,Cumulative Emissions per capita,GHG_pc_2024,0.1,Gross National Income,GNI,0.7,Climate Risk and Vulnerability Index,GAIN_CR,0.1,UN Multilateral Engagement Score,UN_Index,0.1
RUN3053,Cumulative Emissions per capita,GHG_pc_2024,0.2,Gross National Income,GNI,0.1,Climate Risk and Vulnerability Index,GAIN_CR,0.1,UN Multilateral Engagement Score,UN_Index,0.6
RUN3054,Cumulative Emissions per capita,GHG_pc_2024,0.2,Gross National Income,GNI,0.1,Climate Risk and Vulnerability Index,GAIN_CR,0.2,UN Multilateral Engagement Score,UN_Index,0.5
RUN3055,Cumulative Emissions per capita,GHG_pc_2024,0.2,Gross National Income,GNI,0.1,Climate Risk and Vulnerability Index,GAIN_CR,0.3,UN Multilateral Engagement Score,UN_Index,0.4
RUN3056,Cumulative Emissions per capita,GHG_pc_2024,0.2,Gross National Income,GNI,0.1,Climate Risk and Vulnerability Index,GAIN_CR,0.4,UN Multilateral Engagement Score,UN_Index,0.3
RUN3057,Cumulative Emissions per capita,GHG_pc_2024,0.2,Gross National Income,GNI,0.1,Climate Risk and Vulnerability Index,GAIN_CR,0.5,UN Multilateral Engagement Score,UN_Index,0.2
RUN3058,Cumulative Emissions per capita,GHG_pc_2024,0.2,Gross National Income,GNI,0.1,Climate Risk and Vulnerability Index,GAIN_CR,0.6,UN Multilateral Engagement Score,UN_Index,0.1
RUN3059,Cumulative Emissions per capita,GHG_pc_2024,0.2,Gross National Income,GNI,0.2,Climate Risk and Vulnerability Index,GAIN_CR,0.1,UN Multilateral Engagement Score,UN_Index,0.5
RUN3060,Cumulative Emissions per capita,GHG_pc_2024,0.2,Gross National Income,GNI,0.2,Climate Risk and Vulnerability Index,GAIN_CR,0.2,UN Multilateral Engagement Score,UN_Index,0.4
RUN3061,Cumulative Emissions per capita,GHG_pc_2024,0.2,Gross National Income,GNI,0.2,Climate Risk and Vulnerability Index,GAIN_CR,0.3,UN Multilateral Engagement Score,UN_Index,0.3
RUN3062,Cumulative Emissions per capita,GHG_pc_2024,0.2,Gross National Income,GNI,0.2,Climate Risk and Vulnerability Index,GAIN_CR,0.4,UN Multilateral Engagement Score,UN_Index,0.2
RUN3063,Cumulative Emissions per capita,GHG_pc_2024,0.2,Gross National Income,GNI,0.2,Climate Risk and Vulnerability Index,GAIN_CR,0.5,UN Multilateral Engagement Score,UN_Index,0.1
RUN3064,Cumulative Emissions per capita,GHG_pc_2024,0.2,Gross National Income,GNI,0.3,Climate Risk and Vulnerability Index,GAIN_CR,0.1,UN Multilateral Engagement Score,UN_Index,0.4
RUN3065,Cumulative Emissions per capita,GHG_pc_2024,0.2,Gross National Income,GNI,0.3,Climate Risk and Vulnerability Index,GAIN_CR,0.2,UN Multilateral Engagement Score,UN_Index,0.3
RUN3066,Cumulative Emissions per capita,GHG_pc_2024,0.2,Gross National Income,GNI,0.3,Climate Risk and Vulnerability Index,GAIN_CR,0.3,UN Multilateral Engagement Score,UN_Index,0.2
RUN3067,Cumulative Emissions per capita,GHG_pc_2024,0.2,Gross National Income,GNI,0.3,Climate Risk and Vulnerability Index,GAIN_CR,0.4,UN Multilateral Engagement Score,UN_Index,0.1
RUN3068,Cumulative Emissions per capita,GHG_pc_2024,0.2,Gross National Income,GNI,0.4,Climate Risk and Vulnerability Index,GAIN_CR,0.1,UN Multilateral Engagement Score,UN_Index,0.3
RUN3069,Cumulative Emissions per capita,GHG_pc_2024,0.2,Gross National Income,GNI,0.4,Climate Risk and Vulnerability Index,GAIN_CR,0.2,UN Multilateral Engagement Score,UN_Index,0.2
RUN3070,Cumulative Emissions per capita,GHG_pc_2024,0.2,Gross National Income,GNI,0.4,Climate Risk and Vulnerability Index,GAIN_CR,0.3,UN Multilateral Engagement Score,UN_Index,0.1
RUN3071,Cumulative Emissions per capita,GHG_pc_2024,0.2,Gross National Income,GNI,0.5,Climate Risk and Vulnerability Index,GAIN_CR,0.1,UN Multilateral Engagement Score,UN_Index,0.2
RUN3072,Cumulative Emissions per capita,GHG_pc_2024,0.2,Gross National Income,GNI,0.5,Climate Risk and Vulnerability Index,GAIN_CR,0.2,UN Multilateral Engagement Score,UN_Index,0.1
RUN3073,Cumulative Emissions per capita,GHG_pc_2024,0.2,Gross National Income,GNI,0.6,Climate Risk and Vulnerability Index,GAIN_CR,0.1,UN Multilateral Engagement Score,UN_Index,0.1
RUN3074,Cumulative Emissions per capita,GHG_pc_2024,0.3,Gross National Income,GNI,0.1,Climate Risk and Vulnerability Index,GAIN_CR,0.1,UN Multilateral Engagement Score,UN_Index,0.5
RUN3075,Cumulative Emissions per capita,GHG_pc_2024,0.3,Gross National Income,GNI,0.1,Climate Risk and Vulnerability Index,GAIN_CR,0.2,UN Multilateral Engagement Score,UN_Index,0.4
RUN3076,Cumulative Emissions per capita,GHG_pc_2024,0.3,Gross National Income,GNI,0.1,Climate Risk and Vulnerability Index,GAIN_CR,0.3,UN Multilateral Engagement Score,UN_Index,0.3
RUN3077,Cumulative Emissions per capita,GHG_pc_2024,0.3,Gross National Income,GNI,0.1,Climate Risk and Vulnerability Index,GAIN_CR,0.4,UN Multilateral Engagement Score,UN_Index,0.2
RUN3078,Cumulative Emissions per capita,GHG_pc_2024,0.3,Gross National Income,GNI,0.1,Climate Risk and Vulnerability Index,GAIN_CR,0.5,UN Multilateral Engagement Score,UN_Index,0.1
RUN3079,Cumulative Emissions per capita,GHG_pc_2024,0.3,Gross National Income,GNI,0.2,Climate Risk and Vulnerability Index,GAIN_CR,0.1,UN Multilateral Engagement Score,UN_Index,0.4
RUN3080,Cumulative Emissions per capita,GHG_pc_2024,0.3,Gross National Income,GNI,0.2,Climate Risk and Vulnerability Index,GAIN_CR,0.2,UN Multilateral Engagement Score,UN_Index,0.3
RUN3081,Cumulative Emissions per capita,GHG_pc_2024,0.3,Gross National Income,GNI,0.2,Climate Risk and Vulnerability Index,GAIN_CR,0.3,UN Multilateral Engagement Score,UN_Index,0.2
RUN3082,Cumulative Emissions per capita,GHG_pc_2024,0.3,Gross National Income,GNI,0.2,Climate Risk and Vulnerability Index,GAIN_CR,0.4,UN Multilateral Engagement Score,UN_Index,0.1
RUN3083,Cumulative Emissions per capita,GHG_pc_2024,0.3,Gross National Income,GNI,0.3,Climate Risk and Vulnerability Index,GAIN_CR,0.1,UN Multilateral Engagement Score,UN_Index,0.3
RUN3084,Cumulative Emissions per capita,GHG_pc_2024,0.3,Gross National Income,GNI,0.3,Climate Risk and Vulnerability Index,GAIN_CR,0.2,UN Multilateral Engagement Score,UN_Index,0.2
RUN3085,Cumulative Emissions per capita,GHG_pc_2024,0.3,Gross National Income,GNI,0.3,Climate Risk and Vulnerability Index,GAIN_CR,0.3,UN Multilateral Engagement Score,UN_Index,0.1
RUN3086,Cumulative Emissions per capita,GHG_pc_2024,0.3,Gross National Income,GNI,0.4,Climate Risk and Vulnerability Index,GAIN_CR,0.1,UN Multilateral Engagement Score,UN_Index,0.2
RUN3087,Cumulative Emissions per capita,GHG_pc_2024,0.3,Gross National Income,GNI,0.4,Climate Risk and Vulnerability Index,GAIN_CR,0.2,UN Multilateral Engagement Score,UN_Index,0.1
RUN3088,Cumulative Emissions per capita,GHG_pc_2024,0.3,Gross National Income,GNI,0.5,Climate Risk and Vulnerability Index,GAIN_CR,0.1,UN Multilateral Engagement Score,UN_Index,0.1
RUN3089,Cumulative Emissions per capita,GHG_pc_2024,0.4,Gross National Income,GNI,0.1,Climate Risk and Vulnerability Index,GAIN_CR,0.1,UN Multilateral Engagement Score,UN_Index,0.4
RUN3090,Cumulative Emissions per capita,GHG_pc_2024,0.4,Gross National Income,GNI,0.1,Climate Risk and Vulnerability Index,GAIN_CR,0.2,UN Multilateral Engagement Score,UN_Index,0.3
RUN3091,Cumulative Emissions per capita,GHG_pc_2024,0.4,Gross National Income,GNI,0.1,Climate Risk and Vulnerability Index,GAIN_CR,0.3,UN Multilateral Engagement Score,UN_Index,0.2
RUN3092,Cumulative Emissions per capita,GHG_pc_2024,0.4,Gross National Income,GNI,0.1,Climate Risk and Vulnerability Index,GAIN_CR,0.4,UN Multilateral Engagement Score,UN_Index,0.1
RUN3093,Cumulative Emissions per capita,GHG_pc_2024,0.4,Gross National Income,GNI,0.2,Climate Risk and Vulnerability Index,GAIN_CR,0.1,UN Multilateral Engagement Score,UN_Index,0.3
RUN3094,Cumulative Emissions per capita,GHG_pc_2024,0.4,Gross National Income,GNI,0.2,Climate Risk and Vulnerability Index,GAIN_CR,0.2,UN Multilateral Engagement Score,UN_Index,0.2
RUN3095,Cumulative Emissions per capita,GHG_pc_2024,0.4,Gross National Income,GNI,0.2,Climate Risk and Vulnerability Index,GAIN_CR,0.3,UN Multilateral Engagement Score,UN_Index,0.1
RUN3096,Cumulative Emissions per capita,GHG_pc_2024,0.4,Gross National Income,GNI,0.3,Climate Risk and Vulnerability Index,GAIN_CR,0.1,UN Multilateral Engagement Score,UN_Index,0.2
RUN3097,Cumulative Emissions per capita,GHG_pc_2024,0.4,Gross National Income,GNI,0.3,Climate Risk and Vulnerability Index,GAIN_CR,0.2,UN Multilateral Engagement Score,UN_Index,0.1
RUN3098,Cumulative Emissions per capita,GHG_pc_2024,0.4,Gross National Income,GNI,0.4,Climate Risk and Vulnerability Index,GAIN_CR,0.1,UN Multilateral Engagement Score,UN_Index,0.1
RUN3099,Cumulative Emissions per capita,GHG_pc_2024,0.5,Gross National Income,GNI,0.1,Climate Risk and Vulnerability Index,GAIN_CR,0.1,UN Multilateral Engagement Score,UN_Index,0.3
RUN3100,Cumulative Emissions per capita,GHG_pc_2024,0.5,Gross National Income,GNI,0.1,Climate Risk and Vulnerability Index,GAIN_CR,0.2,UN Multilateral Engagement Score,UN_Index,0.2
RUN3101,Cumulative Emissions per capita,GHG_pc_2024,0.5,Gross National Income,GNI,0.1,Climate Risk and Vulnerability Index,GAIN_CR,0.3,UN Multilateral Engagement Score,UN_Index,0.1
RUN3102,Cumulative Emissions per capita,GHG_pc_2024,0.5,Gross National Income,GNI,0.2,Climate Risk and Vulnerability Index,GAIN_CR,0.1,UN Multilateral Engagement Score,UN_Index,0.2
RUN3103,Cumulative Emissions per capita,GHG_pc_2024,0.5,Gross National Income,GNI,0.2,Climate Risk and Vulnerability Index,GAIN_CR,0.2,UN Multilateral Engagement Score,UN_Index,0.1
RUN3104,Cumulative Emissions per capita,GHG_pc_2024,0.5,Gross National Income,GNI,0.3,Climate Risk and Vulnerability Index,GAIN_CR,0.1,UN Multilateral Engagement Score,UN_Index,0.1
RUN3105,Cumulative Emissions per capita,GHG_pc_2024,0.6,Gross National Income,GNI,0.1,Climate Risk and Vulnerability Index,GAIN_CR,0.1,UN Multilateral Engagement Score,UN_Index,0.2
RUN3106,Cumulative Emissions per capita,GHG_pc_2024,0.6,Gross National Income,GNI,0.1,Climate Risk and Vulnerability Index,GAIN_CR,0.2,UN Multilateral Engagement Score,UN_Index,0.1
RUN3107,Cumulative Emissions per capita,GHG_pc_2024,0.6,Gross National Income,GNI,0.2,Climate Risk and Vulnerability Index,GAIN_CR,0.1,UN Multilateral Engagement Score,UN_Index,0.1
RUN3108,Cumulative Emissions per capita,GHG_pc_2024,0.7,Gross National Income,GNI,0.1,Climate Risk and Vulnerability Index,GAIN_CR,0.1,UN Multilateral Engagement Score,UN_Index,0.1
RUN3109,Cumulative Emissions per capita,GHG_pc_2024,0.1,Gross National Income,GNI,0.1,Physical Climate Risk (EIB),EIB_PR,0.1,UN Multilateral Engagement Score,UN_Index,0.7
RUN3110,Cumulative Emissions per capita,GHG_pc_2024,0.1,Gross National Income,GNI,0.1,Physical Climate Risk (EIB),EIB_PR,0.2,UN Multilateral Engagement Score,UN_Index,0.6
RUN3111,Cumulative Emissions per capita,GHG_pc_2024,0.1,Gross National Income,GNI,0.1,Physical Climate Risk (EIB),EIB_PR,0.3,UN Multilateral Engagement Score,UN_Index,0.5
RUN3112,Cumulative Emissions per capita,GHG_pc_2024,0.1,Gross National Income,GNI,0.1,Physical Climate Risk (EIB),EIB_PR,0.4,UN Multilateral Engagement Score,UN_Index,0.4
RUN3113,Cumulative Emissions per capita,GHG_pc_2024,0.1,Gross National Income,GNI,0.1,Physical Climate Risk (EIB),EIB_PR,0.5,UN Multilateral Engagement Score,UN_Index,0.3
RUN3114,Cumulative Emissions per capita,GHG_pc_2024,0.1,Gross National Income,GNI,0.1,Physical Climate Risk (EIB),EIB_PR,0.6,UN Multilateral Engagement Score,UN_Index,0.2
RUN3115,Cumulative Emissions per capita,GHG_pc_2024,0.1,Gross National Income,GNI,0.1,Physical Climate Risk (EIB),EIB_PR,0.7,UN Multilateral Engagement Score,UN_Index,0.1
RUN3116,Cumulative Emissions per capita,GHG_pc_2024,0.1,Gross National Income,GNI,0.2,Physical Climate Risk (EIB),EIB_PR,0.1,UN Multilateral Engagement Score,UN_Index,0.6
RUN3117,Cumulative Emissions per capita,GHG_pc_2024,0.1,Gross National Income,GNI,0.2,Physical Climate Risk (EIB),EIB_PR,0.2,UN Multilateral Engagement Score,UN_Index,0.5
RUN3118,Cumulative Emissions per capita,GHG_pc_2024,0.1,Gross National Income,GNI,0.2,Physical Climate Risk (EIB),EIB_PR,0.3,UN Multilateral Engagement Score,UN_Index,0.4
RUN3119,Cumulative Emissions per capita,GHG_pc_2024,0.1,Gross National Income,GNI,0.2,Physical Climate Risk (EIB),EIB_PR,0.4,UN Multilateral Engagement Score,UN_Index,0.3
RUN3120,Cumulative Emissions per capita,GHG_pc_2024,0.1,Gross National Income,GNI,0.2,Physical Climate Risk (EIB),EIB_PR,0.5,UN Multilateral Engagement Score,UN_Index,0.2
RUN3121,Cumulative Emissions per capita,GHG_pc_2024,0.1,Gross National Income,GNI,0.2,Physical Climate Risk (EIB),EIB_PR,0.6,UN Multilateral Engagement Score,UN_Index,0.1
RUN3122,Cumulative Emissions per capita,GHG_pc_2024,0.1,Gross National Income,GNI,0.3,Physical Climate Risk (EIB),EIB_PR,0.1,UN Multilateral Engagement Score,UN_Index,0.5
RUN3123,Cumulative Emissions per capita,GHG_pc_2024,0.1,Gross National Income,GNI,0.3,Physical Climate Risk (EIB),EIB_PR,0.2,UN Multilateral Engagement Score,UN_Index,0.4
RUN3124,Cumulative Emissions per capita,GHG_pc_2024,0.1,Gross National Income,GNI,0.3,Physical Climate Risk (EIB),EIB_PR,0.3,UN Multilateral Engagement Score,UN_Index,0.3
RUN3125,Cumulative Emissions per capita,GHG_pc_2024,0.1,Gross National Income,GNI,0.3,Physical Climate Risk (EIB),EIB_PR,0.4,UN Multilateral Engagement Score,UN_Index,0.2
RUN3126,Cumulative Emissions per capita,GHG_pc_2024,0.1,Gross National Income,GNI,0.3,Physical Climate Risk (EIB),EIB_PR,0.5,UN Multilateral Engagement Score,UN_Index,0.1
RUN3127,Cumulative Emissions per capita,GHG_pc_2024,0.1,Gross National Income,GNI,0.4,Physical Climate Risk (EIB),EIB_PR,0.1,UN Multilateral Engagement Score,UN_Index,0.4
RUN3128,Cumulative Emissions per capita,GHG_pc_2024,0.1,Gross National Income,GNI,0.4,Physical Climate Risk (EIB),EIB_PR,0.2,UN Multilateral Engagement Score,UN_Index,0.3
RUN3129,Cumulative Emissions per capita,GHG_pc_2024,0.1,Gross National Income,GNI,0.4,Physical Climate Risk (EIB),EIB_PR,0.3,UN Multilateral Engagement Score,UN_Index,0.2
RUN3130,Cumulative Emissions per capita,GHG_pc_2024,0.1,Gross National Income,GNI,0.4,Physical Climate Risk (EIB),EIB_PR,0.4,UN Multilateral Engagement Score,UN_Index,0.1
RUN3131,Cumulative Emissions per capita,GHG_pc_2024,0.1,Gross National Income,GNI,0.5,Physical Climate Risk (EIB),EIB_PR,0.1,UN Multilateral Engagement Score,UN_Index,0.3
RUN3132,Cumulative Emissions per capita,GHG_pc_2024,0.1,Gross National Income,GNI,0.5,Physical Climate Risk (EIB),EIB_PR,0.2,UN Multilateral Engagement Score,UN_Index,0.2
RUN3133,Cumulative Emissions per capita,GHG_pc_2024,0.1,Gross National Income,GNI,0.5,Physical Climate Risk (EIB),EIB_PR,0.3,UN Multilateral Engagement Score,UN_Index,0.1
RUN3134,Cumulative Emissions per capita,GHG_pc_2024,0.1,Gross National Income,GNI,0.6,Physical Climate Risk (EIB),EIB_PR,0.1,UN Multilateral Engagement Score,UN_Index,0.2
RUN3135,Cumulative Emissions per capita,GHG_pc_2024,0.1,Gross National Income,GNI,0.6,Physical Climate Risk (EIB),EIB_PR,0.2,UN Multilateral Engagement Score,UN_Index,0.1
RUN3136,Cumulative Emissions per capita,GHG_pc_2024,0.1,Gross National Income,GNI,0.7,Physical Climate Risk (EIB),EIB_PR,0.1,UN Multilateral Engagement Score,UN_Index,0.1
RUN3137,Cumulative Emissions per capita,GHG_pc_2024,0.2,Gross National Income,GNI,0.1,Physical Climate Risk (EIB),EIB_PR,0.1,UN Multilateral Engagement Score,UN_Index,0.6
RUN3138,Cumulative Emissions per capita,GHG_pc_2024,0.2,Gross National Income,GNI,0.1,Physical Climate Risk (EIB),EIB_PR,0.2,UN Multilateral Engagement Score,UN_Index,0.5
RUN3139,Cumulative Emissions per capita,GHG_pc_2024,0.2,Gross National Income,GNI,0.1,Physical Climate Risk (EIB),EIB_PR,0.3,UN Multilateral Engagement Score,UN_Index,0.4
RUN3140,Cumulative Emissions per capita,GHG_pc_2024,0.2,Gross National Income,GNI,0.1,Physical Climate Risk (EIB),EIB_PR,0.4,UN Multilateral Engagement Score,UN_Index,0.3
RUN3141,Cumulative Emissions per capita,GHG_pc_2024,0.2,Gross National Income,GNI,0.1,Physical Climate Risk (EIB),EIB_PR,0.5,UN Multilateral Engagement Score,UN_Index,0.2
RUN3142,Cumulative Emissions per capita,GHG_pc_2024,0.2,Gross National Income,GNI,0.1,Physical Climate Risk (EIB),EIB_PR,0.6,UN Multilateral Engagement Score,UN_Index,0.1
RUN3143,Cumulative Emissions per capita,GHG_pc_2024,0.2,Gross National Income,GNI,0.2,Physical Climate Risk (EIB),EIB_PR,0.1,UN Multilateral Engagement Score,UN_Index,0.5
RUN3144,Cumulative Emissions per capita,GHG_pc_2024,0.2,Gross National Income,GNI,0.2,Physical Climate Risk (EIB),EIB_PR,0.2,UN Multilateral Engagement Score,UN_Index,0.4
RUN3145,Cumulative Emissions per capita,GHG_pc_2024,0.2,Gross National Income,GNI,0.2,Physical Climate Risk (EIB),EIB_PR,0.3,UN Multilateral Engagement Score,UN_Index,0.3
RUN3146,Cumulative Emissions per capita,GHG_pc_2024,0.2,Gross National Income,GNI,0.2,Physical Climate Risk (EIB),EIB_PR,0.4,UN Multilateral Engagement Score,UN_Index,0.2
RUN3147,Cumulative Emissions per capita,GHG_pc_2024,0.2,Gross National Income,GNI,0.2,Physical Climate Risk (EIB),EIB_PR,0.5,UN Multilateral Engagement Score,UN_Index,0.1
RUN3148,Cumulative Emissions per capita,GHG_pc_2024,0.2,Gross National Income,GNI,0.3,Physical Climate Risk (EIB),EIB_PR,0.1,UN Multilateral Engagement Score,UN_Index,0.4
RUN3149,Cumulative Emissions per capita,GHG_pc_2024,0.2,Gross National Income,GNI,0.3,Physical Climate Risk (EIB),EIB_PR,0.2,UN Multilateral Engagement Score,UN_Index,0.3
RUN3150,Cumulative Emissions per capita,GHG_pc_2024,0.2,Gross National Income,GNI,0.3,Physical Climate Risk (EIB),EIB_PR,0.3,UN Multilateral Engagement Score,UN_Index,0.2
RUN3151,Cumulative Emissions per capita,GHG_pc_2024,0.2,Gross National Income,GNI,0.3,Physical Climate Risk (EIB),EIB_PR,0.4,UN Multilateral Engagement Score,UN_Index,0.1
RUN3152,Cumulative Emissions per capita,GHG_pc_2024,0.2,Gross National Income,GNI,0.4,Physical Climate Risk (EIB),EIB_PR,0.1,UN Multilateral Engagement Score,UN_Index,0.3
RUN3153,Cumulative Emissions per capita,GHG_pc_2024,0.2,Gross National Income,GNI,0.4,Physical Climate Risk (EIB),EIB_PR,0.2,UN Multilateral Engagement Score,UN_Index,0.2
RUN3154,Cumulative Emissions per capita,GHG_pc_2024,0.2,Gross National Income,GNI,0.4,Physical Climate Risk (EIB),EIB_PR,0.3,UN Multilateral Engagement Score,UN_Index,0.1
RUN3155,Cumulative Emissions per capita,GHG_pc_2024,0.2,Gross National Income,GNI,0.5,Physical Climate Risk (EIB),EIB_PR,0.1,UN Multilateral Engagement Score,UN_Index,0.2
RUN3156,Cumulative Emissions per capita,GHG_pc_2024,0.2,Gross National Income,GNI,0.5,Physical Climate Risk (EIB),EIB_PR,0.2,UN Multilateral Engagement Score,UN_Index,0.1
RUN3157,Cumulative Emissions per capita,GHG_pc_2024,0.2,Gross National Income,GNI,0.6,Physical Climate Risk (EIB),EIB_PR,0.1,UN Multilateral Engagement Score,UN_Index,0.1
RUN3158,Cumulative Emissions per capita,GHG_pc_2024,0.3,Gross National Income,GNI,0.1,Physical Climate Risk (EIB),EIB_PR,0.1,UN Multilateral Engagement Score,UN_Index,0.5
RUN3159,Cumulative Emissions per capita,GHG_pc_2024,0.3,Gross National Income,GNI,0.1,Physical Climate Risk (EIB),EIB_PR,0.2,UN Multilateral Engagement Score,UN_Index,0.4
RUN3160,Cumulative Emissions per capita,GHG_pc_2024,0.3,Gross National Income,GNI,0.1,Physical Climate Risk (EIB),EIB_PR,0.3,UN Multilateral Engagement Score,UN_Index,0.3
RUN3161,Cumulative Emissions per capita,GHG_pc_2024,0.3,Gross National Income,GNI,0.1,Physical Climate Risk (EIB),EIB_PR,0.4,UN Multilateral Engagement Score,UN_Index,0.2
RUN3162,Cumulative Emissions per capita,GHG_pc_2024,0.3,Gross National Income,GNI,0.1,Physical Climate Risk (EIB),EIB_PR,0.5,UN Multilateral Engagement Score,UN_Index,0.1
RUN3163,Cumulative Emissions per capita,GHG_pc_2024,0.3,Gross National Income,GNI,0.2,Physical Climate Risk (EIB),EIB_PR,0.1,UN Multilateral Engagement Score,UN_Index,0.4
RUN3164,Cumulative Emissions per capita,GHG_pc_2024,0.3,Gross National Income,GNI,0.2,Physical Climate Risk (EIB),EIB_PR,0.2,UN Multilateral Engagement Score,UN_Index,0.3
RUN3165,Cumulative Emissions per capita,GHG_pc_2024,0.3,Gross National Income,GNI,0.2,Physical Climate Risk (EIB),EIB_PR,0.3,UN Multilateral Engagement Score,UN_Index,0.2
RUN3166,Cumulative Emissions per capita,GHG_pc_2024,0.3,Gross National Income,GNI,0.2,Physical Climate Risk (EIB),EIB_PR,0.4,UN Multilateral Engagement Score,UN_Index,0.1
RUN3167,Cumulative Emissions per capita,GHG_pc_2024,0.3,Gross National Income,GNI,0.3,Physical Climate Risk (EIB),EIB_PR,0.1,UN Multilateral Engagement Score,UN_Index,0.3
RUN3168,Cumulative Emissions per capita,GHG_pc_2024,0.3,Gross National Income,GNI,0.3,Physical Climate Risk (EIB),EIB_PR,0.2,UN Multilateral Engagement Score,UN_Index,0.2
RUN3169,Cumulative Emissions per capita,GHG_pc_2024,0.3,Gross National Income,GNI,0.3,Physical Climate Risk (EIB),EIB_PR,0.3,UN Multilateral Engagement Score,UN_Index,0.1
RUN3170,Cumulative Emissions per capita,GHG_pc_2024,0.3,Gross National Income,GNI,0.4,Physical Climate Risk (EIB),EIB_PR,0.1,UN Multilateral Engagement Score,UN_Index,0.2
RUN3171,Cumulative Emissions per capita,GHG_pc_2024,0.3,Gross National Income,GNI,0.4,Physical Climate Risk (EIB),EIB_PR,0.2,UN Multilateral Engagement Score,UN_Index,0.1
RUN3172,Cumulative Emissions per capita,GHG_pc_2024,0.3,Gross National Income,GNI,0.5,Physical Climate Risk (EIB),EIB_PR,0.1,UN Multilateral Engagement Score,UN_Index,0.1
RUN3173,Cumulative Emissions per capita,GHG_pc_2024,0.4,Gross National Income,GNI,0.1,Physical Climate Risk (EIB),EIB_PR,0.1,UN Multilateral Engagement Score,UN_Index,0.4
RUN3174,Cumulative Emissions per capita,GHG_pc_2024,0.4,Gross National Income,GNI,0.1,Physical Climate Risk (EIB),EIB_PR,0.2,UN Multilateral Engagement Score,UN_Index,0.3
RUN3175,Cumulative Emissions per capita,GHG_pc_2024,0.4,Gross National Income,GNI,0.1,Physical Climate Risk (EIB),EIB_PR,0.3,UN Multilateral Engagement Score,UN_Index,0.2
RUN3176,Cumulative Emissions per capita,GHG_pc_2024,0.4,Gross National Income,GNI,0.1,Physical Climate Risk (EIB),EIB_PR,0.4,UN Multilateral Engagement Score,UN_Index,0.1
RUN3177,Cumulative Emissions per capita,GHG_pc_2024,0.4,Gross National Income,GNI,0.2,Physical Climate Risk (EIB),EIB_PR,0.1,UN Multilateral Engagement Score,UN_Index,0.3
RUN3178,Cumulative Emissions per capita,GHG_pc_2024,0.4,Gross National Income,GNI,0.2,Physical Climate Risk (EIB),EIB_PR,0.2,UN Multilateral Engagement Score,UN_Index,0.2
RUN3179,Cumulative Emissions per capita,GHG_pc_2024,0.4,Gross National Income,GNI,0.2,Physical Climate Risk (EIB),EIB_PR,0.3,UN Multilateral Engagement Score,UN_Index,0.1
RUN3180,Cumulative Emissions per capita,GHG_pc_2024,0.4,Gross National Income,GNI,0.3,Physical Climate Risk (EIB),EIB_PR,0.1,UN Multilateral Engagement Score,UN_Index,0.2
RUN3181,Cumulative Emissions per capita,GHG_pc_2024,0.4,Gross National Income,GNI,0.3,Physical Climate Risk (EIB),EIB_PR,0.2,UN Multilateral Engagement Score,UN_Index,0.1
RUN3182,Cumulative Emissions per capita,GHG_pc_2024,0.4,Gross National Income,GNI,0.4,Physical Climate Risk (EIB),EIB_PR,0.1,UN Multilateral Engagement Score,UN_Index,0.1
RUN3183,Cumulative Emissions per capita,GHG_pc_2024,0.5,Gross National Income,GNI,0.1,Physical Climate Risk (EIB),EIB_PR,0.1,UN Multilateral Engagement Score,UN_Index,0.3
RUN3184,Cumulative Emissions per capita,GHG_pc_2024,0.5,Gross National Income,GNI,0.1,Physical Climate Risk (EIB),EIB_PR,0.2,UN Multilateral Engagement Score,UN_Index,0.2
RUN3185,Cumulative Emissions per capita,GHG_pc_2024,0.5,Gross National Income,GNI,0.1,Physical Climate Risk (EIB),EIB_PR,0.3,UN Multilateral Engagement Score,UN_Index,0.1
RUN3186,Cumulative Emissions per capita,GHG_pc_2024,0.5,Gross National Income,GNI,0.2,Physical Climate Risk (EIB),EIB_PR,0.1,UN Multilateral Engagement Score,UN_Index,0.2
RUN3187,Cumulative Emissions per capita,GHG_pc_2024,0.5,Gross National Income,GNI,0.2,Physical Climate Risk (EIB),EIB_PR,0.2,UN Multilateral Engagement Score,UN_Index,0.1
RUN3188,Cumulative Emissions per capita,GHG_pc_2024,0.5,Gross National Income,GNI,0.3,Physical Climate Risk (EIB),EIB_PR,0.1,UN Multilateral Engagement Score,UN_Index,0.1
RUN3189,Cumulative Emissions per capita,GHG_pc_2024,0.6,Gross National Income,GNI,0.1,Physical Climate Risk (EIB),EIB_PR,0.1,UN Multilateral Engagement Score,UN_Index,0.2
RUN3190,Cumulative Emissions per capita,GHG_pc_2024,0.6,Gross National Income,GNI,0.1,Physical Climate Risk (EIB),EIB_PR,0.2,UN Multilateral Engagement Score,UN_Index,0.1
RUN3191,Cumulative Emissions per capita,GHG_pc_2024,0.6,Gross National Income,GNI,0.2,Physical Climate Risk (EIB),EIB_PR,0.1,UN Multilateral Engagement Score,UN_Index,0.1
RUN3192,Cumulative Emissions per capita,GHG_pc_2024,0.7,Gross National Income,GNI,0.1,Physical Climate Risk (EIB),EIB_PR,0.1,UN Multilateral Engagement Score,UN_Index,0.1
RUN3193,Cumulative Emissions per capita,GHG_pc_2024,0.1,Gross National Income,GNI,0.1,Transition Climate Risk (EIB),EIB_TR,0.1,UN Multilateral Engagement Score,UN_Index,0.7
RUN3194,Cumulative Emissions per capita,GHG_pc_2024,0.1,Gross National Income,GNI,0.1,Transition Climate Risk (EIB),EIB_TR,0.2,UN Multilateral Engagement Score,UN_Index,0.6
RUN3195,Cumulative Emissions per capita,GHG_pc_2024,0.1,Gross National Income,GNI,0.1,Transition Climate Risk (EIB),EIB_TR,0.3,UN Multilateral Engagement Score,UN_Index,0.5
RUN3196,Cumulative Emissions per capita,GHG_pc_2024,0.1,Gross National Income,GNI,0.1,Transition Climate Risk (EIB),EIB_TR,0.4,UN Multilateral Engagement Score,UN_Index,0.4
RUN3197,Cumulative Emissions per capita,GHG_pc_2024,0.1,Gross National Income,GNI,0.1,Transition Climate Risk (EIB),EIB_TR,0.5,UN Multilateral Engagement Score,UN_Index,0.3
RUN3198,Cumulative Emissions per capita,GHG_pc_2024,0.1,Gross National Income,GNI,0.1,Transition Climate Risk (EIB),EIB_TR,0.6,UN Multilateral Engagement Score,UN_Index,0.2
RUN3199,Cumulative Emissions per capita,GHG_pc_2024,0.1,Gross National Income,GNI,0.1,Transition Climate Risk (EIB),EIB_TR,0.7,UN Multilateral Engagement Score,UN_Index,0.1
RUN3200,Cumulative Emissions per capita,GHG_pc_2024,0.1,Gross National Income,GNI,0.2,Transition Climate Risk (EIB),EIB_TR,0.1,UN Multilateral Engagement Score,UN_Index,0.6
RUN3201,Cumulative Emissions per capita,GHG_pc_2024,0.1,Gross National Income,GNI,0.2,Transition Climate Risk (EIB),EIB_TR,0.2,UN Multilateral Engagement Score,UN_Index,0.5
RUN3202,Cumulative Emissions per capita,GHG_pc_2024,0.1,Gross National Income,GNI,0.2,Transition Climate Risk (EIB),EIB_TR,0.3,UN Multilateral Engagement Score,UN_Index,0.4
RUN3203,Cumulative Emissions per capita,GHG_pc_2024,0.1,Gross National Income,GNI,0.2,Transition Climate Risk (EIB),EIB_TR,0.4,UN Multilateral Engagement Score,UN_Index,0.3
RUN3204,Cumulative Emissions per capita,GHG_pc_2024,0.1,Gross National Income,GNI,0.2,Transition Climate Risk (EIB),EIB_TR,0.5,UN Multilateral Engagement Score,UN_Index,0.2
RUN3205,Cumulative Emissions per capita,GHG_pc_2024,0.1,Gross National Income,GNI,0.2,Transition Climate Risk (EIB),EIB_TR,0.6,UN Multilateral Engagement Score,UN_Index,0.1
RUN3206,Cumulative Emissions per capita,GHG_pc_2024,0.1,Gross National Income,GNI,0.3,Transition Climate Risk (EIB),EIB_TR,0.1,UN Multilateral Engagement Score,UN_Index,0.5
RUN3207,Cumulative Emissions per capita,GHG_pc_2024,0.1,Gross National Income,GNI,0.3,Transition Climate Risk (EIB),EIB_TR,0.2,UN Multilateral Engagement Score,UN_Index,0.4
RUN3208,Cumulative Emissions per capita,GHG_pc_2024,0.1,Gross National Income,GNI,0.3,Transition Climate Risk (EIB),EIB_TR,0.3,UN Multilateral Engagement Score,UN_Index,0.3
RUN3209,Cumulative Emissions per capita,GHG_pc_2024,0.1,Gross National Income,GNI,0.3,Transition Climate Risk (EIB),EIB_TR,0.4,UN Multilateral Engagement Score,UN_Index,0.2
RUN3210,Cumulative Emissions per capita,GHG_pc_2024,0.1,Gross National Income,GNI,0.3,Transition Climate Risk (EIB),EIB_TR,0.5,UN Multilateral Engagement Score,UN_Index,0.1
RUN3211,Cumulative Emissions per capita,GHG_pc_2024,0.1,Gross National Income,GNI,0.4,Transition Climate Risk (EIB),EIB_TR,0.1,UN Multilateral Engagement Score,UN_Index,0.4
RUN3212,Cumulative Emissions per capita,GHG_pc_2024,0.1,Gross National Income,GNI,0.4,Transition Climate Risk (EIB),EIB_TR,0.2,UN Multilateral Engagement Score,UN_Index,0.3
RUN3213,Cumulative Emissions per capita,GHG_pc_2024,0.1,Gross National Income,GNI,0.4,Transition Climate Risk (EIB),EIB_TR,0.3,UN Multilateral Engagement Score,UN_Index,0.2
RUN3214,Cumulative Emissions per capita,GHG_pc_2024,0.1,Gross National Income,GNI,0.4,Transition Climate Risk (EIB),EIB_TR,0.4,UN Multilateral Engagement Score,UN_Index,0.1
RUN3215,Cumulative Emissions per capita,GHG_pc_2024,0.1,Gross National Income,GNI,0.5,Transition Climate Risk (EIB),EIB_TR,0.1,UN Multilateral Engagement Score,UN_Index,0.3
RUN3216,Cumulative Emissions per capita,GHG_pc_2024,0.1,Gross National Income,GNI,0.5,Transition Climate Risk (EIB),EIB_TR,0.2,UN Multilateral Engagement Score,UN_Index,0.2
RUN3217,Cumulative Emissions per capita,GHG_pc_2024,0.1,Gross National Income,GNI,0.5,Transition Climate Risk (EIB),EIB_TR,0.3,UN Multilateral Engagement Score,UN_Index,0.1
RUN3218,Cumulative Emissions per capita,GHG_pc_2024,0.1,Gross National Income,GNI,0.6,Transition Climate Risk (EIB),EIB_TR,0.1,UN Multilateral Engagement Score,UN_Index,0.2
RUN3219,Cumulative Emissions per capita,GHG_pc_2024,0.1,Gross National Income,GNI,0.6,Transition Climate Risk (EIB),EIB_TR,0.2,UN Multilateral Engagement Score,UN_Index,0.1
RUN3220,Cumulative Emissions per capita,GHG_pc_2024,0.1,Gross National Income,GNI,0.7,Transition Climate Risk (EIB),EIB_TR,0.1,UN Multilateral Engagement Score,UN_Index,0.1
RUN3221,Cumulative Emissions per capita,GHG_pc_2024,0.2,Gross National Income,GNI,0.1,Transition Climate Risk (EIB),EIB_TR,0.1,UN Multilateral Engagement Score,UN_Index,0.6
RUN3222,Cumulative Emissions per capita,GHG_pc_2024,0.2,Gross National Income,GNI,0.1,Transition Climate Risk (EIB),EIB_TR,0.2,UN Multilateral Engagement Score,UN_Index,0.5
RUN3223,Cumulative Emissions per capita,GHG_pc_2024,0.2,Gross National Income,GNI,0.1,Transition Climate Risk (EIB),EIB_TR,0.3,UN Multilateral Engagement Score,UN_Index,0.4
RUN3224,Cumulative Emissions per capita,GHG_pc_2024,0.2,Gross National Income,GNI,0.1,Transition Climate Risk (EIB),EIB_TR,0.4,UN Multilateral Engagement Score,UN_Index,0.3
RUN3225,Cumulative Emissions per capita,GHG_pc_2024,0.2,Gross National Income,GNI,0.1,Transition Climate Risk (EIB),EIB_TR,0.5,UN Multilateral Engagement Score,UN_Index,0.2
RUN3226,Cumulative Emissions per capita,GHG_pc_2024,0.2,Gross National Income,GNI,0.1,Transition Climate Risk (EIB),EIB_TR,0.6,UN Multilateral Engagement Score,UN_Index,0.1
RUN3227,Cumulative Emissions per capita,GHG_pc_2024,0.2,Gross National Income,GNI,0.2,Transition Climate Risk (EIB),EIB_TR,0.1,UN Multilateral Engagement Score,UN_Index,0.5
RUN3228,Cumulative Emissions per capita,GHG_pc_2024,0.2,Gross National Income,GNI,0.2,Transition Climate Risk (EIB),EIB_TR,0.2,UN Multilateral Engagement Score,UN_Index,0.4
RUN3229,Cumulative Emissions per capita,GHG_pc_2024,0.2,Gross National Income,GNI,0.2,Transition Climate Risk (EIB),EIB_TR,0.3,UN Multilateral Engagement Score,UN_Index,0.3
RUN3230,Cumulative Emissions per capita,GHG_pc_2024,0.2,Gross National Income,GNI,0.2,Transition Climate Risk (EIB),EIB_TR,0.4,UN Multilateral Engagement Score,UN_Index,0.2
RUN3231,Cumulative Emissions per capita,GHG_pc_2024,0.2,Gross National Income,GNI,0.2,Transition Climate Risk (EIB),EIB_TR,0.5,UN Multilateral Engagement Score,UN_Index,0.1
RUN3232,Cumulative Emissions per capita,GHG_pc_2024,0.2,Gross National Income,GNI,0.3,Transition Climate Risk (EIB),EIB_TR,0.1,UN Multilateral Engagement Score,UN_Index,0.4
RUN3233,Cumulative Emissions per capita,GHG_pc_2024,0.2,Gross National Income,GNI,0.3,Transition Climate Risk (EIB),EIB_TR,0.2,UN Multilateral Engagement Score,UN_Index,0.3
RUN3234,Cumulative Emissions per capita,GHG_pc_2024,0.2,Gross National Income,GNI,0.3,Transition Climate Risk (EIB),EIB_TR,0.3,UN Multilateral Engagement Score,UN_Index,0.2
RUN3235,Cumulative Emissions per capita,GHG_pc_2024,0.2,Gross National Income,GNI,0.3,Transition Climate Risk (EIB),EIB_TR,0.4,UN Multilateral Engagement Score,UN_Index,0.1
RUN3236,Cumulative Emissions per capita,GHG_pc_2024,0.2,Gross National Income,GNI,0.4,Transition Climate Risk (EIB),EIB_TR,0.1,UN Multilateral Engagement Score,UN_Index,0.3
RUN3237,Cumulative Emissions per capita,GHG_pc_2024,0.2,Gross National Income,GNI,0.4,Transition Climate Risk (EIB),EIB_TR,0.2,UN Multilateral Engagement Score,UN_Index,0.2
RUN3238,Cumulative Emissions per capita,GHG_pc_2024,0.2,Gross National Income,GNI,0.4,Transition Climate Risk (EIB),EIB_TR,0.3,UN Multilateral Engagement Score,UN_Index,0.1
RUN3239,Cumulative Emissions per capita,GHG_pc_2024,0.2,Gross National Income,GNI,0.5,Transition Climate Risk (EIB),EIB_TR,0.1,UN Multilateral Engagement Score,UN_Index,0.2
RUN3240,Cumulative Emissions per capita,GHG_pc_2024,0.2,Gross National Income,GNI,0.5,Transition Climate Risk (EIB),EIB_TR,0.2,UN Multilateral Engagement Score,UN_Index,0.1
RUN3241,Cumulative Emissions per capita,GHG_pc_2024,0.2,Gross National Income,GNI,0.6,Transition Climate Risk (EIB),EIB_TR,0.1,UN Multilateral Engagement Score,UN_Index,0.1
RUN3242,Cumulative Emissions per capita,GHG_pc_2024,0.3,Gross National Income,GNI,0.1,Transition Climate Risk (EIB),EIB_TR,0.1,UN Multilateral Engagement Score,UN_Index,0.5
RUN3243,Cumulative Emissions per capita,GHG_pc_2024,0.3,Gross National Income,GNI,0.1,Transition Climate Risk (EIB),EIB_TR,0.2,UN Multilateral Engagement Score,UN_Index,0.4
RUN3244,Cumulative Emissions per capita,GHG_pc_2024,0.3,Gross National Income,GNI,0.1,Transition Climate Risk (EIB),EIB_TR,0.3,UN Multilateral Engagement Score,UN_Index,0.3
RUN3245,Cumulative Emissions per capita,GHG_pc_2024,0.3,Gross National Income,GNI,0.1,Transition Climate Risk (EIB),EIB_TR,0.4,UN Multilateral Engagement Score,UN_Index,0.2
RUN3246,Cumulative Emissions per capita,GHG_pc_2024,0.3,Gross National Income,GNI,0.1,Transition Climate Risk (EIB),EIB_TR,0.5,UN Multilateral Engagement Score,UN_Index,0.1
RUN3247,Cumulative Emissions per capita,GHG_pc_2024,0.3,Gross National Income,GNI,0.2,Transition Climate Risk (EIB),EIB_TR,0.1,UN Multilateral Engagement Score,UN_Index,0.4
RUN3248,Cumulative Emissions per capita,GHG_pc_2024,0.3,Gross National Income,GNI,0.2,Transition Climate Risk (EIB),EIB_TR,0.2,UN Multilateral Engagement Score,UN_Index,0.3
RUN3249,Cumulative Emissions per capita,GHG_pc_2024,0.3,Gross National Income,GNI,0.2,Transition Climate Risk (EIB),EIB_TR,0.3,UN Multilateral Engagement Score,UN_Index,0.2
RUN3250,Cumulative Emissions per capita,GHG_pc_2024,0.3,Gross National Income,GNI,0.2,Transition Climate Risk (EIB),EIB_TR,0.4,UN Multilateral Engagement Score,UN_Index,0.1
RUN3251,Cumulative Emissions per capita,GHG_pc_2024,0.3,Gross National Income,GNI,0.3,Transition Climate Risk (EIB),EIB_TR,0.1,UN Multilateral Engagement Score,UN_Index,0.3
RUN3252,Cumulative Emissions per capita,GHG_pc_2024,0.3,Gross National Income,GNI,0.3,Transition Climate Risk (EIB),EIB_TR,0.2,UN Multilateral Engagement Score,UN_Index,0.2
RUN3253,Cumulative Emissions per capita,GHG_pc_2024,0.3,Gross National Income,GNI,0.3,Transition Climate Risk (EIB),EIB_TR,0.3,UN Multilateral Engagement Score,UN_Index,0.1
RUN3254,Cumulative Emissions per capita,GHG_pc_2024,0.3,Gross National Income,GNI,0.4,Transition Climate Risk (EIB),EIB_TR,0.1,UN Multilateral Engagement Score,UN_Index,0.2
RUN3255,Cumulative Emissions per capita,GHG_pc_2024,0.3,Gross National Income,GNI,0.4,Transition Climate Risk (EIB),EIB_TR,0.2,UN Multilateral Engagement Score,UN_Index,0.1
RUN3256,Cumulative Emissions per capita,GHG_pc_2024,0.3,Gross National Income,GNI,0.5,Transition Climate Risk (EIB),EIB_TR,0.1,UN Multilateral Engagement Score,UN_Index,0.1
RUN3257,Cumulative Emissions per capita,GHG_pc_2024,0.4,Gross National Income,GNI,0.1,Transition Climate Risk (EIB),EIB_TR,0.1,UN Multilateral Engagement Score,UN_Index,0.4
RUN3258,Cumulative Emissions per capita,GHG_pc_2024,0.4,Gross National Income,GNI,0.1,Transition Climate Risk (EIB),EIB_TR,0.2,UN Multilateral Engagement Score,UN_Index,0.3
RUN3259,Cumulative Emissions per capita,GHG_pc_2024,0.4,Gross National Income,GNI,0.1,Transition Climate Risk (EIB),EIB_TR,0.3,UN Multilateral Engagement Score,UN_Index,0.2
RUN3260,Cumulative Emissions per capita,GHG_pc_2024,0.4,Gross National Income,GNI,0.1,Transition Climate Risk (EIB),EIB_TR,0.4,UN Multilateral Engagement Score,UN_Index,0.1
RUN3261,Cumulative Emissions per capita,GHG_pc_2024,0.4,Gross National Income,GNI,0.2,Transition Climate Risk (EIB),EIB_TR,0.1,UN Multilateral Engagement Score,UN_Index,0.3
RUN3262,Cumulative Emissions per capita,GHG_pc_2024,0.4,Gross National Income,GNI,0.2,Transition Climate Risk (EIB),EIB_TR,0.2,UN Multilateral Engagement Score,UN_Index,0.2
RUN3263,Cumulative Emissions per capita,GHG_pc_2024,0.4,Gross National Income,GNI,0.2,Transition Climate Risk (EIB),EIB_TR,0.3,UN Multilateral Engagement Score,UN_Index,0.1
RUN3264,Cumulative Emissions per capita,GHG_pc_2024,0.4,Gross National Income,GNI,0.3,Transition Climate Risk (EIB),EIB_TR,0.1,UN Multilateral Engagement Score,UN_Index,0.2
RUN3265,Cumulative Emissions per capita,GHG_pc_2024,0.4,Gross National Income,GNI,0.3,Transition Climate Risk (EIB),EIB_TR,0.2,UN Multilateral Engagement Score,UN_Index,0.1
RUN3266,Cumulative Emissions per capita,GHG_pc_2024,0.4,Gross National Income,GNI,0.4,Transition Climate Risk (EIB),EIB_TR,0.1,UN Multilateral Engagement Score,UN_Index,0.1
RUN3267,Cumulative Emissions per capita,GHG_pc_2024,0.5,Gross National Income,GNI,0.1,Transition Climate Risk (EIB),EIB_TR,0.1,UN Multilateral Engagement Score,UN_Index,0.3
RUN3268,Cumulative Emissions per capita,GHG_pc_2024,0.5,Gross National Income,GNI,0.1,Transition Climate Risk (EIB),EIB_TR,0.2,UN Multilateral Engagement Score,UN_Index,0.2
RUN3269,Cumulative Emissions per capita,GHG_pc_2024,0.5,Gross National Income,GNI,0.1,Transition Climate Risk (EIB),EIB_TR,0.3,UN Multilateral Engagement Score,UN_Index,0.1
RUN3270,Cumulative Emissions per capita,GHG_pc_2024,0.5,Gross National Income,GNI,0.2,Transition Climate Risk (EIB),EIB_TR,0.1,UN Multilateral Engagement Score,UN_Index,0.2
RUN3271,Cumulative Emissions per capita,GHG_pc_2024,0.5,Gross National Income,GNI,0.2,Transition Climate Risk (EIB),EIB_TR,0.2,UN Multilateral Engagement Score,UN_Index,0.1
RUN3272,Cumulative Emissions per capita,GHG_pc_2024,0.5,Gross National Income,GNI,0.3,Transition Climate Risk (EIB),EIB_TR,0.1,UN Multilateral Engagement Score,UN_Index,0.1
RUN3273,Cumulative Emissions per capita,GHG_pc_2024,0.6,Gross National Income,GNI,0.1,Transition Climate Risk (EIB),EIB_TR,0.1,UN Multilateral Engagement Score,UN_Index,0.2
RUN3274,Cumulative Emissions per capita,GHG_pc_2024,0.6,Gross National Income,GNI,0.1,Transition Climate Risk (EIB),EIB_TR,0.2,UN Multilateral Engagement Score,UN_Index,0.1
RUN3275,Cumulative Emissions per capita,GHG_pc_2024,0.6,Gross National Income,GNI,0.2,Transition Climate Risk (EIB),EIB_TR,0.1,UN Multilateral Engagement Score,UN_Index,0.1
RUN3276,Cumulative Emissions per capita,GHG_pc_2024,0.7,Gross National Income,GNI,0.1,Transition Climate Risk (EIB),EIB_TR,0.1,UN Multilateral Engagement Score,UN_Index,0.1
RUN3277,Cumulative Emissions per capita,GHG_pc_2024,0.1,Gross National Product,GDP,0.1,Climate Risk and Vulnerability Index,GAIN_CR,0.1,UN Multilateral Engagement Score,UN_Index,0.7
RUN3278,Cumulative Emissions per capita,GHG_pc_2024,0.1,Gross National Product,GDP,0.1,Climate Risk and Vulnerability Index,GAIN_CR,0.2,UN Multilateral Engagement Score,UN_Index,0.6
RUN3279,Cumulative Emissions per capita,GHG_pc_2024,0.1,Gross National Product,GDP,0.1,Climate Risk and Vulnerability Index,GAIN_CR,0.3,UN Multilateral Engagement Score,UN_Index,0.5
RUN3280,Cumulative Emissions per capita,GHG_pc_2024,0.1,Gross National Product,GDP,0.1,Climate Risk and Vulnerability Index,GAIN_CR,0.4,UN Multilateral Engagement Score,UN_Index,0.4
RUN3281,Cumulative Emissions per capita,GHG_pc_2024,0.1,Gross National Product,GDP,0.1,Climate Risk and Vulnerability Index,GAIN_CR,0.5,UN Multilateral Engagement Score,UN_Index,0.3
RUN3282,Cumulative Emissions per capita,GHG_pc_2024,0.1,Gross National Product,GDP,0.1,Climate Risk and Vulnerability Index,GAIN_CR,0.6,UN Multilateral Engagement Score,UN_Index,0.2
RUN3283,Cumulative Emissions per capita,GHG_pc_2024,0.1,Gross National Product,GDP,0.1,Climate Risk and Vulnerability Index,GAIN_CR,0.7,UN Multilateral Engagement Score,UN_Index,0.1
RUN3284,Cumulative Emissions per capita,GHG_pc_2024,0.1,Gross National Product,GDP,0.2,Climate Risk and Vulnerability Index,GAIN_CR,0.1,UN Multilateral Engagement Score,UN_Index,0.6
RUN3285,Cumulative Emissions per capita,GHG_pc_2024,0.1,Gross National Product,GDP,0.2,Climate Risk and Vulnerability Index,GAIN_CR,0.2,UN Multilateral Engagement Score,UN_Index,0.5
RUN3286,Cumulative Emissions per capita,GHG_pc_2024,0.1,Gross National Product,GDP,0.2,Climate Risk and Vulnerability Index,GAIN_CR,0.3,UN Multilateral Engagement Score,UN_Index,0.4
RUN3287,Cumulative Emissions per capita,GHG_pc_2024,0.1,Gross National Product,GDP,0.2,Climate Risk and Vulnerability Index,GAIN_CR,0.4,UN Multilateral Engagement Score,UN_Index,0.3
RUN3288,Cumulative Emissions per capita,GHG_pc_2024,0.1,Gross National Product,GDP,0.2,Climate Risk and Vulnerability Index,GAIN_CR,0.5,UN Multilateral Engagement Score,UN_Index,0.2
RUN3289,Cumulative Emissions per capita,GHG_pc_2024,0.1,Gross National Product,GDP,0.2,Climate Risk and Vulnerability Index,GAIN_CR,0.6,UN Multilateral Engagement Score,UN_Index,0.1
RUN3290,Cumulative Emissions per capita,GHG_pc_2024,0.1,Gross National Product,GDP,0.3,Climate Risk and Vulnerability Index,GAIN_CR,0.1,UN Multilateral Engagement Score,UN_Index,0.5
RUN3291,Cumulative Emissions per capita,GHG_pc_2024,0.1,Gross National Product,GDP,0.3,Climate Risk and Vulnerability Index,GAIN_CR,0.2,UN Multilateral Engagement Score,UN_Index,0.4
RUN3292,Cumulative Emissions per capita,GHG_pc_2024,0.1,Gross National Product,GDP,0.3,Climate Risk and Vulnerability Index,GAIN_CR,0.3,UN Multilateral Engagement Score,UN_Index,0.3
RUN3293,Cumulative Emissions per capita,GHG_pc_2024,0.1,Gross National Product,GDP,0.3,Climate Risk and Vulnerability Index,GAIN_CR,0.4,UN Multilateral Engagement Score,UN_Index,0.2
RUN3294,Cumulative Emissions per capita,GHG_pc_2024,0.1,Gross National Product,GDP,0.3,Climate Risk and Vulnerability Index,GAIN_CR,0.5,UN Multilateral Engagement Score,UN_Index,0.1
RUN3295,Cumulative Emissions per capita,GHG_pc_2024,0.1,Gross National Product,GDP,0.4,Climate Risk and Vulnerability Index,GAIN_CR,0.1,UN Multilateral Engagement Score,UN_Index,0.4
RUN3296,Cumulative Emissions per capita,GHG_pc_2024,0.1,Gross National Product,GDP,0.4,Climate Risk and Vulnerability Index,GAIN_CR,0.2,UN Multilateral Engagement Score,UN_Index,0.3
RUN3297,Cumulative Emissions per capita,GHG_pc_2024,0.1,Gross National Product,GDP,0.4,Climate Risk and Vulnerability Index,GAIN_CR,0.3,UN Multilateral Engagement Score,UN_Index,0.2
RUN3298,Cumulative Emissions per capita,GHG_pc_2024,0.1,Gross National Product,GDP,0.4,Climate Risk and Vulnerability Index,GAIN_CR,0.4,UN Multilateral Engagement Score,UN_Index,0.1
RUN3299,Cumulative Emissions per capita,GHG_pc_2024,0.1,Gross National Product,GDP,0.5,Climate Risk and Vulnerability Index,GAIN_CR,0.1,UN Multilateral Engagement Score,UN_Index,0.3
RUN3300,Cumulative Emissions per capita,GHG_pc_2024,0.1,Gross National Product,GDP,0.5,Climate Risk and Vulnerability Index,GAIN_CR,0.2,UN Multilateral Engagement Score,UN_Index,0.2
RUN3301,Cumulative Emissions per capita,GHG_pc_2024,0.1,Gross National Product,GDP,0.5,Climate Risk and Vulnerability Index,GAIN_CR,0.3,UN Multilateral Engagement Score,UN_Index,0.1
RUN3302,Cumulative Emissions per capita,GHG_pc_2024,0.1,Gross National Product,GDP,0.6,Climate Risk and Vulnerability Index,GAIN_CR,0.1,UN Multilateral Engagement Score,UN_Index,0.2
RUN3303,Cumulative Emissions per capita,GHG_pc_2024,0.1,Gross National Product,GDP,0.6,Climate Risk and Vulnerability Index,GAIN_CR,0.2,UN Multilateral Engagement Score,UN_Index,0.1
RUN3304,Cumulative Emissions per capita,GHG_pc_2024,0.1,Gross National Product,GDP,0.7,Climate Risk and Vulnerability Index,GAIN_CR,0.1,UN Multilateral Engagement Score,UN_Index,0.1
RUN3305,Cumulative Emissions per capita,GHG_pc_2024,0.2,Gross National Product,GDP,0.1,Climate Risk and Vulnerability Index,GAIN_CR,0.1,UN Multilateral Engagement Score,UN_Index,0.6
RUN3306,Cumulative Emissions per capita,GHG_pc_2024,0.2,Gross National Product,GDP,0.1,Climate Risk and Vulnerability Index,GAIN_CR,0.2,UN Multilateral Engagement Score,UN_Index,0.5
RUN3307,Cumulative Emissions per capita,GHG_pc_2024,0.2,Gross National Product,GDP,0.1,Climate Risk and Vulnerability Index,GAIN_CR,0.3,UN Multilateral Engagement Score,UN_Index,0.4
RUN3308,Cumulative Emissions per capita,GHG_pc_2024,0.2,Gross National Product,GDP,0.1,Climate Risk and Vulnerability Index,GAIN_CR,0.4,UN Multilateral Engagement Score,UN_Index,0.3
RUN3309,Cumulative Emissions per capita,GHG_pc_2024,0.2,Gross National Product,GDP,0.1,Climate Risk and Vulnerability Index,GAIN_CR,0.5,UN Multilateral Engagement Score,UN_Index,0.2
RUN3310,Cumulative Emissions per capita,GHG_pc_2024,0.2,Gross National Product,GDP,0.1,Climate Risk and Vulnerability Index,GAIN_CR,0.6,UN Multilateral Engagement Score,UN_Index,0.1
RUN3311,Cumulative Emissions per capita,GHG_pc_2024,0.2,Gross National Product,GDP,0.2,Climate Risk and Vulnerability Index,GAIN_CR,0.1,UN Multilateral Engagement Score,UN_Index,0.5
RUN3312,Cumulative Emissions per capita,GHG_pc_2024,0.2,Gross National Product,GDP,0.2,Climate Risk and Vulnerability Index,GAIN_CR,0.2,UN Multilateral Engagement Score,UN_Index,0.4
RUN3313,Cumulative Emissions per capita,GHG_pc_2024,0.2,Gross National Product,GDP,0.2,Climate Risk and Vulnerability Index,GAIN_CR,0.3,UN Multilateral Engagement Score,UN_Index,0.3
RUN3314,Cumulative Emissions per capita,GHG_pc_2024,0.2,Gross National Product,GDP,0.2,Climate Risk and Vulnerability Index,GAIN_CR,0.4,UN Multilateral Engagement Score,UN_Index,0.2
RUN3315,Cumulative Emissions per capita,GHG_pc_2024,0.2,Gross National Product,GDP,0.2,Climate Risk and Vulnerability Index,GAIN_CR,0.5,UN Multilateral Engagement Score,UN_Index,0.1
RUN3316,Cumulative Emissions per capita,GHG_pc_2024,0.2,Gross National Product,GDP,0.3,Climate Risk and Vulnerability Index,GAIN_CR,0.1,UN Multilateral Engagement Score,UN_Index,0.4
RUN3317,Cumulative Emissions per capita,GHG_pc_2024,0.2,Gross National Product,GDP,0.3,Climate Risk and Vulnerability Index,GAIN_CR,0.2,UN Multilateral Engagement Score,UN_Index,0.3
RUN3318,Cumulative Emissions per capita,GHG_pc_2024,0.2,Gross National Product,GDP,0.3,Climate Risk and Vulnerability Index,GAIN_CR,0.3,UN Multilateral Engagement Score,UN_Index,0.2
RUN3319,Cumulative Emissions per capita,GHG_pc_2024,0.2,Gross National Product,GDP,0.3,Climate Risk and Vulnerability Index,GAIN_CR,0.4,UN Multilateral Engagement Score,UN_Index,0.1
RUN3320,Cumulative Emissions per capita,GHG_pc_2024,0.2,Gross National Product,GDP,0.4,Climate Risk and Vulnerability Index,GAIN_CR,0.1,UN Multilateral Engagement Score,UN_Index,0.3
RUN3321,Cumulative Emissions per capita,GHG_pc_2024,0.2,Gross National Product,GDP,0.4,Climate Risk and Vulnerability Index,GAIN_CR,0.2,UN Multilateral Engagement Score,UN_Index,0.2
RUN3322,Cumulative Emissions per capita,GHG_pc_2024,0.2,Gross National Product,GDP,0.4,Climate Risk and Vulnerability Index,GAIN_CR,0.3,UN Multilateral Engagement Score,UN_Index,0.1
RUN3323,Cumulative Emissions per capita,GHG_pc_2024,0.2,Gross National Product,GDP,0.5,Climate Risk and Vulnerability Index,GAIN_CR,0.1,UN Multilateral Engagement Score,UN_Index,0.2
RUN3324,Cumulative Emissions per capita,GHG_pc_2024,0.2,Gross National Product,GDP,0.5,Climate Risk and Vulnerability Index,GAIN_CR,0.2,UN Multilateral Engagement Score,UN_Index,0.1
RUN3325,Cumulative Emissions per capita,GHG_pc_2024,0.2,Gross National Product,GDP,0.6,Climate Risk and Vulnerability Index,GAIN_CR,0.1,UN Multilateral Engagement Score,UN_Index,0.1
RUN3326,Cumulative Emissions per capita,GHG_pc_2024,0.3,Gross National Product,GDP,0.1,Climate Risk and Vulnerability Index,GAIN_CR,0.1,UN Multilateral Engagement Score,UN_Index,0.5
RUN3327,Cumulative Emissions per capita,GHG_pc_2024,0.3,Gross National Product,GDP,0.1,Climate Risk and Vulnerability Index,GAIN_CR,0.2,UN Multilateral Engagement Score,UN_Index,0.4
RUN3328,Cumulative Emissions per capita,GHG_pc_2024,0.3,Gross National Product,GDP,0.1,Climate Risk and Vulnerability Index,GAIN_CR,0.3,UN Multilateral Engagement Score,UN_Index,0.3
RUN3329,Cumulative Emissions per capita,GHG_pc_2024,0.3,Gross National Product,GDP,0.1,Climate Risk and Vulnerability Index,GAIN_CR,0.4,UN Multilateral Engagement Score,UN_Index,0.2
RUN3330,Cumulative Emissions per capita,GHG_pc_2024,0.3,Gross National Product,GDP,0.1,Climate Risk and Vulnerability Index,GAIN_CR,0.5,UN Multilateral Engagement Score,UN_Index,0.1
RUN3331,Cumulative Emissions per capita,GHG_pc_2024,0.3,Gross National Product,GDP,0.2,Climate Risk and Vulnerability Index,GAIN_CR,0.1,UN Multilateral Engagement Score,UN_Index,0.4
RUN3332,Cumulative Emissions per capita,GHG_pc_2024,0.3,Gross National Product,GDP,0.2,Climate Risk and Vulnerability Index,GAIN_CR,0.2,UN Multilateral Engagement Score,UN_Index,0.3
RUN3333,Cumulative Emissions per capita,GHG_pc_2024,0.3,Gross National Product,GDP,0.2,Climate Risk and Vulnerability Index,GAIN_CR,0.3,UN Multilateral Engagement Score,UN_Index,0.2
RUN3334,Cumulative Emissions per capita,GHG_pc_2024,0.3,Gross National Product,GDP,0.2,Climate Risk and Vulnerability Index,GAIN_CR,0.4,UN Multilateral Engagement Score,UN_Index,0.1
RUN3335,Cumulative Emissions per capita,GHG_pc_2024,0.3,Gross National Product,GDP,0.3,Climate Risk and Vulnerability Index,GAIN_CR,0.1,UN Multilateral Engagement Score,UN_Index,0.3
RUN3336,Cumulative Emissions per capita,GHG_pc_2024,0.3,Gross National Product,GDP,0.3,Climate Risk and Vulnerability Index,GAIN_CR,0.2,UN Multilateral Engagement Score,UN_Index,0.2
RUN3337,Cumulative Emissions per capita,GHG_pc_2024,0.3,Gross National Product,GDP,0.3,Climate Risk and Vulnerability Index,GAIN_CR,0.3,UN Multilateral Engagement Score,UN_Index,0.1
RUN3338,Cumulative Emissions per capita,GHG_pc_2024,0.3,Gross National Product,GDP,0.4,Climate Risk and Vulnerability Index,GAIN_CR,0.1,UN Multilateral Engagement Score,UN_Index,0.2
RUN3339,Cumulative Emissions per capita,GHG_pc_2024,0.3,Gross National Product,GDP,0.4,Climate Risk and Vulnerability Index,GAIN_CR,0.2,UN Multilateral Engagement Score,UN_Index,0.1
RUN3340,Cumulative Emissions per capita,GHG_pc_2024,0.3,Gross National Product,GDP,0.5,Climate Risk and Vulnerability Index,GAIN_CR,0.1,UN Multilateral Engagement Score,UN_Index,0.1
RUN3341,Cumulative Emissions per capita,GHG_pc_2024,0.4,Gross National Product,GDP,0.1,Climate Risk and Vulnerability Index,GAIN_CR,0.1,UN Multilateral Engagement Score,UN_Index,0.4
RUN3342,Cumulative Emissions per capita,GHG_pc_2024,0.4,Gross National Product,GDP,0.1,Climate Risk and Vulnerability Index,GAIN_CR,0.2,UN Multilateral Engagement Score,UN_Index,0.3
RUN3343,Cumulative Emissions per capita,GHG_pc_2024,0.4,Gross National Product,GDP,0.1,Climate Risk and Vulnerability Index,GAIN_CR,0.3,UN Multilateral Engagement Score,UN_Index,0.2
RUN3344,Cumulative Emissions per capita,GHG_pc_2024,0.4,Gross National Product,GDP,0.1,Climate Risk and Vulnerability Index,GAIN_CR,0.4,UN Multilateral Engagement Score,UN_Index,0.1
RUN3345,Cumulative Emissions per capita,GHG_pc_2024,0.4,Gross National Product,GDP,0.2,Climate Risk and Vulnerability Index,GAIN_CR,0.1,UN Multilateral Engagement Score,UN_Index,0.3
RUN3346,Cumulative Emissions per capita,GHG_pc_2024,0.4,Gross National Product,GDP,0.2,Climate Risk and Vulnerability Index,GAIN_CR,0.2,UN Multilateral Engagement Score,UN_Index,0.2
RUN3347,Cumulative Emissions per capita,GHG_pc_2024,0.4,Gross National Product,GDP,0.2,Climate Risk and Vulnerability Index,GAIN_CR,0.3,UN Multilateral Engagement Score,UN_Index,0.1
RUN3348,Cumulative Emissions per capita,GHG_pc_2024,0.4,Gross National Product,GDP,0.3,Climate Risk and Vulnerability Index,GAIN_CR,0.1,UN Multilateral Engagement Score,UN_Index,0.2
RUN3349,Cumulative Emissions per capita,GHG_pc_2024,0.4,Gross National Product,GDP,0.3,Climate Risk and Vulnerability Index,GAIN_CR,0.2,UN Multilateral Engagement Score,UN_Index,0.1
RUN3350,Cumulative Emissions per capita,GHG_pc_2024,0.4,Gross National Product,GDP,0.4,Climate Risk and Vulnerability Index,GAIN_CR,0.1,UN Multilateral Engagement Score,UN_Index,0.1
RUN3351,Cumulative Emissions per capita,GHG_pc_2024,0.5,Gross National Product,GDP,0.1,Climate Risk and Vulnerability Index,GAIN_CR,0.1,UN Multilateral Engagement Score,UN_Index,0.3
RUN3352,Cumulative Emissions per capita,GHG_pc_2024,0.5,Gross National Product,GDP,0.1,Climate Risk and Vulnerability Index,GAIN_CR,0.2,UN Multilateral Engagement Score,UN_Index,0.2
RUN3353,Cumulative Emissions per capita,GHG_pc_2024,0.5,Gross National Product,GDP,0.1,Climate Risk and Vulnerability Index,GAIN_CR,0.3,UN Multilateral Engagement Score,UN_Index,0.1
RUN3354,Cumulative Emissions per capita,GHG_pc_2024,0.5,Gross National Product,GDP,0.2,Climate Risk and Vulnerability Index,GAIN_CR,0.1,UN Multilateral Engagement Score,UN_Index,0.2
RUN3355,Cumulative Emissions per capita,GHG_pc_2024,0.5,Gross National Product,GDP,0.2,Climate Risk and Vulnerability Index,GAIN_CR,0.2,UN Multilateral Engagement Score,UN_Index,0.1
RUN3356,Cumulative Emissions per capita,GHG_pc_2024,0.5,Gross National Product,GDP,0.3,Climate Risk and Vulnerability Index,GAIN_CR,0.1,UN Multilateral Engagement Score,UN_Index,0.1
RUN3357,Cumulative Emissions per capita,GHG_pc_2024,0.6,Gross National Product,GDP,0.1,Climate Risk and Vulnerability Index,GAIN_CR,0.1,UN Multilateral Engagement Score,UN_Index,0.2
RUN3358,Cumulative Emissions per capita,GHG_pc_2024,0.6,Gross National Product,GDP,0.1,Climate Risk and Vulnerability Index,GAIN_CR,0.2,UN Multilateral Engagement Score,UN_Index,0.1
RUN3359,Cumulative Emissions per capita,GHG_pc_2024,0.6,Gross National Product,GDP,0.2,Climate Risk and Vulnerability Index,GAIN_CR,0.1,UN Multilateral Engagement Score,UN_Index,0.1
RUN3360,Cumulative Emissions per capita,GHG_pc_2024,0.7,Gross National Product,GDP,0.1,Climate Risk and Vulnerability Index,GAIN_CR,0.1,UN Multilateral Engagement Score,UN_Index,0.1
RUN3361,Cumulative Emissions per capita,GHG_pc_2024,0.1,Gross National Product,GDP,0.1,Physical Climate Risk (EIB),EIB_PR,0.1,UN Multilateral Engagement Score,UN_Index,0.7
RUN3362,Cumulative Emissions per capita,GHG_pc_2024,0.1,Gross National Product,GDP,0.1,Physical Climate Risk (EIB),EIB_PR,0.2,UN Multilateral Engagement Score,UN_Index,0.6
RUN3363,Cumulative Emissions per capita,GHG_pc_2024,0.1,Gross National Product,GDP,0.1,Physical Climate Risk (EIB),EIB_PR,0.3,UN Multilateral Engagement Score,UN_Index,0.5
RUN3364,Cumulative Emissions per capita,GHG_pc_2024,0.1,Gross National Product,GDP,0.1,Physical Climate Risk (EIB),EIB_PR,0.4,UN Multilateral Engagement Score,UN_Index,0.4
RUN3365,Cumulative Emissions per capita,GHG_pc_2024,0.1,Gross National Product,GDP,0.1,Physical Climate Risk (EIB),EIB_PR,0.5,UN Multilateral Engagement Score,UN_Index,0.3
RUN3366,Cumulative Emissions per capita,GHG_pc_2024,0.1,Gross National Product,GDP,0.1,Physical Climate Risk (EIB),EIB_PR,0.6,UN Multilateral Engagement Score,UN_Index,0.2
RUN3367,Cumulative Emissions per capita,GHG_pc_2024,0.1,Gross National Product,GDP,0.1,Physical Climate Risk (EIB),EIB_PR,0.7,UN Multilateral Engagement Score,UN_Index,0.1
RUN3368,Cumulative Emissions per capita,GHG_pc_2024,0.1,Gross National Product,GDP,0.2,Physical Climate Risk (EIB),EIB_PR,0.1,UN Multilateral Engagement Score,UN_Index,0.6
RUN3369,Cumulative Emissions per capita,GHG_pc_2024,0.1,Gross National Product,GDP,0.2,Physical Climate Risk (EIB),EIB_PR,0.2,UN Multilateral Engagement Score,UN_Index,0.5
RUN3370,Cumulative Emissions per capita,GHG_pc_2024,0.1,Gross National Product,GDP,0.2,Physical Climate Risk (EIB),EIB_PR,0.3,UN Multilateral Engagement Score,UN_Index,0.4
RUN3371,Cumulative Emissions per capita,GHG_pc_2024,0.1,Gross National Product,GDP,0.2,Physical Climate Risk (EIB),EIB_PR,0.4,UN Multilateral Engagement Score,UN_Index,0.3
RUN3372,Cumulative Emissions per capita,GHG_pc_2024,0.1,Gross National Product,GDP,0.2,Physical Climate Risk (EIB),EIB_PR,0.5,UN Multilateral Engagement Score,UN_Index,0.2
RUN3373,Cumulative Emissions per capita,GHG_pc_2024,0.1,Gross National Product,GDP,0.2,Physical Climate Risk (EIB),EIB_PR,0.6,UN Multilateral Engagement Score,UN_Index,0.1
RUN3374,Cumulative Emissions per capita,GHG_pc_2024,0.1,Gross National Product,GDP,0.3,Physical Climate Risk (EIB),EIB_PR,0.1,UN Multilateral Engagement Score,UN_Index,0.5
RUN3375,Cumulative Emissions per capita,GHG_pc_2024,0.1,Gross National Product,GDP,0.3,Physical Climate Risk (EIB),EIB_PR,0.2,UN Multilateral Engagement Score,UN_Index,0.4
RUN3376,Cumulative Emissions per capita,GHG_pc_2024,0.1,Gross National Product,GDP,0.3,Physical Climate Risk (EIB),EIB_PR,0.3,UN Multilateral Engagement Score,UN_Index,0.3
RUN3377,Cumulative Emissions per capita,GHG_pc_2024,0.1,Gross National Product,GDP,0.3,Physical Climate Risk (EIB),EIB_PR,0.4,UN Multilateral Engagement Score,UN_Index,0.2
RUN3378,Cumulative Emissions per capita,GHG_pc_2024,0.1,Gross National Product,GDP,0.3,Physical Climate Risk (EIB),EIB_PR,0.5,UN Multilateral Engagement Score,UN_Index,0.1
RUN3379,Cumulative Emissions per capita,GHG_pc_2024,0.1,Gross National Product,GDP,0.4,Physical Climate Risk (EIB),EIB_PR,0.1,UN Multilateral Engagement Score,UN_Index,0.4
RUN3380,Cumulative Emissions per capita,GHG_pc_2024,0.1,Gross National Product,GDP,0.4,Physical Climate Risk (EIB),EIB_PR,0.2,UN Multilateral Engagement Score,UN_Index,0.3
RUN3381,Cumulative Emissions per capita,GHG_pc_2024,0.1,Gross National Product,GDP,0.4,Physical Climate Risk (EIB),EIB_PR,0.3,UN Multilateral Engagement Score,UN_Index,0.2
RUN3382,Cumulative Emissions per capita,GHG_pc_2024,0.1,Gross National Product,GDP,0.4,Physical Climate Risk (EIB),EIB_PR,0.4,UN Multilateral Engagement Score,UN_Index,0.1
RUN3383,Cumulative Emissions per capita,GHG_pc_2024,0.1,Gross National Product,GDP,0.5,Physical Climate Risk (EIB),EIB_PR,0.1,UN Multilateral Engagement Score,UN_Index,0.3
RUN3384,Cumulative Emissions per capita,GHG_pc_2024,0.1,Gross National Product,GDP,0.5,Physical Climate Risk (EIB),EIB_PR,0.2,UN Multilateral Engagement Score,UN_Index,0.2
RUN3385,Cumulative Emissions per capita,GHG_pc_2024,0.1,Gross National Product,GDP,0.5,Physical Climate Risk (EIB),EIB_PR,0.3,UN Multilateral Engagement Score,UN_Index,0.1
RUN3386,Cumulative Emissions per capita,GHG_pc_2024,0.1,Gross National Product,GDP,0.6,Physical Climate Risk (EIB),EIB_PR,0.1,UN Multilateral Engagement Score,UN_Index,0.2
RUN3387,Cumulative Emissions per capita,GHG_pc_2024,0.1,Gross National Product,GDP,0.6,Physical Climate Risk (EIB),EIB_PR,0.2,UN Multilateral Engagement Score,UN_Index,0.1
RUN3388,Cumulative Emissions per capita,GHG_pc_2024,0.1,Gross National Product,GDP,0.7,Physical Climate Risk (EIB),EIB_PR,0.1,UN Multilateral Engagement Score,UN_Index,0.1
RUN3389,Cumulative Emissions per capita,GHG_pc_2024,0.2,Gross National Product,GDP,0.1,Physical Climate Risk (EIB),EIB_PR,0.1,UN Multilateral Engagement Score,UN_Index,0.6
RUN3390,Cumulative Emissions per capita,GHG_pc_2024,0.2,Gross National Product,GDP,0.1,Physical Climate Risk (EIB),EIB_PR,0.2,UN Multilateral Engagement Score,UN_Index,0.5
RUN3391,Cumulative Emissions per capita,GHG_pc_2024,0.2,Gross National Product,GDP,0.1,Physical Climate Risk (EIB),EIB_PR,0.3,UN Multilateral Engagement Score,UN_Index,0.4
RUN3392,Cumulative Emissions per capita,GHG_pc_2024,0.2,Gross National Product,GDP,0.1,Physical Climate Risk (EIB),EIB_PR,0.4,UN Multilateral Engagement Score,UN_Index,0.3
RUN3393,Cumulative Emissions per capita,GHG_pc_2024,0.2,Gross National Product,GDP,0.1,Physical Climate Risk (EIB),EIB_PR,0.5,UN Multilateral Engagement Score,UN_Index,0.2
RUN3394,Cumulative Emissions per capita,GHG_pc_2024,0.2,Gross National Product,GDP,0.1,Physical Climate Risk (EIB),EIB_PR,0.6,UN Multilateral Engagement Score,UN_Index,0.1
RUN3395,Cumulative Emissions per capita,GHG_pc_2024,0.2,Gross National Product,GDP,0.2,Physical Climate Risk (EIB),EIB_PR,0.1,UN Multilateral Engagement Score,UN_Index,0.5
RUN3396,Cumulative Emissions per capita,GHG_pc_2024,0.2,Gross National Product,GDP,0.2,Physical Climate Risk (EIB),EIB_PR,0.2,UN Multilateral Engagement Score,UN_Index,0.4
RUN3397,Cumulative Emissions per capita,GHG_pc_2024,0.2,Gross National Product,GDP,0.2,Physical Climate Risk (EIB),EIB_PR,0.3,UN Multilateral Engagement Score,UN_Index,0.3
RUN3398,Cumulative Emissions per capita,GHG_pc_2024,0.2,Gross National Product,GDP,0.2,Physical Climate Risk (EIB),EIB_PR,0.4,UN Multilateral Engagement Score,UN_Index,0.2
RUN3399,Cumulative Emissions per capita,GHG_pc_2024,0.2,Gross National Product,GDP,0.2,Physical Climate Risk (EIB),EIB_PR,0.5,UN Multilateral Engagement Score,UN_Index,0.1
RUN3400,Cumulative Emissions per capita,GHG_pc_2024,0.2,Gross National Product,GDP,0.3,Physical Climate Risk (EIB),EIB_PR,0.1,UN Multilateral Engagement Score,UN_Index,0.4
RUN3401,Cumulative Emissions per capita,GHG_pc_2024,0.2,Gross National Product,GDP,0.3,Physical Climate Risk (EIB),EIB_PR,0.2,UN Multilateral Engagement Score,UN_Index,0.3
RUN3402,Cumulative Emissions per capita,GHG_pc_2024,0.2,Gross National Product,GDP,0.3,Physical Climate Risk (EIB),EIB_PR,0.3,UN Multilateral Engagement Score,UN_Index,0.2
RUN3403,Cumulative Emissions per capita,GHG_pc_2024,0.2,Gross National Product,GDP,0.3,Physical Climate Risk (EIB),EIB_PR,0.4,UN Multilateral Engagement Score,UN_Index,0.1
RUN3404,Cumulative Emissions per capita,GHG_pc_2024,0.2,Gross National Product,GDP,0.4,Physical Climate Risk (EIB),EIB_PR,0.1,UN Multilateral Engagement Score,UN_Index,0.3
RUN3405,Cumulative Emissions per capita,GHG_pc_2024,0.2,Gross National Product,GDP,0.4,Physical Climate Risk (EIB),EIB_PR,0.2,UN Multilateral Engagement Score,UN_Index,0.2
RUN3406,Cumulative Emissions per capita,GHG_pc_2024,0.2,Gross National Product,GDP,0.4,Physical Climate Risk (EIB),EIB_PR,0.3,UN Multilateral Engagement Score,UN_Index,0.1
RUN3407,Cumulative Emissions per capita,GHG_pc_2024,0.2,Gross National Product,GDP,0.5,Physical Climate Risk (EIB),EIB_PR,0.1,UN Multilateral Engagement Score,UN_Index,0.2
RUN3408,Cumulative Emissions per capita,GHG_pc_2024,0.2,Gross National Product,GDP,0.5,Physical Climate Risk (EIB),EIB_PR,0.2,UN Multilateral Engagement Score,UN_Index,0.1
RUN3409,Cumulative Emissions per capita,GHG_pc_2024,0.2,Gross National Product,GDP,0.6,Physical Climate Risk (EIB),EIB_PR,0.1,UN Multilateral Engagement Score,UN_Index,0.1
RUN3410,Cumulative Emissions per capita,GHG_pc_2024,0.3,Gross National Product,GDP,0.1,Physical Climate Risk (EIB),EIB_PR,0.1,UN Multilateral Engagement Score,UN_Index,0.5
RUN3411,Cumulative Emissions per capita,GHG_pc_2024,0.3,Gross National Product,GDP,0.1,Physical Climate Risk (EIB),EIB_PR,0.2,UN Multilateral Engagement Score,UN_Index,0.4
RUN3412,Cumulative Emissions per capita,GHG_pc_2024,0.3,Gross National Product,GDP,0.1,Physical Climate Risk (EIB),EIB_PR,0.3,UN Multilateral Engagement Score,UN_Index,0.3
RUN3413,Cumulative Emissions per capita,GHG_pc_2024,0.3,Gross National Product,GDP,0.1,Physical Climate Risk (EIB),EIB_PR,0.4,UN Multilateral Engagement Score,UN_Index,0.2
RUN3414,Cumulative Emissions per capita,GHG_pc_2024,0.3,Gross National Product,GDP,0.1,Physical Climate Risk (EIB),EIB_PR,0.5,UN Multilateral Engagement Score,UN_Index,0.1
RUN3415,Cumulative Emissions per capita,GHG_pc_2024,0.3,Gross National Product,GDP,0.2,Physical Climate Risk (EIB),EIB_PR,0.1,UN Multilateral Engagement Score,UN_Index,0.4
RUN3416,Cumulative Emissions per capita,GHG_pc_2024,0.3,Gross National Product,GDP,0.2,Physical Climate Risk (EIB),EIB_PR,0.2,UN Multilateral Engagement Score,UN_Index,0.3
RUN3417,Cumulative Emissions per capita,GHG_pc_2024,0.3,Gross National Product,GDP,0.2,Physical Climate Risk (EIB),EIB_PR,0.3,UN Multilateral Engagement Score,UN_Index,0.2
RUN3418,Cumulative Emissions per capita,GHG_pc_2024,0.3,Gross National Product,GDP,0.2,Physical Climate Risk (EIB),EIB_PR,0.4,UN Multilateral Engagement Score,UN_Index,0.1
RUN3419,Cumulative Emissions per capita,GHG_pc_2024,0.3,Gross National Product,GDP,0.3,Physical Climate Risk (EIB),EIB_PR,0.1,UN Multilateral Engagement Score,UN_Index,0.3
RUN3420,Cumulative Emissions per capita,GHG_pc_2024,0.3,Gross National Product,GDP,0.3,Physical Climate Risk (EIB),EIB_PR,0.2,UN Multilateral Engagement Score,UN_Index,0.2
RUN3421,Cumulative Emissions per capita,GHG_pc_2024,0.3,Gross National Product,GDP,0.3,Physical Climate Risk (EIB),EIB_PR,0.3,UN Multilateral Engagement Score,UN_Index,0.1
RUN3422,Cumulative Emissions per capita,GHG_pc_2024,0.3,Gross National Product,GDP,0.4,Physical Climate Risk (EIB),EIB_PR,0.1,UN Multilateral Engagement Score,UN_Index,0.2
RUN3423,Cumulative Emissions per capita,GHG_pc_2024,0.3,Gross National Product,GDP,0.4,Physical Climate Risk (EIB),EIB_PR,0.2,UN Multilateral Engagement Score,UN_Index,0.1
RUN3424,Cumulative Emissions per capita,GHG_pc_2024,0.3,Gross National Product,GDP,0.5,Physical Climate Risk (EIB),EIB_PR,0.1,UN Multilateral Engagement Score,UN_Index,0.1
RUN3425,Cumulative Emissions per capita,GHG_pc_2024,0.4,Gross National Product,GDP,0.1,Physical Climate Risk (EIB),EIB_PR,0.1,UN Multilateral Engagement Score,UN_Index,0.4
RUN3426,Cumulative Emissions per capita,GHG_pc_2024,0.4,Gross National Product,GDP,0.1,Physical Climate Risk (EIB),EIB_PR,0.2,UN Multilateral Engagement Score,UN_Index,0.3
RUN3427,Cumulative Emissions per capita,GHG_pc_2024,0.4,Gross National Product,GDP,0.1,Physical Climate Risk (EIB),EIB_PR,0.3,UN Multilateral Engagement Score,UN_Index,0.2
RUN3428,Cumulative Emissions per capita,GHG_pc_2024,0.4,Gross National Product,GDP,0.1,Physical Climate Risk (EIB),EIB_PR,0.4,UN Multilateral Engagement Score,UN_Index,0.1
RUN3429,Cumulative Emissions per capita,GHG_pc_2024,0.4,Gross National Product,GDP,0.2,Physical Climate Risk (EIB),EIB_PR,0.1,UN Multilateral Engagement Score,UN_Index,0.3
RUN3430,Cumulative Emissions per capita,GHG_pc_2024,0.4,Gross National Product,GDP,0.2,Physical Climate Risk (EIB),EIB_PR,0.2,UN Multilateral Engagement Score,UN_Index,0.2
RUN3431,Cumulative Emissions per capita,GHG_pc_2024,0.4,Gross National Product,GDP,0.2,Physical Climate Risk (EIB),EIB_PR,0.3,UN Multilateral Engagement Score,UN_Index,0.1
RUN3432,Cumulative Emissions per capita,GHG_pc_2024,0.4,Gross National Product,GDP,0.3,Physical Climate Risk (EIB),EIB_PR,0.1,UN Multilateral Engagement Score,UN_Index,0.2
RUN3433,Cumulative Emissions per capita,GHG_pc_2024,0.4,Gross National Product,GDP,0.3,Physical Climate Risk (EIB),EIB_PR,0.2,UN Multilateral Engagement Score,UN_Index,0.1
RUN3434,Cumulative Emissions per capita,GHG_pc_2024,0.4,Gross National Product,GDP,0.4,Physical Climate Risk (EIB),EIB_PR,0.1,UN Multilateral Engagement Score,UN_Index,0.1
RUN3435,Cumulative Emissions per capita,GHG_pc_2024,0.5,Gross National Product,GDP,0.1,Physical Climate Risk (EIB),EIB_PR,0.1,UN Multilateral Engagement Score,UN_Index,0.3
RUN3436,Cumulative Emissions per capita,GHG_pc_2024,0.5,Gross National Product,GDP,0.1,Physical Climate Risk (EIB),EIB_PR,0.2,UN Multilateral Engagement Score,UN_Index,0.2
RUN3437,Cumulative Emissions per capita,GHG_pc_2024,0.5,Gross National Product,GDP,0.1,Physical Climate Risk (EIB),EIB_PR,0.3,UN Multilateral Engagement Score,UN_Index,0.1
RUN3438,Cumulative Emissions per capita,GHG_pc_2024,0.5,Gross National Product,GDP,0.2,Physical Climate Risk (EIB),EIB_PR,0.1,UN Multilateral Engagement Score,UN_Index,0.2
RUN3439,Cumulative Emissions per capita,GHG_pc_2024,0.5,Gross National Product,GDP,0.2,Physical Climate Risk (EIB),EIB_PR,0.2,UN Multilateral Engagement Score,UN_Index,0.1
RUN3440,Cumulative Emissions per capita,GHG_pc_2024,0.5,Gross National Product,GDP,0.3,Physical Climate Risk (EIB),EIB_PR,0.1,UN Multilateral Engagement Score,UN_Index,0.1
RUN3441,Cumulative Emissions per capita,GHG_pc_2024,0.6,Gross National Product,GDP,0.1,Physical Climate Risk (EIB),EIB_PR,0.1,UN Multilateral Engagement Score,UN_Index,0.2
RUN3442,Cumulative Emissions per capita,GHG_pc_2024,0.6,Gross National Product,GDP,0.1,Physical Climate Risk (EIB),EIB_PR,0.2,UN Multilateral Engagement Score,UN_Index,0.1
RUN3443,Cumulative Emissions per capita,GHG_pc_2024,0.6,Gross National Product,GDP,0.2,Physical Climate Risk (EIB),EIB_PR,0.1,UN Multilateral Engagement Score,UN_Index,0.1
RUN3444,Cumulative Emissions per capita,GHG_pc_2024,0.7,Gross National Product,GDP,0.1,Physical Climate Risk (EIB),EIB_PR,0.1,UN Multilateral Engagement Score,UN_Index,0.1
RUN3445,Cumulative Emissions per capita,GHG_pc_2024,0.1,Gross National Product,GDP,0.1,Transition Climate Risk (EIB),EIB_TR,0.1,UN Multilateral Engagement Score,UN_Index,0.7
RUN3446,Cumulative Emissions per capita,GHG_pc_2024,0.1,Gross National Product,GDP,0.1,Transition Climate Risk (EIB),EIB_TR,0.2,UN Multilateral Engagement Score,UN_Index,0.6
RUN3447,Cumulative Emissions per capita,GHG_pc_2024,0.1,Gross National Product,GDP,0.1,Transition Climate Risk (EIB),EIB_TR,0.3,UN Multilateral Engagement Score,UN_Index,0.5
RUN3448,Cumulative Emissions per capita,GHG_pc_2024,0.1,Gross National Product,GDP,0.1,Transition Climate Risk (EIB),EIB_TR,0.4,UN Multilateral Engagement Score,UN_Index,0.4
RUN3449,Cumulative Emissions per capita,GHG_pc_2024,0.1,Gross National Product,GDP,0.1,Transition Climate Risk (EIB),EIB_TR,0.5,UN Multilateral Engagement Score,UN_Index,0.3
RUN3450,Cumulative Emissions per capita,GHG_pc_2024,0.1,Gross National Product,GDP,0.1,Transition Climate Risk (EIB),EIB_TR,0.6,UN Multilateral Engagement Score,UN_Index,0.2
RUN3451,Cumulative Emissions per capita,GHG_pc_2024,0.1,Gross National Product,GDP,0.1,Transition Climate Risk (EIB),EIB_TR,0.7,UN Multilateral Engagement Score,UN_Index,0.1
RUN3452,Cumulative Emissions per capita,GHG_pc_2024,0.1,Gross National Product,GDP,0.2,Transition Climate Risk (EIB),EIB_TR,0.1,UN Multilateral Engagement Score,UN_Index,0.6
RUN3453,Cumulative Emissions per capita,GHG_pc_2024,0.1,Gross National Product,GDP,0.2,Transition Climate Risk (EIB),EIB_TR,0.2,UN Multilateral Engagement Score,UN_Index,0.5
RUN3454,Cumulative Emissions per capita,GHG_pc_2024,0.1,Gross National Product,GDP,0.2,Transition Climate Risk (EIB),EIB_TR,0.3,UN Multilateral Engagement Score,UN_Index,0.4
RUN3455,Cumulative Emissions per capita,GHG_pc_2024,0.1,Gross National Product,GDP,0.2,Transition Climate Risk (EIB),EIB_TR,0.4,UN Multilateral Engagement Score,UN_Index,0.3
RUN3456,Cumulative Emissions per capita,GHG_pc_2024,0.1,Gross National Product,GDP,0.2,Transition Climate Risk (EIB),EIB_TR,0.5,UN Multilateral Engagement Score,UN_Index,0.2
RUN3457,Cumulative Emissions per capita,GHG_pc_2024,0.1,Gross National Product,GDP,0.2,Transition Climate Risk (EIB),EIB_TR,0.6,UN Multilateral Engagement Score,UN_Index,0.1
RUN3458,Cumulative Emissions per capita,GHG_pc_2024,0.1,Gross National Product,GDP,0.3,Transition Climate Risk (EIB),EIB_TR,0.1,UN Multilateral Engagement Score,UN_Index,0.5
RUN3459,Cumulative Emissions per capita,GHG_pc_2024,0.1,Gross National Product,GDP,0.3,Transition Climate Risk (EIB),EIB_TR,0.2,UN Multilateral Engagement Score,UN_Index,0.4
RUN3460,Cumulative Emissions per capita,GHG_pc_2024,0.1,Gross National Product,GDP,0.3,Transition Climate Risk (EIB),EIB_TR,0.3,UN Multilateral Engagement Score,UN_Index,0.3
RUN3461,Cumulative Emissions per capita,GHG_pc_2024,0.1,Gross National Product,GDP,0.3,Transition Climate Risk (EIB),EIB_TR,0.4,UN Multilateral Engagement Score,UN_Index,0.2
RUN3462,Cumulative Emissions per capita,GHG_pc_2024,0.1,Gross National Product,GDP,0.3,Transition Climate Risk (EIB),EIB_TR,0.5,UN Multilateral Engagement Score,UN_Index,0.1
RUN3463,Cumulative Emissions per capita,GHG_pc_2024,0.1,Gross National Product,GDP,0.4,Transition Climate Risk (EIB),EIB_TR,0.1,UN Multilateral Engagement Score,UN_Index,0.4
RUN3464,Cumulative Emissions per capita,GHG_pc_2024,0.1,Gross National Product,GDP,0.4,Transition Climate Risk (EIB),EIB_TR,0.2,UN Multilateral Engagement Score,UN_Index,0.3
RUN3465,Cumulative Emissions per capita,GHG_pc_2024,0.1,Gross National Product,GDP,0.4,Transition Climate Risk (EIB),EIB_TR,0.3,UN Multilateral Engagement Score,UN_Index,0.2
RUN3466,Cumulative Emissions per capita,GHG_pc_2024,0.1,Gross National Product,GDP,0.4,Transition Climate Risk (EIB),EIB_TR,0.4,UN Multilateral Engagement Score,UN_Index,0.1
RUN3467,Cumulative Emissions per capita,GHG_pc_2024,0.1,Gross National Product,GDP,0.5,Transition Climate Risk (EIB),EIB_TR,0.1,UN Multilateral Engagement Score,UN_Index,0.3
RUN3468,Cumulative Emissions per capita,GHG_pc_2024,0.1,Gross National Product,GDP,0.5,Transition Climate Risk (EIB),EIB_TR,0.2,UN Multilateral Engagement Score,UN_Index,0.2
RUN3469,Cumulative Emissions per capita,GHG_pc_2024,0.1,Gross National Product,GDP,0.5,Transition Climate Risk (EIB),EIB_TR,0.3,UN Multilateral Engagement Score,UN_Index,0.1
RUN3470,Cumulative Emissions per capita,GHG_pc_2024,0.1,Gross National Product,GDP,0.6,Transition Climate Risk (EIB),EIB_TR,0.1,UN Multilateral Engagement Score,UN_Index,0.2
RUN3471,Cumulative Emissions per capita,GHG_pc_2024,0.1,Gross National Product,GDP,0.6,Transition Climate Risk (EIB),EIB_TR,0.2,UN Multilateral Engagement Score,UN_Index,0.1
RUN3472,Cumulative Emissions per capita,GHG_pc_2024,0.1,Gross National Product,GDP,0.7,Transition Climate Risk (EIB),EIB_TR,0.1,UN Multilateral Engagement Score,UN_Index,0.1
RUN3473,Cumulative Emissions per capita,GHG_pc_2024,0.2,Gross National Product,GDP,0.1,Transition Climate Risk (EIB),EIB_TR,0.1,UN Multilateral Engagement Score,UN_Index,0.6
RUN3474,Cumulative Emissions per capita,GHG_pc_2024,0.2,Gross National Product,GDP,0.1,Transition Climate Risk (EIB),EIB_TR,0.2,UN Multilateral Engagement Score,UN_Index,0.5
RUN3475,Cumulative Emissions per capita,GHG_pc_2024,0.2,Gross National Product,GDP,0.1,Transition Climate Risk (EIB),EIB_TR,0.3,UN Multilateral Engagement Score,UN_Index,0.4
RUN3476,Cumulative Emissions per capita,GHG_pc_2024,0.2,Gross National Product,GDP,0.1,Transition Climate Risk (EIB),EIB_TR,0.4,UN Multilateral Engagement Score,UN_Index,0.3
RUN3477,Cumulative Emissions per capita,GHG_pc_2024,0.2,Gross National Product,GDP,0.1,Transition Climate Risk (EIB),EIB_TR,0.5,UN Multilateral Engagement Score,UN_Index,0.2
RUN3478,Cumulative Emissions per capita,GHG_pc_2024,0.2,Gross National Product,GDP,0.1,Transition Climate Risk (EIB),EIB_TR,0.6,UN Multilateral Engagement Score,UN_Index,0.1
RUN3479,Cumulative Emissions per capita,GHG_pc_2024,0.2,Gross National Product,GDP,0.2,Transition Climate Risk (EIB),EIB_TR,0.1,UN Multilateral Engagement Score,UN_Index,0.5
RUN3480,Cumulative Emissions per capita,GHG_pc_2024,0.2,Gross National Product,GDP,0.2,Transition Climate Risk (EIB),EIB_TR,0.2,UN Multilateral Engagement Score,UN_Index,0.4
RUN3481,Cumulative Emissions per capita,GHG_pc_2024,0.2,Gross National Product,GDP,0.2,Transition Climate Risk (EIB),EIB_TR,0.3,UN Multilateral Engagement Score,UN_Index,0.3
RUN3482,Cumulative Emissions per capita,GHG_pc_2024,0.2,Gross National Product,GDP,0.2,Transition Climate Risk (EIB),EIB_TR,0.4,UN Multilateral Engagement Score,UN_Index,0.2
RUN3483,Cumulative Emissions per capita,GHG_pc_2024,0.2,Gross National Product,GDP,0.2,Transition Climate Risk (EIB),EIB_TR,0.5,UN Multilateral Engagement Score,UN_Index,0.1
RUN3484,Cumulative Emissions per capita,GHG_pc_2024,0.2,Gross National Product,GDP,0.3,Transition Climate Risk (EIB),EIB_TR,0.1,UN Multilateral Engagement Score,UN_Index,0.4
RUN3485,Cumulative Emissions per capita,GHG_pc_2024,0.2,Gross National Product,GDP,0.3,Transition Climate Risk (EIB),EIB_TR,0.2,UN Multilateral Engagement Score,UN_Index,0.3
RUN3486,Cumulative Emissions per capita,GHG_pc_2024,0.2,Gross National Product,GDP,0.3,Transition Climate Risk (EIB),EIB_TR,0.3,UN Multilateral Engagement Score,UN_Index,0.2
RUN3487,Cumulative Emissions per capita,GHG_pc_2024,0.2,Gross National Product,GDP,0.3,Transition Climate Risk (EIB),EIB_TR,0.4,UN Multilateral Engagement Score,UN_Index,0.1
RUN3488,Cumulative Emissions per capita,GHG_pc_2024,0.2,Gross National Product,GDP,0.4,Transition Climate Risk (EIB),EIB_TR,0.1,UN Multilateral Engagement Score,UN_Index,0.3
RUN3489,Cumulative Emissions per capita,GHG_pc_2024,0.2,Gross National Product,GDP,0.4,Transition Climate Risk (EIB),EIB_TR,0.2,UN Multilateral Engagement Score,UN_Index,0.2
RUN3490,Cumulative Emissions per capita,GHG_pc_2024,0.2,Gross National Product,GDP,0.4,Transition Climate Risk (EIB),EIB_TR,0.3,UN Multilateral Engagement Score,UN_Index,0.1
RUN3491,Cumulative Emissions per capita,GHG_pc_2024,0.2,Gross National Product,GDP,0.5,Transition Climate Risk (EIB),EIB_TR,0.1,UN Multilateral Engagement Score,UN_Index,0.2
RUN3492,Cumulative Emissions per capita,GHG_pc_2024,0.2,Gross National Product,GDP,0.5,Transition Climate Risk (EIB),EIB_TR,0.2,UN Multilateral Engagement Score,UN_Index,0.1
RUN3493,Cumulative Emissions per capita,GHG_pc_2024,0.2,Gross National Product,GDP,0.6,Transition Climate Risk (EIB),EIB_TR,0.1,UN Multilateral Engagement Score,UN_Index,0.1
RUN3494,Cumulative Emissions per capita,GHG_pc_2024,0.3,Gross National Product,GDP,0.1,Transition Climate Risk (EIB),EIB_TR,0.1,UN Multilateral Engagement Score,UN_Index,0.5
RUN3495,Cumulative Emissions per capita,GHG_pc_2024,0.3,Gross National Product,GDP,0.1,Transition Climate Risk (EIB),EIB_TR,0.2,UN Multilateral Engagement Score,UN_Index,0.4
RUN3496,Cumulative Emissions per capita,GHG_pc_2024,0.3,Gross National Product,GDP,0.1,Transition Climate Risk (EIB),EIB_TR,0.3,UN Multilateral Engagement Score,UN_Index,0.3
RUN3497,Cumulative Emissions per capita,GHG_pc_2024,0.3,Gross National Product,GDP,0.1,Transition Climate Risk (EIB),EIB_TR,0.4,UN Multilateral Engagement Score,UN_Index,0.2
RUN3498,Cumulative Emissions per capita,GHG_pc_2024,0.3,Gross National Product,GDP,0.1,Transition Climate Risk (EIB),EIB_TR,0.5,UN Multilateral Engagement Score,UN_Index,0.1
RUN3499,Cumulative Emissions per capita,GHG_pc_2024,0.3,Gross National Product,GDP,0.2,Transition Climate Risk (EIB),EIB_TR,0.1,UN Multilateral Engagement Score,UN_Index,0.4
RUN3500,Cumulative Emissions per capita,GHG_pc_2024,0.3,Gross National Product,GDP,0.2,Transition Climate Risk (EIB),EIB_TR,0.2,UN Multilateral Engagement Score,UN_Index,0.3
RUN3501,Cumulative Emissions per capita,GHG_pc_2024,0.3,Gross National Product,GDP,0.2,Transition Climate Risk (EIB),EIB_TR,0.3,UN Multilateral Engagement Score,UN_Index,0.2
RUN3502,Cumulative Emissions per capita,GHG_pc_2024,0.3,Gross National Product,GDP,0.2,Transition Climate Risk (EIB),EIB_TR,0.4,UN Multilateral Engagement Score,UN_Index,0.1
RUN3503,Cumulative Emissions per capita,GHG_pc_2024,0.3,Gross National Product,GDP,0.3,Transition Climate Risk (EIB),EIB_TR,0.1,UN Multilateral Engagement Score,UN_Index,0.3
RUN3504,Cumulative Emissions per capita,GHG_pc_2024,0.3,Gross National Product,GDP,0.3,Transition Climate Risk (EIB),EIB_TR,0.2,UN Multilateral Engagement Score,UN_Index,0.2
RUN3505,Cumulative Emissions per capita,GHG_pc_2024,0.3,Gross National Product,GDP,0.3,Transition Climate Risk (EIB),EIB_TR,0.3,UN Multilateral Engagement Score,UN_Index,0.1
RUN3506,Cumulative Emissions per capita,GHG_pc_2024,0.3,Gross National Product,GDP,0.4,Transition Climate Risk (EIB),EIB_TR,0.1,UN Multilateral Engagement Score,UN_Index,0.2
RUN3507,Cumulative Emissions per capita,GHG_pc_2024,0.3,Gross National Product,GDP,0.4,Transition Climate Risk (EIB),EIB_TR,0.2,UN Multilateral Engagement Score,UN_Index,0.1
RUN3508,Cumulative Emissions per capita,GHG_pc_2024,0.3,Gross National Product,GDP,0.5,Transition Climate Risk (EIB),EIB_TR,0.1,UN Multilateral Engagement Score,UN_Index,0.1
RUN3509,Cumulative Emissions per capita,GHG_pc_2024,0.4,Gross National Product,GDP,0.1,Transition Climate Risk (EIB),EIB_TR,0.1,UN Multilateral Engagement Score,UN_Index,0.4
RUN3510,Cumulative Emissions per capita,GHG_pc_2024,0.4,Gross National Product,GDP,0.1,Transition Climate Risk (EIB),EIB_TR,0.2,UN Multilateral Engagement Score,UN_Index,0.3
RUN3511,Cumulative Emissions per capita,GHG_pc_2024,0.4,Gross National Product,GDP,0.1,Transition Climate Risk (EIB),EIB_TR,0.3,UN Multilateral Engagement Score,UN_Index,0.2
RUN3512,Cumulative Emissions per capita,GHG_pc_2024,0.4,Gross National Product,GDP,0.1,Transition Climate Risk (EIB),EIB_TR,0.4,UN Multilateral Engagement Score,UN_Index,0.1
RUN3513,Cumulative Emissions per capita,GHG_pc_2024,0.4,Gross National Product,GDP,0.2,Transition Climate Risk (EIB),EIB_TR,0.1,UN Multilateral Engagement Score,UN_Index,0.3
RUN3514,Cumulative Emissions per capita,GHG_pc_2024,0.4,Gross National Product,GDP,0.2,Transition Climate Risk (EIB),EIB_TR,0.2,UN Multilateral Engagement Score,UN_Index,0.2
RUN3515,Cumulative Emissions per capita,GHG_pc_2024,0.4,Gross National Product,GDP,0.2,Transition Climate Risk (EIB),EIB_TR,0.3,UN Multilateral Engagement Score,UN_Index,0.1
RUN3516,Cumulative Emissions per capita,GHG_pc_2024,0.4,Gross National Product,GDP,0.3,Transition Climate Risk (EIB),EIB_TR,0.1,UN Multilateral Engagement Score,UN_Index,0.2
RUN3517,Cumulative Emissions per capita,GHG_pc_2024,0.4,Gross National Product,GDP,0.3,Transition Climate Risk (EIB),EIB_TR,0.2,UN Multilateral Engagement Score,UN_Index,0.1
RUN3518,Cumulative Emissions per capita,GHG_pc_2024,0.4,Gross National Product,GDP,0.4,Transition Climate Risk (EIB),EIB_TR,0.1,UN Multilateral Engagement Score,UN_Index,0.1
RUN3519,Cumulative Emissions per capita,GHG_pc_2024,0.5,Gross National Product,GDP,0.1,Transition Climate Risk (EIB),EIB_TR,0.1,UN Multilateral Engagement Score,UN_Index,0.3
RUN3520,Cumulative Emissions per capita,GHG_pc_2024,0.5,Gross National Product,GDP,0.1,Transition Climate Risk (EIB),EIB_TR,0.2,UN Multilateral Engagement Score,UN_Index,0.2
RUN3521,Cumulative Emissions per capita,GHG_pc_2024,0.5,Gross National Product,GDP,0.1,Transition Climate Risk (EIB),EIB_TR,0.3,UN Multilateral Engagement Score,UN_Index,0.1
RUN3522,Cumulative Emissions per capita,GHG_pc_2024,0.5,Gross National Product,GDP,0.2,Transition Climate Risk (EIB),EIB_TR,0.1,UN Multilateral Engagement Score,UN_Index,0.2
RUN3523,Cumulative Emissions per capita,GHG_pc_2024,0.5,Gross National Product,GDP,0.2,Transition Climate Risk (EIB),EIB_TR,0.2,UN Multilateral Engagement Score,UN_Index,0.1
RUN3524,Cumulative Emissions per capita,GHG_pc_2024,0.5,Gross National Product,GDP,0.3,Transition Climate Risk (EIB),EIB_TR,0.1,UN Multilateral Engagement Score,UN_Index,0.1
RUN3525,Cumulative Emissions per capita,GHG_pc_2024,0.6,Gross National Product,GDP,0.1,Transition Climate Risk (EIB),EIB_TR,0.1,UN Multilateral Engagement Score,UN_Index,0.2
RUN3526,Cumulative Emissions per capita,GHG_pc_2024,0.6,Gross National Product,GDP,0.1,Transition Climate Risk (EIB),EIB_TR,0.2,UN Multilateral Engagement Score,UN_Index,0.1
RUN3527,Cumulative Emissions per capita,GHG_pc_2024,0.6,Gross National Product,GDP,0.2,Transition Climate Risk (EIB),EIB_TR,0.1,UN Multilateral Engagement Score,UN_Index,0.1
RUN3528,Cumulative Emissions per capita,GHG_pc_2024,0.7,Gross National Product,GDP,0.1,Transition Climate Risk (EIB),EIB_TR,0.1,UN Multilateral Engagement Score,UN_Index,0.1
RUN3529,Cumulative Emissions per capita,GHG_pc_2024,0.1,Gross National Income per capita,GNI_pc,0.1,Climate Risk and Vulnerability Index,GAIN_CR,0.1,UN Multilateral Engagement Score,UN_Index,0.7
RUN3530,Cumulative Emissions per capita,GHG_pc_2024,0.1,Gross National Income per capita,GNI_pc,0.1,Climate Risk and Vulnerability Index,GAIN_CR,0.2,UN Multilateral Engagement Score,UN_Index,0.6
RUN3531,Cumulative Emissions per capita,GHG_pc_2024,0.1,Gross National Income per capita,GNI_pc,0.1,Climate Risk and Vulnerability Index,GAIN_CR,0.3,UN Multilateral Engagement Score,UN_Index,0.5
RUN3532,Cumulative Emissions per capita,GHG_pc_2024,0.1,Gross National Income per capita,GNI_pc,0.1,Climate Risk and Vulnerability Index,GAIN_CR,0.4,UN Multilateral Engagement Score,UN_Index,0.4
RUN3533,Cumulative Emissions per capita,GHG_pc_2024,0.1,Gross National Income per capita,GNI_pc,0.1,Climate Risk and Vulnerability Index,GAIN_CR,0.5,UN Multilateral Engagement Score,UN_Index,0.3
RUN3534,Cumulative Emissions per capita,GHG_pc_2024,0.1,Gross National Income per capita,GNI_pc,0.1,Climate Risk and Vulnerability Index,GAIN_CR,0.6,UN Multilateral Engagement Score,UN_Index,0.2
RUN3535,Cumulative Emissions per capita,GHG_pc_2024,0.1,Gross National Income per capita,GNI_pc,0.1,Climate Risk and Vulnerability Index,GAIN_CR,0.7,UN Multilateral Engagement Score,UN_Index,0.1
RUN3536,Cumulative Emissions per capita,GHG_pc_2024,0.1,Gross National Income per capita,GNI_pc,0.2,Climate Risk and Vulnerability Index,GAIN_CR,0.1,UN Multilateral Engagement Score,UN_Index,0.6
RUN3537,Cumulative Emissions per capita,GHG_pc_2024,0.1,Gross National Income per capita,GNI_pc,0.2,Climate Risk and Vulnerability Index,GAIN_CR,0.2,UN Multilateral Engagement Score,UN_Index,0.5
RUN3538,Cumulative Emissions per capita,GHG_pc_2024,0.1,Gross National Income per capita,GNI_pc,0.2,Climate Risk and Vulnerability Index,GAIN_CR,0.3,UN Multilateral Engagement Score,UN_Index,0.4
RUN3539,Cumulative Emissions per capita,GHG_pc_2024,0.1,Gross National Income per capita,GNI_pc,0.2,Climate Risk and Vulnerability Index,GAIN_CR,0.4,UN Multilateral Engagement Score,UN_Index,0.3
RUN3540,Cumulative Emissions per capita,GHG_pc_2024,0.1,Gross National Income per capita,GNI_pc,0.2,Climate Risk and Vulnerability Index,GAIN_CR,0.5,UN Multilateral Engagement Score,UN_Index,0.2
RUN3541,Cumulative Emissions per capita,GHG_pc_2024,0.1,Gross National Income per capita,GNI_pc,0.2,Climate Risk and Vulnerability Index,GAIN_CR,0.6,UN Multilateral Engagement Score,UN_Index,0.1
RUN3542,Cumulative Emissions per capita,GHG_pc_2024,0.1,Gross National Income per capita,GNI_pc,0.3,Climate Risk and Vulnerability Index,GAIN_CR,0.1,UN Multilateral Engagement Score,UN_Index,0.5
RUN3543,Cumulative Emissions per capita,GHG_pc_2024,0.1,Gross National Income per capita,GNI_pc,0.3,Climate Risk and Vulnerability Index,GAIN_CR,0.2,UN Multilateral Engagement Score,UN_Index,0.4
RUN3544,Cumulative Emissions per capita,GHG_pc_2024,0.1,Gross National Income per capita,GNI_pc,0.3,Climate Risk and Vulnerability Index,GAIN_CR,0.3,UN Multilateral Engagement Score,UN_Index,0.3
RUN3545,Cumulative Emissions per capita,GHG_pc_2024,0.1,Gross National Income per capita,GNI_pc,0.3,Climate Risk and Vulnerability Index,GAIN_CR,0.4,UN Multilateral Engagement Score,UN_Index,0.2
RUN3546,Cumulative Emissions per capita,GHG_pc_2024,0.1,Gross National Income per capita,GNI_pc,0.3,Climate Risk and Vulnerability Index,GAIN_CR,0.5,UN Multilateral Engagement Score,UN_Index,0.1
RUN3547,Cumulative Emissions per capita,GHG_pc_2024,0.1,Gross National Income per capita,GNI_pc,0.4,Climate Risk and Vulnerability Index,GAIN_CR,0.1,UN Multilateral Engagement Score,UN_Index,0.4
RUN3548,Cumulative Emissions per capita,GHG_pc_2024,0.1,Gross National Income per capita,GNI_pc,0.4,Climate Risk and Vulnerability Index,GAIN_CR,0.2,UN Multilateral Engagement Score,UN_Index,0.3
RUN3549,Cumulative Emissions per capita,GHG_pc_2024,0.1,Gross National Income per capita,GNI_pc,0.4,Climate Risk and Vulnerability Index,GAIN_CR,0.3,UN Multilateral Engagement Score,UN_Index,0.2
RUN3550,Cumulative Emissions per capita,GHG_pc_2024,0.1,Gross National Income per capita,GNI_pc,0.4,Climate Risk and Vulnerability Index,GAIN_CR,0.4,UN Multilateral Engagement Score,UN_Index,0.1
RUN3551,Cumulative Emissions per capita,GHG_pc_2024,0.1,Gross National Income per capita,GNI_pc,0.5,Climate Risk and Vulnerability Index,GAIN_CR,0.1,UN Multilateral Engagement Score,UN_Index,0.3
RUN3552,Cumulative Emissions per capita,GHG_pc_2024,0.1,Gross National Income per capita,GNI_pc,0.5,Climate Risk and Vulnerability Index,GAIN_CR,0.2,UN Multilateral Engagement Score,UN_Index,0.2
RUN3553,Cumulative Emissions per capita,GHG_pc_2024,0.1,Gross National Income per capita,GNI_pc,0.5,Climate Risk and Vulnerability Index,GAIN_CR,0.3,UN Multilateral Engagement Score,UN_Index,0.1
RUN3554,Cumulative Emissions per capita,GHG_pc_2024,0.1,Gross National Income per capita,GNI_pc,0.6,Climate Risk and Vulnerability Index,GAIN_CR,0.1,UN Multilateral Engagement Score,UN_Index,0.2
RUN3555,Cumulative Emissions per capita,GHG_pc_2024,0.1,Gross National Income per capita,GNI_pc,0.6,Climate Risk and Vulnerability Index,GAIN_CR,0.2,UN Multilateral Engagement Score,UN_Index,0.1
RUN3556,Cumulative Emissions per capita,GHG_pc_2024,0.1,Gross National Income per capita,GNI_pc,0.7,Climate Risk and Vulnerability Index,GAIN_CR,0.1,UN Multilateral Engagement Score,UN_Index,0.1
RUN3557,Cumulative Emissions per capita,GHG_pc_2024,0.2,Gross National Income per capita,GNI_pc,0.1,Climate Risk and Vulnerability Index,GAIN_CR,0.1,UN Multilateral Engagement Score,UN_Index,0.6
RUN3558,Cumulative Emissions per capita,GHG_pc_2024,0.2,Gross National Income per capita,GNI_pc,0.1,Climate Risk and Vulnerability Index,GAIN_CR,0.2,UN Multilateral Engagement Score,UN_Index,0.5
RUN3559,Cumulative Emissions per capita,GHG_pc_2024,0.2,Gross National Income per capita,GNI_pc,0.1,Climate Risk and Vulnerability Index,GAIN_CR,0.3,UN Multilateral Engagement Score,UN_Index,0.4
RUN3560,Cumulative Emissions per capita,GHG_pc_2024,0.2,Gross National Income per capita,GNI_pc,0.1,Climate Risk and Vulnerability Index,GAIN_CR,0.4,UN Multilateral Engagement Score,UN_Index,0.3
RUN3561,Cumulative Emissions per capita,GHG_pc_2024,0.2,Gross National Income per capita,GNI_pc,0.1,Climate Risk and Vulnerability Index,GAIN_CR,0.5,UN Multilateral Engagement Score,UN_Index,0.2
RUN3562,Cumulative Emissions per capita,GHG_pc_2024,0.2,Gross National Income per capita,GNI_pc,0.1,Climate Risk and Vulnerability Index,GAIN_CR,0.6,UN Multilateral Engagement Score,UN_Index,0.1
RUN3563,Cumulative Emissions per capita,GHG_pc_2024,0.2,Gross National Income per capita,GNI_pc,0.2,Climate Risk and Vulnerability Index,GAIN_CR,0.1,UN Multilateral Engagement Score,UN_Index,0.5
RUN3564,Cumulative Emissions per capita,GHG_pc_2024,0.2,Gross National Income per capita,GNI_pc,0.2,Climate Risk and Vulnerability Index,GAIN_CR,0.2,UN Multilateral Engagement Score,UN_Index,0.4
RUN3565,Cumulative Emissions per capita,GHG_pc_2024,0.2,Gross National Income per capita,GNI_pc,0.2,Climate Risk and Vulnerability Index,GAIN_CR,0.3,UN Multilateral Engagement Score,UN_Index,0.3
RUN3566,Cumulative Emissions per capita,GHG_pc_2024,0.2,Gross National Income per capita,GNI_pc,0.2,Climate Risk and Vulnerability Index,GAIN_CR,0.4,UN Multilateral Engagement Score,UN_Index,0.2
RUN3567,Cumulative Emissions per capita,GHG_pc_2024,0.2,Gross National Income per capita,GNI_pc,0.2,Climate Risk and Vulnerability Index,GAIN_CR,0.5,UN Multilateral Engagement Score,UN_Index,0.1
RUN3568,Cumulative Emissions per capita,GHG_pc_2024,0.2,Gross National Income per capita,GNI_pc,0.3,Climate Risk and Vulnerability Index,GAIN_CR,0.1,UN Multilateral Engagement Score,UN_Index,0.4
RUN3569,Cumulative Emissions per capita,GHG_pc_2024,0.2,Gross National Income per capita,GNI_pc,0.3,Climate Risk and Vulnerability Index,GAIN_CR,0.2,UN Multilateral Engagement Score,UN_Index,0.3
RUN3570,Cumulative Emissions per capita,GHG_pc_2024,0.2,Gross National Income per capita,GNI_pc,0.3,Climate Risk and Vulnerability Index,GAIN_CR,0.3,UN Multilateral Engagement Score,UN_Index,0.2
RUN3571,Cumulative Emissions per capita,GHG_pc_2024,0.2,Gross National Income per capita,GNI_pc,0.3,Climate Risk and Vulnerability Index,GAIN_CR,0.4,UN Multilateral Engagement Score,UN_Index,0.1
RUN3572,Cumulative Emissions per capita,GHG_pc_2024,0.2,Gross National Income per capita,GNI_pc,0.4,Climate Risk and Vulnerability Index,GAIN_CR,0.1,UN Multilateral Engagement Score,UN_Index,0.3
RUN3573,Cumulative Emissions per capita,GHG_pc_2024,0.2,Gross National Income per capita,GNI_pc,0.4,Climate Risk and Vulnerability Index,GAIN_CR,0.2,UN Multilateral Engagement Score,UN_Index,0.2
RUN3574,Cumulative Emissions per capita,GHG_pc_2024,0.2,Gross National Income per capita,GNI_pc,0.4,Climate Risk and Vulnerability Index,GAIN_CR,0.3,UN Multilateral Engagement Score,UN_Index,0.1
RUN3575,Cumulative Emissions per capita,GHG_pc_2024,0.2,Gross National Income per capita,GNI_pc,0.5,Climate Risk and Vulnerability Index,GAIN_CR,0.1,UN Multilateral Engagement Score,UN_Index,0.2
RUN3576,Cumulative Emissions per capita,GHG_pc_2024,0.2,Gross National Income per capita,GNI_pc,0.5,Climate Risk and Vulnerability Index,GAIN_CR,0.2,UN Multilateral Engagement Score,UN_Index,0.1
RUN3577,Cumulative Emissions per capita,GHG_pc_2024,0.2,Gross National Income per capita,GNI_pc,0.6,Climate Risk and Vulnerability Index,GAIN_CR,0.1,UN Multilateral Engagement Score,UN_Index,0.1
RUN3578,Cumulative Emissions per capita,GHG_pc_2024,0.3,Gross National Income per capita,GNI_pc,0.1,Climate Risk and Vulnerability Index,GAIN_CR,0.1,UN Multilateral Engagement Score,UN_Index,0.5
RUN3579,Cumulative Emissions per capita,GHG_pc_2024,0.3,Gross National Income per capita,GNI_pc,0.1,Climate Risk and Vulnerability Index,GAIN_CR,0.2,UN Multilateral Engagement Score,UN_Index,0.4
RUN3580,Cumulative Emissions per capita,GHG_pc_2024,0.3,Gross National Income per capita,GNI_pc,0.1,Climate Risk and Vulnerability Index,GAIN_CR,0.3,UN Multilateral Engagement Score,UN_Index,0.3
RUN3581,Cumulative Emissions per capita,GHG_pc_2024,0.3,Gross National Income per capita,GNI_pc,0.1,Climate Risk and Vulnerability Index,GAIN_CR,0.4,UN Multilateral Engagement Score,UN_Index,0.2
RUN3582,Cumulative Emissions per capita,GHG_pc_2024,0.3,Gross National Income per capita,GNI_pc,0.1,Climate Risk and Vulnerability Index,GAIN_CR,0.5,UN Multilateral Engagement Score,UN_Index,0.1
RUN3583,Cumulative Emissions per capita,GHG_pc_2024,0.3,Gross National Income per capita,GNI_pc,0.2,Climate Risk and Vulnerability Index,GAIN_CR,0.1,UN Multilateral Engagement Score,UN_Index,0.4
RUN3584,Cumulative Emissions per capita,GHG_pc_2024,0.3,Gross National Income per capita,GNI_pc,0.2,Climate Risk and Vulnerability Index,GAIN_CR,0.2,UN Multilateral Engagement Score,UN_Index,0.3
RUN3585,Cumulative Emissions per capita,GHG_pc_2024,0.3,Gross National Income per capita,GNI_pc,0.2,Climate Risk and Vulnerability Index,GAIN_CR,0.3,UN Multilateral Engagement Score,UN_Index,0.2
RUN3586,Cumulative Emissions per capita,GHG_pc_2024,0.3,Gross National Income per capita,GNI_pc,0.2,Climate Risk and Vulnerability Index,GAIN_CR,0.4,UN Multilateral Engagement Score,UN_Index,0.1
RUN3587,Cumulative Emissions per capita,GHG_pc_2024,0.3,Gross National Income per capita,GNI_pc,0.3,Climate Risk and Vulnerability Index,GAIN_CR,0.1,UN Multilateral Engagement Score,UN_Index,0.3
RUN3588,Cumulative Emissions per capita,GHG_pc_2024,0.3,Gross National Income per capita,GNI_pc,0.3,Climate Risk and Vulnerability Index,GAIN_CR,0.2,UN Multilateral Engagement Score,UN_Index,0.2
RUN3589,Cumulative Emissions per capita,GHG_pc_2024,0.3,Gross National Income per capita,GNI_pc,0.3,Climate Risk and Vulnerability Index,GAIN_CR,0.3,UN Multilateral Engagement Score,UN_Index,0.1
RUN3590,Cumulative Emissions per capita,GHG_pc_2024,0.3,Gross National Income per capita,GNI_pc,0.4,Climate Risk and Vulnerability Index,GAIN_CR,0.1,UN Multilateral Engagement Score,UN_Index,0.2
RUN3591,Cumulative Emissions per capita,GHG_pc_2024,0.3,Gross National Income per capita,GNI_pc,0.4,Climate Risk and Vulnerability Index,GAIN_CR,0.2,UN Multilateral Engagement Score,UN_Index,0.1
RUN3592,Cumulative Emissions per capita,GHG_pc_2024,0.3,Gross National Income per capita,GNI_pc,0.5,Climate Risk and Vulnerability Index,GAIN_CR,0.1,UN Multilateral Engagement Score,UN_Index,0.1
RUN3593,Cumulative Emissions per capita,GHG_pc_2024,0.4,Gross National Income per capita,GNI_pc,0.1,Climate Risk and Vulnerability Index,GAIN_CR,0.1,UN Multilateral Engagement Score,UN_Index,0.4
RUN3594,Cumulative Emissions per capita,GHG_pc_2024,0.4,Gross National Income per capita,GNI_pc,0.1,Climate Risk and Vulnerability Index,GAIN_CR,0.2,UN Multilateral Engagement Score,UN_Index,0.3
RUN3595,Cumulative Emissions per capita,GHG_pc_2024,0.4,Gross National Income per capita,GNI_pc,0.1,Climate Risk and Vulnerability Index,GAIN_CR,0.3,UN Multilateral Engagement Score,UN_Index,0.2
RUN3596,Cumulative Emissions per capita,GHG_pc_2024,0.4,Gross National Income per capita,GNI_pc,0.1,Climate Risk and Vulnerability Index,GAIN_CR,0.4,UN Multilateral Engagement Score,UN_Index,0.1
RUN3597,Cumulative Emissions per capita,GHG_pc_2024,0.4,Gross National Income per capita,GNI_pc,0.2,Climate Risk and Vulnerability Index,GAIN_CR,0.1,UN Multilateral Engagement Score,UN_Index,0.3
RUN3598,Cumulative Emissions per capita,GHG_pc_2024,0.4,Gross National Income per capita,GNI_pc,0.2,Climate Risk and Vulnerability Index,GAIN_CR,0.2,UN Multilateral Engagement Score,UN_Index,0.2
RUN3599,Cumulative Emissions per capita,GHG_pc_2024,0.4,Gross National Income per capita,GNI_pc,0.2,Climate Risk and Vulnerability Index,GAIN_CR,0.3,UN Multilateral Engagement Score,UN_Index,0.1
RUN3600,Cumulative Emissions per capita,GHG_pc_2024,0.4,Gross National Income per capita,GNI_pc,0.3,Climate Risk and Vulnerability Index,GAIN_CR,0.1,UN Multilateral Engagement Score,UN_Index,0.2
RUN3601,Cumulative Emissions per capita,GHG_pc_2024,0.4,Gross National Income per capita,GNI_pc,0.3,Climate Risk and Vulnerability Index,GAIN_CR,0.2,UN Multilateral Engagement Score,UN_Index,0.1
RUN3602,Cumulative Emissions per capita,GHG_pc_2024,0.4,Gross National Income per capita,GNI_pc,0.4,Climate Risk and Vulnerability Index,GAIN_CR,0.1,UN Multilateral Engagement Score,UN_Index,0.1
RUN3603,Cumulative Emissions per capita,GHG_pc_2024,0.5,Gross National Income per capita,GNI_pc,0.1,Climate Risk and Vulnerability Index,GAIN_CR,0.1,UN Multilateral Engagement Score,UN_Index,0.3
RUN3604,Cumulative Emissions per capita,GHG_pc_2024,0.5,Gross National Income per capita,GNI_pc,0.1,Climate Risk and Vulnerability Index,GAIN_CR,0.2,UN Multilateral Engagement Score,UN_Index,0.2
RUN3605,Cumulative Emissions per capita,GHG_pc_2024,0.5,Gross National Income per capita,GNI_pc,0.1,Climate Risk and Vulnerability Index,GAIN_CR,0.3,UN Multilateral Engagement Score,UN_Index,0.1
RUN3606,Cumulative Emissions per capita,GHG_pc_2024,0.5,Gross National Income per capita,GNI_pc,0.2,Climate Risk and Vulnerability Index,GAIN_CR,0.1,UN Multilateral Engagement Score,UN_Index,0.2
RUN3607,Cumulative Emissions per capita,GHG_pc_2024,0.5,Gross National Income per capita,GNI_pc,0.2,Climate Risk and Vulnerability Index,GAIN_CR,0.2,UN Multilateral Engagement Score,UN_Index,0.1
RUN3608,Cumulative Emissions per capita,GHG_pc_2024,0.5,Gross National Income per capita,GNI_pc,0.3,Climate Risk and Vulnerability Index,GAIN_CR,0.1,UN Multilateral Engagement Score,UN_Index,0.1
RUN3609,Cumulative Emissions per capita,GHG_pc_2024,0.6,Gross National Income per capita,GNI_pc,0.1,Climate Risk and Vulnerability Index,GAIN_CR,0.1,UN Multilateral Engagement Score,UN_Index,0.2
RUN3610,Cumulative Emissions per capita,GHG_pc_2024,0.6,Gross National Income per capita,GNI_pc,0.1,Climate Risk and Vulnerability Index,GAIN_CR,0.2,UN Multilateral Engagement Score,UN_Index,0.1
RUN3611,Cumulative Emissions per capita,GHG_pc_2024,0.6,Gross National Income per capita,GNI_pc,0.2,Climate Risk and Vulnerability Index,GAIN_CR,0.1,UN Multilateral Engagement Score,UN_Index,0.1
RUN3612,Cumulative Emissions per capita,GHG_pc_2024,0.7,Gross National Income per capita,GNI_pc,0.1,Climate Risk and Vulnerability Index,GAIN_CR,0.1,UN Multilateral Engagement Score,UN_Index,0.1
RUN3613,Cumulative Emissions per capita,GHG_pc_2024,0.1,Gross National Income per capita,GNI_pc,0.1,Physical Climate Risk (EIB),EIB_PR,0.1,UN Multilateral Engagement Score,UN_Index,0.7
RUN3614,Cumulative Emissions per capita,GHG_pc_2024,0.1,Gross National Income per capita,GNI_pc,0.1,Physical Climate Risk (EIB),EIB_PR,0.2,UN Multilateral Engagement Score,UN_Index,0.6
RUN3615,Cumulative Emissions per capita,GHG_pc_2024,0.1,Gross National Income per capita,GNI_pc,0.1,Physical Climate Risk (EIB),EIB_PR,0.3,UN Multilateral Engagement Score,UN_Index,0.5
RUN3616,Cumulative Emissions per capita,GHG_pc_2024,0.1,Gross National Income per capita,GNI_pc,0.1,Physical Climate Risk (EIB),EIB_PR,0.4,UN Multilateral Engagement Score,UN_Index,0.4
RUN3617,Cumulative Emissions per capita,GHG_pc_2024,0.1,Gross National Income per capita,GNI_pc,0.1,Physical Climate Risk (EIB),EIB_PR,0.5,UN Multilateral Engagement Score,UN_Index,0.3
RUN3618,Cumulative Emissions per capita,GHG_pc_2024,0.1,Gross National Income per capita,GNI_pc,0.1,Physical Climate Risk (EIB),EIB_PR,0.6,UN Multilateral Engagement Score,UN_Index,0.2
RUN3619,Cumulative Emissions per capita,GHG_pc_2024,0.1,Gross National Income per capita,GNI_pc,0.1,Physical Climate Risk (EIB),EIB_PR,0.7,UN Multilateral Engagement Score,UN_Index,0.1
RUN3620,Cumulative Emissions per capita,GHG_pc_2024,0.1,Gross National Income per capita,GNI_pc,0.2,Physical Climate Risk (EIB),EIB_PR,0.1,UN Multilateral Engagement Score,UN_Index,0.6
RUN3621,Cumulative Emissions per capita,GHG_pc_2024,0.1,Gross National Income per capita,GNI_pc,0.2,Physical Climate Risk (EIB),EIB_PR,0.2,UN Multilateral Engagement Score,UN_Index,0.5
RUN3622,Cumulative Emissions per capita,GHG_pc_2024,0.1,Gross National Income per capita,GNI_pc,0.2,Physical Climate Risk (EIB),EIB_PR,0.3,UN Multilateral Engagement Score,UN_Index,0.4
RUN3623,Cumulative Emissions per capita,GHG_pc_2024,0.1,Gross National Income per capita,GNI_pc,0.2,Physical Climate Risk (EIB),EIB_PR,0.4,UN Multilateral Engagement Score,UN_Index,0.3
RUN3624,Cumulative Emissions per capita,GHG_pc_2024,0.1,Gross National Income per capita,GNI_pc,0.2,Physical Climate Risk (EIB),EIB_PR,0.5,UN Multilateral Engagement Score,UN_Index,0.2
RUN3625,Cumulative Emissions per capita,GHG_pc_2024,0.1,Gross National Income per capita,GNI_pc,0.2,Physical Climate Risk (EIB),EIB_PR,0.6,UN Multilateral Engagement Score,UN_Index,0.1
RUN3626,Cumulative Emissions per capita,GHG_pc_2024,0.1,Gross National Income per capita,GNI_pc,0.3,Physical Climate Risk (EIB),EIB_PR,0.1,UN Multilateral Engagement Score,UN_Index,0.5
RUN3627,Cumulative Emissions per capita,GHG_pc_2024,0.1,Gross National Income per capita,GNI_pc,0.3,Physical Climate Risk (EIB),EIB_PR,0.2,UN Multilateral Engagement Score,UN_Index,0.4
RUN3628,Cumulative Emissions per capita,GHG_pc_2024,0.1,Gross National Income per capita,GNI_pc,0.3,Physical Climate Risk (EIB),EIB_PR,0.3,UN Multilateral Engagement Score,UN_Index,0.3
RUN3629,Cumulative Emissions per capita,GHG_pc_2024,0.1,Gross National Income per capita,GNI_pc,0.3,Physical Climate Risk (EIB),EIB_PR,0.4,UN Multilateral Engagement Score,UN_Index,0.2
RUN3630,Cumulative Emissions per capita,GHG_pc_2024,0.1,Gross National Income per capita,GNI_pc,0.3,Physical Climate Risk (EIB),EIB_PR,0.5,UN Multilateral Engagement Score,UN_Index,0.1
RUN3631,Cumulative Emissions per capita,GHG_pc_2024,0.1,Gross National Income per capita,GNI_pc,0.4,Physical Climate Risk (EIB),EIB_PR,0.1,UN Multilateral Engagement Score,UN_Index,0.4
RUN3632,Cumulative Emissions per capita,GHG_pc_2024,0.1,Gross National Income per capita,GNI_pc,0.4,Physical Climate Risk (EIB),EIB_PR,0.2,UN Multilateral Engagement Score,UN_Index,0.3
RUN3633,Cumulative Emissions per capita,GHG_pc_2024,0.1,Gross National Income per capita,GNI_pc,0.4,Physical Climate Risk (EIB),EIB_PR,0.3,UN Multilateral Engagement Score,UN_Index,0.2
RUN3634,Cumulative Emissions per capita,GHG_pc_2024,0.1,Gross National Income per capita,GNI_pc,0.4,Physical Climate Risk (EIB),EIB_PR,0.4,UN Multilateral Engagement Score,UN_Index,0.1
RUN3635,Cumulative Emissions per capita,GHG_pc_2024,0.1,Gross National Income per capita,GNI_pc,0.5,Physical Climate Risk (EIB),EIB_PR,0.1,UN Multilateral Engagement Score,UN_Index,0.3
RUN3636,Cumulative Emissions per capita,GHG_pc_2024,0.1,Gross National Income per capita,GNI_pc,0.5,Physical Climate Risk (EIB),EIB_PR,0.2,UN Multilateral Engagement Score,UN_Index,0.2
RUN3637,Cumulative Emissions per capita,GHG_pc_2024,0.1,Gross National Income per capita,GNI_pc,0.5,Physical Climate Risk (EIB),EIB_PR,0.3,UN Multilateral Engagement Score,UN_Index,0.1
RUN3638,Cumulative Emissions per capita,GHG_pc_2024,0.1,Gross National Income per capita,GNI_pc,0.6,Physical Climate Risk (EIB),EIB_PR,0.1,UN Multilateral Engagement Score,UN_Index,0.2
RUN3639,Cumulative Emissions per capita,GHG_pc_2024,0.1,Gross National Income per capita,GNI_pc,0.6,Physical Climate Risk (EIB),EIB_PR,0.2,UN Multilateral Engagement Score,UN_Index,0.1
RUN3640,Cumulative Emissions per capita,GHG_pc_2024,0.1,Gross National Income per capita,GNI_pc,0.7,Physical Climate Risk (EIB),EIB_PR,0.1,UN Multilateral Engagement Score,UN_Index,0.1
RUN3641,Cumulative Emissions per capita,GHG_pc_2024,0.2,Gross National Income per capita,GNI_pc,0.1,Physical Climate Risk (EIB),EIB_PR,0.1,UN Multilateral Engagement Score,UN_Index,0.6
RUN3642,Cumulative Emissions per capita,GHG_pc_2024,0.2,Gross National Income per capita,GNI_pc,0.1,Physical Climate Risk (EIB),EIB_PR,0.2,UN Multilateral Engagement Score,UN_Index,0.5
RUN3643,Cumulative Emissions per capita,GHG_pc_2024,0.2,Gross National Income per capita,GNI_pc,0.1,Physical Climate Risk (EIB),EIB_PR,0.3,UN Multilateral Engagement Score,UN_Index,0.4
RUN3644,Cumulative Emissions per capita,GHG_pc_2024,0.2,Gross National Income per capita,GNI_pc,0.1,Physical Climate Risk (EIB),EIB_PR,0.4,UN Multilateral Engagement Score,UN_Index,0.3
RUN3645,Cumulative Emissions per capita,GHG_pc_2024,0.2,Gross National Income per capita,GNI_pc,0.1,Physical Climate Risk (EIB),EIB_PR,0.5,UN Multilateral Engagement Score,UN_Index,0.2
RUN3646,Cumulative Emissions per capita,GHG_pc_2024,0.2,Gross National Income per capita,GNI_pc,0.1,Physical Climate Risk (EIB),EIB_PR,0.6,UN Multilateral Engagement Score,UN_Index,0.1
RUN3647,Cumulative Emissions per capita,GHG_pc_2024,0.2,Gross National Income per capita,GNI_pc,0.2,Physical Climate Risk (EIB),EIB_PR,0.1,UN Multilateral Engagement Score,UN_Index,0.5
RUN3648,Cumulative Emissions per capita,GHG_pc_2024,0.2,Gross National Income per capita,GNI_pc,0.2,Physical Climate Risk (EIB),EIB_PR,0.2,UN Multilateral Engagement Score,UN_Index,0.4
RUN3649,Cumulative Emissions per capita,GHG_pc_2024,0.2,Gross National Income per capita,GNI_pc,0.2,Physical Climate Risk (EIB),EIB_PR,0.3,UN Multilateral Engagement Score,UN_Index,0.3
RUN3650,Cumulative Emissions per capita,GHG_pc_2024,0.2,Gross National Income per capita,GNI_pc,0.2,Physical Climate Risk (EIB),EIB_PR,0.4,UN Multilateral Engagement Score,UN_Index,0.2
RUN3651,Cumulative Emissions per capita,GHG_pc_2024,0.2,Gross National Income per capita,GNI_pc,0.2,Physical Climate Risk (EIB),EIB_PR,0.5,UN Multilateral Engagement Score,UN_Index,0.1
RUN3652,Cumulative Emissions per capita,GHG_pc_2024,0.2,Gross National Income per capita,GNI_pc,0.3,Physical Climate Risk (EIB),EIB_PR,0.1,UN Multilateral Engagement Score,UN_Index,0.4
RUN3653,Cumulative Emissions per capita,GHG_pc_2024,0.2,Gross National Income per capita,GNI_pc,0.3,Physical Climate Risk (EIB),EIB_PR,0.2,UN Multilateral Engagement Score,UN_Index,0.3
RUN3654,Cumulative Emissions per capita,GHG_pc_2024,0.2,Gross National Income per capita,GNI_pc,0.3,Physical Climate Risk (EIB),EIB_PR,0.3,UN Multilateral Engagement Score,UN_Index,0.2
RUN3655,Cumulative Emissions per capita,GHG_pc_2024,0.2,Gross National Income per capita,GNI_pc,0.3,Physical Climate Risk (EIB),EIB_PR,0.4,UN Multilateral Engagement Score,UN_Index,0.1
RUN3656,Cumulative Emissions per capita,GHG_pc_2024,0.2,Gross National Income per capita,GNI_pc,0.4,Physical Climate Risk (EIB),EIB_PR,0.1,UN Multilateral Engagement Score,UN_Index,0.3
RUN3657,Cumulative Emissions per capita,GHG_pc_2024,0.2,Gross National Income per capita,GNI_pc,0.4,Physical Climate Risk (EIB),EIB_PR,0.2,UN Multilateral Engagement Score,UN_Index,0.2
RUN3658,Cumulative Emissions per capita,GHG_pc_2024,0.2,Gross National Income per capita,GNI_pc,0.4,Physical Climate Risk (EIB),EIB_PR,0.3,UN Multilateral Engagement Score,UN_Index,0.1
RUN3659,Cumulative Emissions per capita,GHG_pc_2024,0.2,Gross National Income per capita,GNI_pc,0.5,Physical Climate Risk (EIB),EIB_PR,0.1,UN Multilateral Engagement Score,UN_Index,0.2
RUN3660,Cumulative Emissions per capita,GHG_pc_2024,0.2,Gross National Income per capita,GNI_pc,0.5,Physical Climate Risk (EIB),EIB_PR,0.2,UN Multilateral Engagement Score,UN_Index,0.1
RUN3661,Cumulative Emissions per capita,GHG_pc_2024,0.2,Gross National Income per capita,GNI_pc,0.6,Physical Climate Risk (EIB),EIB_PR,0.1,UN Multilateral Engagement Score,UN_Index,0.1
RUN3662,Cumulative Emissions per capita,GHG_pc_2024,0.3,Gross National Income per capita,GNI_pc,0.1,Physical Climate Risk (EIB),EIB_PR,0.1,UN Multilateral Engagement Score,UN_Index,0.5
RUN3663,Cumulative Emissions per capita,GHG_pc_2024,0.3,Gross National Income per capita,GNI_pc,0.1,Physical Climate Risk (EIB),EIB_PR,0.2,UN Multilateral Engagement Score,UN_Index,0.4
RUN3664,Cumulative Emissions per capita,GHG_pc_2024,0.3,Gross National Income per capita,GNI_pc,0.1,Physical Climate Risk (EIB),EIB_PR,0.3,UN Multilateral Engagement Score,UN_Index,0.3
RUN3665,Cumulative Emissions per capita,GHG_pc_2024,0.3,Gross National Income per capita,GNI_pc,0.1,Physical Climate Risk (EIB),EIB_PR,0.4,UN Multilateral Engagement Score,UN_Index,0.2
RUN3666,Cumulative Emissions per capita,GHG_pc_2024,0.3,Gross National Income per capita,GNI_pc,0.1,Physical Climate Risk (EIB),EIB_PR,0.5,UN Multilateral Engagement Score,UN_Index,0.1
RUN3667,Cumulative Emissions per capita,GHG_pc_2024,0.3,Gross National Income per capita,GNI_pc,0.2,Physical Climate Risk (EIB),EIB_PR,0.1,UN Multilateral Engagement Score,UN_Index,0.4
RUN3668,Cumulative Emissions per capita,GHG_pc_2024,0.3,Gross National Income per capita,GNI_pc,0.2,Physical Climate Risk (EIB),EIB_PR,0.2,UN Multilateral Engagement Score,UN_Index,0.3
RUN3669,Cumulative Emissions per capita,GHG_pc_2024,0.3,Gross National Income per capita,GNI_pc,0.2,Physical Climate Risk (EIB),EIB_PR,0.3,UN Multilateral Engagement Score,UN_Index,0.2
RUN3670,Cumulative Emissions per capita,GHG_pc_2024,0.3,Gross National Income per capita,GNI_pc,0.2,Physical Climate Risk (EIB),EIB_PR,0.4,UN Multilateral Engagement Score,UN_Index,0.1
RUN3671,Cumulative Emissions per capita,GHG_pc_2024,0.3,Gross National Income per capita,GNI_pc,0.3,Physical Climate Risk (EIB),EIB_PR,0.1,UN Multilateral Engagement Score,UN_Index,0.3
RUN3672,Cumulative Emissions per capita,GHG_pc_2024,0.3,Gross National Income per capita,GNI_pc,0.3,Physical Climate Risk (EIB),EIB_PR,0.2,UN Multilateral Engagement Score,UN_Index,0.2
RUN3673,Cumulative Emissions per capita,GHG_pc_2024,0.3,Gross National Income per capita,GNI_pc,0.3,Physical Climate Risk (EIB),EIB_PR,0.3,UN Multilateral Engagement Score,UN_Index,0.1
RUN3674,Cumulative Emissions per capita,GHG_pc_2024,0.3,Gross National Income per capita,GNI_pc,0.4,Physical Climate Risk (EIB),EIB_PR,0.1,UN Multilateral Engagement Score,UN_Index,0.2
RUN3675,Cumulative Emissions per capita,GHG_pc_2024,0.3,Gross National Income per capita,GNI_pc,0.4,Physical Climate Risk (EIB),EIB_PR,0.2,UN Multilateral Engagement Score,UN_Index,0.1
RUN3676,Cumulative Emissions per capita,GHG_pc_2024,0.3,Gross National Income per capita,GNI_pc,0.5,Physical Climate Risk (EIB),EIB_PR,0.1,UN Multilateral Engagement Score,UN_Index,0.1
RUN3677,Cumulative Emissions per capita,GHG_pc_2024,0.4,Gross National Income per capita,GNI_pc,0.1,Physical Climate Risk (EIB),EIB_PR,0.1,UN Multilateral Engagement Score,UN_Index,0.4
RUN3678,Cumulative Emissions per capita,GHG_pc_2024,0.4,Gross National Income per capita,GNI_pc,0.1,Physical Climate Risk (EIB),EIB_PR,0.2,UN Multilateral Engagement Score,UN_Index,0.3
RUN3679,Cumulative Emissions per capita,GHG_pc_2024,0.4,Gross National Income per capita,GNI_pc,0.1,Physical Climate Risk (EIB),EIB_PR,0.3,UN Multilateral Engagement Score,UN_Index,0.2
RUN3680,Cumulative Emissions per capita,GHG_pc_2024,0.4,Gross National Income per capita,GNI_pc,0.1,Physical Climate Risk (EIB),EIB_PR,0.4,UN Multilateral Engagement Score,UN_Index,0.1
RUN3681,Cumulative Emissions per capita,GHG_pc_2024,0.4,Gross National Income per capita,GNI_pc,0.2,Physical Climate Risk (EIB),EIB_PR,0.1,UN Multilateral Engagement Score,UN_Index,0.3
RUN3682,Cumulative Emissions per capita,GHG_pc_2024,0.4,Gross National Income per capita,GNI_pc,0.2,Physical Climate Risk (EIB),EIB_PR,0.2,UN Multilateral Engagement Score,UN_Index,0.2
RUN3683,Cumulative Emissions per capita,GHG_pc_2024,0.4,Gross National Income per capita,GNI_pc,0.2,Physical Climate Risk (EIB),EIB_PR,0.3,UN Multilateral Engagement Score,UN_Index,0.1
RUN3684,Cumulative Emissions per capita,GHG_pc_2024,0.4,Gross National Income per capita,GNI_pc,0.3,Physical Climate Risk (EIB),EIB_PR,0.1,UN Multilateral Engagement Score,UN_Index,0.2
RUN3685,Cumulative Emissions per capita,GHG_pc_2024,0.4,Gross National Income per capita,GNI_pc,0.3,Physical Climate Risk (EIB),EIB_PR,0.2,UN Multilateral Engagement Score,UN_Index,0.1
RUN3686,Cumulative Emissions per capita,GHG_pc_2024,0.4,Gross National Income per capita,GNI_pc,0.4,Physical Climate Risk (EIB),EIB_PR,0.1,UN Multilateral Engagement Score,UN_Index,0.1
RUN3687,Cumulative Emissions per capita,GHG_pc_2024,0.5,Gross National Income per capita,GNI_pc,0.1,Physical Climate Risk (EIB),EIB_PR,0.1,UN Multilateral Engagement Score,UN_Index,0.3
RUN3688,Cumulative Emissions per capita,GHG_pc_2024,0.5,Gross National Income per capita,GNI_pc,0.1,Physical Climate Risk (EIB),EIB_PR,0.2,UN Multilateral Engagement Score,UN_Index,0.2
RUN3689,Cumulative Emissions per capita,GHG_pc_2024,0.5,Gross National Income per capita,GNI_pc,0.1,Physical Climate Risk (EIB),EIB_PR,0.3,UN Multilateral Engagement Score,UN_Index,0.1
RUN3690,Cumulative Emissions per capita,GHG_pc_2024,0.5,Gross National Income per capita,GNI_pc,0.2,Physical Climate Risk (EIB),EIB_PR,0.1,UN Multilateral Engagement Score,UN_Index,0.2
RUN3691,Cumulative Emissions per capita,GHG_pc_2024,0.5,Gross National Income per capita,GNI_pc,0.2,Physical Climate Risk (EIB),EIB_PR,0.2,UN Multilateral Engagement Score,UN_Index,0.1
RUN3692,Cumulative Emissions per capita,GHG_pc_2024,0.5,Gross National Income per capita,GNI_pc,0.3,Physical Climate Risk (EIB),EIB_PR,0.1,UN Multilateral Engagement Score,UN_Index,0.1
RUN3693,Cumulative Emissions per capita,GHG_pc_2024,0.6,Gross National Income per capita,GNI_pc,0.1,Physical Climate Risk (EIB),EIB_PR,0.1,UN Multilateral Engagement Score,UN_Index,0.2
RUN3694,Cumulative Emissions per capita,GHG_pc_2024,0.6,Gross National Income per capita,GNI_pc,0.1,Physical Climate Risk (EIB),EIB_PR,0.2,UN Multilateral Engagement Score,UN_Index,0.1
RUN3695,Cumulative Emissions per capita,GHG_pc_2024,0.6,Gross National Income per capita,GNI_pc,0.2,Physical Climate Risk (EIB),EIB_PR,0.1,UN Multilateral Engagement Score,UN_Index,0.1
RUN3696,Cumulative Emissions per capita,GHG_pc_2024,0.7,Gross National Income per capita,GNI_pc,0.1,Physical Climate Risk (EIB),EIB_PR,0.1,UN Multilateral Engagement Score,UN_Index,0.1
RUN3697,Cumulative Emissions per capita,GHG_pc_2024,0.1,Gross National Income per capita,GNI_pc,0.1,Transition Climate Risk (EIB),EIB_TR,0.1,UN Multilateral Engagement Score,UN_Index,0.7
RUN3698,Cumulative Emissions per capita,GHG_pc_2024,0.1,Gross National Income per capita,GNI_pc,0.1,Transition Climate Risk (EIB),EIB_TR,0.2,UN Multilateral Engagement Score,UN_Index,0.6
RUN3699,Cumulative Emissions per capita,GHG_pc_2024,0.1,Gross National Income per capita,GNI_pc,0.1,Transition Climate Risk (EIB),EIB_TR,0.3,UN Multilateral Engagement Score,UN_Index,0.5
RUN3700,Cumulative Emissions per capita,GHG_pc_2024,0.1,Gross National Income per capita,GNI_pc,0.1,Transition Climate Risk (EIB),EIB_TR,0.4,UN Multilateral Engagement Score,UN_Index,0.4
RUN3701,Cumulative Emissions per capita,GHG_pc_2024,0.1,Gross National Income per capita,GNI_pc,0.1,Transition Climate Risk (EIB),EIB_TR,0.5,UN Multilateral Engagement Score,UN_Index,0.3
RUN3702,Cumulative Emissions per capita,GHG_pc_2024,0.1,Gross National Income per capita,GNI_pc,0.1,Transition Climate Risk (EIB),EIB_TR,0.6,UN Multilateral Engagement Score,UN_Index,0.2
RUN3703,Cumulative Emissions per capita,GHG_pc_2024,0.1,Gross National Income per capita,GNI_pc,0.1,Transition Climate Risk (EIB),EIB_TR,0.7,UN Multilateral Engagement Score,UN_Index,0.1
RUN3704,Cumulative Emissions per capita,GHG_pc_2024,0.1,Gross National Income per capita,GNI_pc,0.2,Transition Climate Risk (EIB),EIB_TR,0.1,UN Multilateral Engagement Score,UN_Index,0.6
RUN3705,Cumulative Emissions per capita,GHG_pc_2024,0.1,Gross National Income per capita,GNI_pc,0.2,Transition Climate Risk (EIB),EIB_TR,0.2,UN Multilateral Engagement Score,UN_Index,0.5
RUN3706,Cumulative Emissions per capita,GHG_pc_2024,0.1,Gross National Income per capita,GNI_pc,0.2,Transition Climate Risk (EIB),EIB_TR,0.3,UN Multilateral Engagement Score,UN_Index,0.4
RUN3707,Cumulative Emissions per capita,GHG_pc_2024,0.1,Gross National Income per capita,GNI_pc,0.2,Transition Climate Risk (EIB),EIB_TR,0.4,UN Multilateral Engagement Score,UN_Index,0.3
RUN3708,Cumulative Emissions per capita,GHG_pc_2024,0.1,Gross National Income per capita,GNI_pc,0.2,Transition Climate Risk (EIB),EIB_TR,0.5,UN Multilateral Engagement Score,UN_Index,0.2
RUN3709,Cumulative Emissions per capita,GHG_pc_2024,0.1,Gross National Income per capita,GNI_pc,0.2,Transition Climate Risk (EIB),EIB_TR,0.6,UN Multilateral Engagement Score,UN_Index,0.1
RUN3710,Cumulative Emissions per capita,GHG_pc_2024,0.1,Gross National Income per capita,GNI_pc,0.3,Transition Climate Risk (EIB),EIB_TR,0.1,UN Multilateral Engagement Score,UN_Index,0.5
RUN3711,Cumulative Emissions per capita,GHG_pc_2024,0.1,Gross National Income per capita,GNI_pc,0.3,Transition Climate Risk (EIB),EIB_TR,0.2,UN Multilateral Engagement Score,UN_Index,0.4
RUN3712,Cumulative Emissions per capita,GHG_pc_2024,0.1,Gross National Income per capita,GNI_pc,0.3,Transition Climate Risk (EIB),EIB_TR,0.3,UN Multilateral Engagement Score,UN_Index,0.3
RUN3713,Cumulative Emissions per capita,GHG_pc_2024,0.1,Gross National Income per capita,GNI_pc,0.3,Transition Climate Risk (EIB),EIB_TR,0.4,UN Multilateral Engagement Score,UN_Index,0.2
RUN3714,Cumulative Emissions per capita,GHG_pc_2024,0.1,Gross National Income per capita,GNI_pc,0.3,Transition Climate Risk (EIB),EIB_TR,0.5,UN Multilateral Engagement Score,UN_Index,0.1
RUN3715,Cumulative Emissions per capita,GHG_pc_2024,0.1,Gross National Income per capita,GNI_pc,0.4,Transition Climate Risk (EIB),EIB_TR,0.1,UN Multilateral Engagement Score,UN_Index,0.4
RUN3716,Cumulative Emissions per capita,GHG_pc_2024,0.1,Gross National Income per capita,GNI_pc,0.4,Transition Climate Risk (EIB),EIB_TR,0.2,UN Multilateral Engagement Score,UN_Index,0.3
RUN3717,Cumulative Emissions per capita,GHG_pc_2024,0.1,Gross National Income per capita,GNI_pc,0.4,Transition Climate Risk (EIB),EIB_TR,0.3,UN Multilateral Engagement Score,UN_Index,0.2
RUN3718,Cumulative Emissions per capita,GHG_pc_2024,0.1,Gross National Income per capita,GNI_pc,0.4,Transition Climate Risk (EIB),EIB_TR,0.4,UN Multilateral Engagement Score,UN_Index,0.1
RUN3719,Cumulative Emissions per capita,GHG_pc_2024,0.1,Gross National Income per capita,GNI_pc,0.5,Transition Climate Risk (EIB),EIB_TR,0.1,UN Multilateral Engagement Score,UN_Index,0.3
RUN3720,Cumulative Emissions per capita,GHG_pc_2024,0.1,Gross National Income per capita,GNI_pc,0.5,Transition Climate Risk (EIB),EIB_TR,0.2,UN Multilateral Engagement Score,UN_Index,0.2
RUN3721,Cumulative Emissions per capita,GHG_pc_2024,0.1,Gross National Income per capita,GNI_pc,0.5,Transition Climate Risk (EIB),EIB_TR,0.3,UN Multilateral Engagement Score,UN_Index,0.1
RUN3722,Cumulative Emissions per capita,GHG_pc_2024,0.1,Gross National Income per capita,GNI_pc,0.6,Transition Climate Risk (EIB),EIB_TR,0.1,UN Multilateral Engagement Score,UN_Index,0.2
RUN3723,Cumulative Emissions per capita,GHG_pc_2024,0.1,Gross National Income per capita,GNI_pc,0.6,Transition Climate Risk (EIB),EIB_TR,0.2,UN Multilateral Engagement Score,UN_Index,0.1
RUN3724,Cumulative Emissions per capita,GHG_pc_2024,0.1,Gross National Income per capita,GNI_pc,0.7,Transition Climate Risk (EIB),EIB_TR,0.1,UN Multilateral Engagement Score,UN_Index,0.1
RUN3725,Cumulative Emissions per capita,GHG_pc_2024,0.2,Gross National Income per capita,GNI_pc,0.1,Transition Climate Risk (EIB),EIB_TR,0.1,UN Multilateral Engagement Score,UN_Index,0.6
RUN3726,Cumulative Emissions per capita,GHG_pc_2024,0.2,Gross National Income per capita,GNI_pc,0.1,Transition Climate Risk (EIB),EIB_TR,0.2,UN Multilateral Engagement Score,UN_Index,0.5
RUN3727,Cumulative Emissions per capita,GHG_pc_2024,0.2,Gross National Income per capita,GNI_pc,0.1,Transition Climate Risk (EIB),EIB_TR,0.3,UN Multilateral Engagement Score,UN_Index,0.4
RUN3728,Cumulative Emissions per capita,GHG_pc_2024,0.2,Gross National Income per capita,GNI_pc,0.1,Transition Climate Risk (EIB),EIB_TR,0.4,UN Multilateral Engagement Score,UN_Index,0.3
RUN3729,Cumulative Emissions per capita,GHG_pc_2024,0.2,Gross National Income per capita,GNI_pc,0.1,Transition Climate Risk (EIB),EIB_TR,0.5,UN Multilateral Engagement Score,UN_Index,0.2
RUN3730,Cumulative Emissions per capita,GHG_pc_2024,0.2,Gross National Income per capita,GNI_pc,0.1,Transition Climate Risk (EIB),EIB_TR,0.6,UN Multilateral Engagement Score,UN_Index,0.1
RUN3731,Cumulative Emissions per capita,GHG_pc_2024,0.2,Gross National Income per capita,GNI_pc,0.2,Transition Climate Risk (EIB),EIB_TR,0.1,UN Multilateral Engagement Score,UN_Index,0.5
RUN3732,Cumulative Emissions per capita,GHG_pc_2024,0.2,Gross National Income per capita,GNI_pc,0.2,Transition Climate Risk (EIB),EIB_TR,0.2,UN Multilateral Engagement Score,UN_Index,0.4
RUN3733,Cumulative Emissions per capita,GHG_pc_2024,0.2,Gross National Income per capita,GNI_pc,0.2,Transition Climate Risk (EIB),EIB_TR,0.3,UN Multilateral Engagement Score,UN_Index,0.3
RUN3734,Cumulative Emissions per capita,GHG_pc_2024,0.2,Gross National Income per capita,GNI_pc,0.2,Transition Climate Risk (EIB),EIB_TR,0.4,UN Multilateral Engagement Score,UN_Index,0.2
RUN3735,Cumulative Emissions per capita,GHG_pc_2024,0.2,Gross National Income per capita,GNI_pc,0.2,Transition Climate Risk (EIB),EIB_TR,0.5,UN Multilateral Engagement Score,UN_Index,0.1
RUN3736,Cumulative Emissions per capita,GHG_pc_2024,0.2,Gross National Income per capita,GNI_pc,0.3,Transition Climate Risk (EIB),EIB_TR,0.1,UN Multilateral Engagement Score,UN_Index,0.4
RUN3737,Cumulative Emissions per capita,GHG_pc_2024,0.2,Gross National Income per capita,GNI_pc,0.3,Transition Climate Risk (EIB),EIB_TR,0.2,UN Multilateral Engagement Score,UN_Index,0.3
RUN3738,Cumulative Emissions per capita,GHG_pc_2024,0.2,Gross National Income per capita,GNI_pc,0.3,Transition Climate Risk (EIB),EIB_TR,0.3,UN Multilateral Engagement Score,UN_Index,0.2
RUN3739,Cumulative Emissions per capita,GHG_pc_2024,0.2,Gross National Income per capita,GNI_pc,0.3,Transition Climate Risk (EIB),EIB_TR,0.4,UN Multilateral Engagement Score,UN_Index,0.1
RUN3740,Cumulative Emissions per capita,GHG_pc_2024,0.2,Gross National Income per capita,GNI_pc,0.4,Transition Climate Risk (EIB),EIB_TR,0.1,UN Multilateral Engagement Score,UN_Index,0.3
RUN3741,Cumulative Emissions per capita,GHG_pc_2024,0.2,Gross National Income per capita,GNI_pc,0.4,Transition Climate Risk (EIB),EIB_TR,0.2,UN Multilateral Engagement Score,UN_Index,0.2
RUN3742,Cumulative Emissions per capita,GHG_pc_2024,0.2,Gross National Income per capita,GNI_pc,0.4,Transition Climate Risk (EIB),EIB_TR,0.3,UN Multilateral Engagement Score,UN_Index,0.1
RUN3743,Cumulative Emissions per capita,GHG_pc_2024,0.2,Gross National Income per capita,GNI_pc,0.5,Transition Climate Risk (EIB),EIB_TR,0.1,UN Multilateral Engagement Score,UN_Index,0.2
RUN3744,Cumulative Emissions per capita,GHG_pc_2024,0.2,Gross National Income per capita,GNI_pc,0.5,Transition Climate Risk (EIB),EIB_TR,0.2,UN Multilateral Engagement Score,UN_Index,0.1
RUN3745,Cumulative Emissions per capita,GHG_pc_2024,0.2,Gross National Income per capita,GNI_pc,0.6,Transition Climate Risk (EIB),EIB_TR,0.1,UN Multilateral Engagement Score,UN_Index,0.1
RUN3746,Cumulative Emissions per capita,GHG_pc_2024,0.3,Gross National Income per capita,GNI_pc,0.1,Transition Climate Risk (EIB),EIB_TR,0.1,UN Multilateral Engagement Score,UN_Index,0.5
RUN3747,Cumulative Emissions per capita,GHG_pc_2024,0.3,Gross National Income per capita,GNI_pc,0.1,Transition Climate Risk (EIB),EIB_TR,0.2,UN Multilateral Engagement Score,UN_Index,0.4
RUN3748,Cumulative Emissions per capita,GHG_pc_2024,0.3,Gross National Income per capita,GNI_pc,0.1,Transition Climate Risk (EIB),EIB_TR,0.3,UN Multilateral Engagement Score,UN_Index,0.3
RUN3749,Cumulative Emissions per capita,GHG_pc_2024,0.3,Gross National Income per capita,GNI_pc,0.1,Transition Climate Risk (EIB),EIB_TR,0.4,UN Multilateral Engagement Score,UN_Index,0.2
RUN3750,Cumulative Emissions per capita,GHG_pc_2024,0.3,Gross National Income per capita,GNI_pc,0.1,Transition Climate Risk (EIB),EIB_TR,0.5,UN Multilateral Engagement Score,UN_Index,0.1
RUN3751,Cumulative Emissions per capita,GHG_pc_2024,0.3,Gross National Income per capita,GNI_pc,0.2,Transition Climate Risk (EIB),EIB_TR,0.1,UN Multilateral Engagement Score,UN_Index,0.4
RUN3752,Cumulative Emissions per capita,GHG_pc_2024,0.3,Gross National Income per capita,GNI_pc,0.2,Transition Climate Risk (EIB),EIB_TR,0.2,UN Multilateral Engagement Score,UN_Index,0.3
RUN3753,Cumulative Emissions per capita,GHG_pc_2024,0.3,Gross National Income per capita,GNI_pc,0.2,Transition Climate Risk (EIB),EIB_TR,0.3,UN Multilateral Engagement Score,UN_Index,0.2
RUN3754,Cumulative Emissions per capita,GHG_pc_2024,0.3,Gross National Income per capita,GNI_pc,0.2,Transition Climate Risk (EIB),EIB_TR,0.4,UN Multilateral Engagement Score,UN_Index,0.1
RUN3755,Cumulative Emissions per capita,GHG_pc_2024,0.3,Gross National Income per capita,GNI_pc,0.3,Transition Climate Risk (EIB),EIB_TR,0.1,UN Multilateral Engagement Score,UN_Index,0.3
RUN3756,Cumulative Emissions per capita,GHG_pc_2024,0.3,Gross National Income per capita,GNI_pc,0.3,Transition Climate Risk (EIB),EIB_TR,0.2,UN Multilateral Engagement Score,UN_Index,0.2
RUN3757,Cumulative Emissions per capita,GHG_pc_2024,0.3,Gross National Income per capita,GNI_pc,0.3,Transition Climate Risk (EIB),EIB_TR,0.3,UN Multilateral Engagement Score,UN_Index,0.1
RUN3758,Cumulative Emissions per capita,GHG_pc_2024,0.3,Gross National Income per capita,GNI_pc,0.4,Transition Climate Risk (EIB),EIB_TR,0.1,UN Multilateral Engagement Score,UN_Index,0.2
RUN3759,Cumulative Emissions per capita,GHG_pc_2024,0.3,Gross National Income per capita,GNI_pc,0.4,Transition Climate Risk (EIB),EIB_TR,0.2,UN Multilateral Engagement Score,UN_Index,0.1
RUN3760,Cumulative Emissions per capita,GHG_pc_2024,0.3,Gross National Income per capita,GNI_pc,0.5,Transition Climate Risk (EIB),EIB_TR,0.1,UN Multilateral Engagement Score,UN_Index,0.1
RUN3761,Cumulative Emissions per capita,GHG_pc_2024,0.4,Gross National Income per capita,GNI_pc,0.1,Transition Climate Risk (EIB),EIB_TR,0.1,UN Multilateral Engagement Score,UN_Index,0.4
RUN3762,Cumulative Emissions per capita,GHG_pc_2024,0.4,Gross National Income per capita,GNI_pc,0.1,Transition Climate Risk (EIB),EIB_TR,0.2,UN Multilateral Engagement Score,UN_Index,0.3
RUN3763,Cumulative Emissions per capita,GHG_pc_2024,0.4,Gross National Income per capita,GNI_pc,0.1,Transition Climate Risk (EIB),EIB_TR,0.3,UN Multilateral Engagement Score,UN_Index,0.2
RUN3764,Cumulative Emissions per capita,GHG_pc_2024,0.4,Gross National Income per capita,GNI_pc,0.1,Transition Climate Risk (EIB),EIB_TR,0.4,UN Multilateral Engagement Score,UN_Index,0.1
RUN3765,Cumulative Emissions per capita,GHG_pc_2024,0.4,Gross National Income per capita,GNI_pc,0.2,Transition Climate Risk (EIB),EIB_TR,0.1,UN Multilateral Engagement Score,UN_Index,0.3
RUN3766,Cumulative Emissions per capita,GHG_pc_2024,0.4,Gross National Income per capita,GNI_pc,0.2,Transition Climate Risk (EIB),EIB_TR,0.2,UN Multilateral Engagement Score,UN_Index,0.2
RUN3767,Cumulative Emissions per capita,GHG_pc_2024,0.4,Gross National Income per capita,GNI_pc,0.2,Transition Climate Risk (EIB),EIB_TR,0.3,UN Multilateral Engagement Score,UN_Index,0.1
RUN3768,Cumulative Emissions per capita,GHG_pc_2024,0.4,Gross National Income per capita,GNI_pc,0.3,Transition Climate Risk (EIB),EIB_TR,0.1,UN Multilateral Engagement Score,UN_Index,0.2
RUN3769,Cumulative Emissions per capita,GHG_pc_2024,0.4,Gross National Income per capita,GNI_pc,0.3,Transition Climate Risk (EIB),EIB_TR,0.2,UN Multilateral Engagement Score,UN_Index,0.1
RUN3770,Cumulative Emissions per capita,GHG_pc_2024,0.4,Gross National Income per capita,GNI_pc,0.4,Transition Climate Risk (EIB),EIB_TR,0.1,UN Multilateral Engagement Score,UN_Index,0.1
RUN3771,Cumulative Emissions per capita,GHG_pc_2024,0.5,Gross National Income per capita,GNI_pc,0.1,Transition Climate Risk (EIB),EIB_TR,0.1,UN Multilateral Engagement Score,UN_Index,0.3
RUN3772,Cumulative Emissions per capita,GHG_pc_2024,0.5,Gross National Income per capita,GNI_pc,0.1,Transition Climate Risk (EIB),EIB_TR,0.2,UN Multilateral Engagement Score,UN_Index,0.2
RUN3773,Cumulative Emissions per capita,GHG_pc_2024,0.5,Gross National Income per capita,GNI_pc,0.1,Transition Climate Risk (EIB),EIB_TR,0.3,UN Multilateral Engagement Score,UN_Index,0.1
RUN3774,Cumulative Emissions per capita,GHG_pc_2024,0.5,Gross National Income per capita,GNI_pc,0.2,Transition Climate Risk (EIB),EIB_TR,0.1,UN Multilateral Engagement Score,UN_Index,0.2
RUN3775,Cumulative Emissions per capita,GHG_pc_2024,0.5,Gross National Income per capita,GNI_pc,0.2,Transition Climate Risk (EIB),EIB_TR,0.2,UN Multilateral Engagement Score,UN_Index,0.1
RUN3776,Cumulative Emissions per capita,GHG_pc_2024,0.5,Gross National Income per capita,GNI_pc,0.3,Transition Climate Risk (EIB),EIB_TR,0.1,UN Multilateral Engagement Score,UN_Index,0.1
RUN3777,Cumulative Emissions per capita,GHG_pc_2024,0.6,Gross National Income per capita,GNI_pc,0.1,Transition Climate Risk (EIB),EIB_TR,0.1,UN Multilateral Engagement Score,UN_Index,0.2
RUN3778,Cumulative Emissions per capita,GHG_pc_2024,0.6,Gross National Income per capita,GNI_pc,0.1,Transition Climate Risk (EIB),EIB_TR,0.2,UN Multilateral Engagement Score,UN_Index,0.1
RUN3779,Cumulative Emissions per capita,GHG_pc_2024,0.6,Gross National Income per capita,GNI_pc,0.2,Transition Climate Risk (EIB),EIB_TR,0.1,UN Multilateral Engagement Score,UN_Index,0.1
RUN3780,Cumulative Emissions per capita,GHG_pc_2024,0.7,Gross National Income per capita,GNI_pc,0.1,Transition Climate Risk (EIB),EIB_TR,0.1,UN Multilateral Engagement Score,UN_Index,0.1
RUN3781,Cumulative Emissions per capita,GHG_pc_2024,0.1,Gross National Product per capita,GDP_pc,0.1,Climate Risk and Vulnerability Index,GAIN_CR,0.1,UN Multilateral Engagement Score,UN_Index,0.7
RUN3782,Cumulative Emissions per capita,GHG_pc_2024,0.1,Gross National Product per capita,GDP_pc,0.1,Climate Risk and Vulnerability Index,GAIN_CR,0.2,UN Multilateral Engagement Score,UN_Index,0.6
RUN3783,Cumulative Emissions per capita,GHG_pc_2024,0.1,Gross National Product per capita,GDP_pc,0.1,Climate Risk and Vulnerability Index,GAIN_CR,0.3,UN Multilateral Engagement Score,UN_Index,0.5
RUN3784,Cumulative Emissions per capita,GHG_pc_2024,0.1,Gross National Product per capita,GDP_pc,0.1,Climate Risk and Vulnerability Index,GAIN_CR,0.4,UN Multilateral Engagement Score,UN_Index,0.4
RUN3785,Cumulative Emissions per capita,GHG_pc_2024,0.1,Gross National Product per capita,GDP_pc,0.1,Climate Risk and Vulnerability Index,GAIN_CR,0.5,UN Multilateral Engagement Score,UN_Index,0.3
RUN3786,Cumulative Emissions per capita,GHG_pc_2024,0.1,Gross National Product per capita,GDP_pc,0.1,Climate Risk and Vulnerability Index,GAIN_CR,0.6,UN Multilateral Engagement Score,UN_Index,0.2
RUN3787,Cumulative Emissions per capita,GHG_pc_2024,0.1,Gross National Product per capita,GDP_pc,0.1,Climate Risk and Vulnerability Index,GAIN_CR,0.7,UN Multilateral Engagement Score,UN_Index,0.1
RUN3788,Cumulative Emissions per capita,GHG_pc_2024,0.1,Gross National Product per capita,GDP_pc,0.2,Climate Risk and Vulnerability Index,GAIN_CR,0.1,UN Multilateral Engagement Score,UN_Index,0.6
RUN3789,Cumulative Emissions per capita,GHG_pc_2024,0.1,Gross National Product per capita,GDP_pc,0.2,Climate Risk and Vulnerability Index,GAIN_CR,0.2,UN Multilateral Engagement Score,UN_Index,0.5
RUN3790,Cumulative Emissions per capita,GHG_pc_2024,0.1,Gross National Product per capita,GDP_pc,0.2,Climate Risk and Vulnerability Index,GAIN_CR,0.3,UN Multilateral Engagement Score,UN_Index,0.4
RUN3791,Cumulative Emissions per capita,GHG_pc_2024,0.1,Gross National Product per capita,GDP_pc,0.2,Climate Risk and Vulnerability Index,GAIN_CR,0.4,UN Multilateral Engagement Score,UN_Index,0.3
RUN3792,Cumulative Emissions per capita,GHG_pc_2024,0.1,Gross National Product per capita,GDP_pc,0.2,Climate Risk and Vulnerability Index,GAIN_CR,0.5,UN Multilateral Engagement Score,UN_Index,0.2
RUN3793,Cumulative Emissions per capita,GHG_pc_2024,0.1,Gross National Product per capita,GDP_pc,0.2,Climate Risk and Vulnerability Index,GAIN_CR,0.6,UN Multilateral Engagement Score,UN_Index,0.1
RUN3794,Cumulative Emissions per capita,GHG_pc_2024,0.1,Gross National Product per capita,GDP_pc,0.3,Climate Risk and Vulnerability Index,GAIN_CR,0.1,UN Multilateral Engagement Score,UN_Index,0.5
RUN3795,Cumulative Emissions per capita,GHG_pc_2024,0.1,Gross National Product per capita,GDP_pc,0.3,Climate Risk and Vulnerability Index,GAIN_CR,0.2,UN Multilateral Engagement Score,UN_Index,0.4
RUN3796,Cumulative Emissions per capita,GHG_pc_2024,0.1,Gross National Product per capita,GDP_pc,0.3,Climate Risk and Vulnerability Index,GAIN_CR,0.3,UN Multilateral Engagement Score,UN_Index,0.3
RUN3797,Cumulative Emissions per capita,GHG_pc_2024,0.1,Gross National Product per capita,GDP_pc,0.3,Climate Risk and Vulnerability Index,GAIN_CR,0.4,UN Multilateral Engagement Score,UN_Index,0.2
RUN3798,Cumulative Emissions per capita,GHG_pc_2024,0.1,Gross National Product per capita,GDP_pc,0.3,Climate Risk and Vulnerability Index,GAIN_CR,0.5,UN Multilateral Engagement Score,UN_Index,0.1
RUN3799,Cumulative Emissions per capita,GHG_pc_2024,0.1,Gross National Product per capita,GDP_pc,0.4,Climate Risk and Vulnerability Index,GAIN_CR,0.1,UN Multilateral Engagement Score,UN_Index,0.4
RUN3800,Cumulative Emissions per capita,GHG_pc_2024,0.1,Gross National Product per capita,GDP_pc,0.4,Climate Risk and Vulnerability Index,GAIN_CR,0.2,UN Multilateral Engagement Score,UN_Index,0.3
RUN3801,Cumulative Emissions per capita,GHG_pc_2024,0.1,Gross National Product per capita,GDP_pc,0.4,Climate Risk and Vulnerability Index,GAIN_CR,0.3,UN Multilateral Engagement Score,UN_Index,0.2
RUN3802,Cumulative Emissions per capita,GHG_pc_2024,0.1,Gross National Product per capita,GDP_pc,0.4,Climate Risk and Vulnerability Index,GAIN_CR,0.4,UN Multilateral Engagement Score,UN_Index,0.1
RUN3803,Cumulative Emissions per capita,GHG_pc_2024,0.1,Gross National Product per capita,GDP_pc,0.5,Climate Risk and Vulnerability Index,GAIN_CR,0.1,UN Multilateral Engagement Score,UN_Index,0.3
RUN3804,Cumulative Emissions per capita,GHG_pc_2024,0.1,Gross National Product per capita,GDP_pc,0.5,Climate Risk and Vulnerability Index,GAIN_CR,0.2,UN Multilateral Engagement Score,UN_Index,0.2
RUN3805,Cumulative Emissions per capita,GHG_pc_2024,0.1,Gross National Product per capita,GDP_pc,0.5,Climate Risk and Vulnerability Index,GAIN_CR,0.3,UN Multilateral Engagement Score,UN_Index,0.1
RUN3806,Cumulative Emissions per capita,GHG_pc_2024,0.1,Gross National Product per capita,GDP_pc,0.6,Climate Risk and Vulnerability Index,GAIN_CR,0.1,UN Multilateral Engagement Score,UN_Index,0.2
RUN3807,Cumulative Emissions per capita,GHG_pc_2024,0.1,Gross National Product per capita,GDP_pc,0.6,Climate Risk and Vulnerability Index,GAIN_CR,0.2,UN Multilateral Engagement Score,UN_Index,0.1
RUN3808,Cumulative Emissions per capita,GHG_pc_2024,0.1,Gross National Product per capita,GDP_pc,0.7,Climate Risk and Vulnerability Index,GAIN_CR,0.1,UN Multilateral Engagement Score,UN_Index,0.1
RUN3809,Cumulative Emissions per capita,GHG_pc_2024,0.2,Gross National Product per capita,GDP_pc,0.1,Climate Risk and Vulnerability Index,GAIN_CR,0.1,UN Multilateral Engagement Score,UN_Index,0.6
RUN3810,Cumulative Emissions per capita,GHG_pc_2024,0.2,Gross National Product per capita,GDP_pc,0.1,Climate Risk and Vulnerability Index,GAIN_CR,0.2,UN Multilateral Engagement Score,UN_Index,0.5
RUN3811,Cumulative Emissions per capita,GHG_pc_2024,0.2,Gross National Product per capita,GDP_pc,0.1,Climate Risk and Vulnerability Index,GAIN_CR,0.3,UN Multilateral Engagement Score,UN_Index,0.4
RUN3812,Cumulative Emissions per capita,GHG_pc_2024,0.2,Gross National Product per capita,GDP_pc,0.1,Climate Risk and Vulnerability Index,GAIN_CR,0.4,UN Multilateral Engagement Score,UN_Index,0.3
RUN3813,Cumulative Emissions per capita,GHG_pc_2024,0.2,Gross National Product per capita,GDP_pc,0.1,Climate Risk and Vulnerability Index,GAIN_CR,0.5,UN Multilateral Engagement Score,UN_Index,0.2
RUN3814,Cumulative Emissions per capita,GHG_pc_2024,0.2,Gross National Product per capita,GDP_pc,0.1,Climate Risk and Vulnerability Index,GAIN_CR,0.6,UN Multilateral Engagement Score,UN_Index,0.1
RUN3815,Cumulative Emissions per capita,GHG_pc_2024,0.2,Gross National Product per capita,GDP_pc,0.2,Climate Risk and Vulnerability Index,GAIN_CR,0.1,UN Multilateral Engagement Score,UN_Index,0.5
RUN3816,Cumulative Emissions per capita,GHG_pc_2024,0.2,Gross National Product per capita,GDP_pc,0.2,Climate Risk and Vulnerability Index,GAIN_CR,0.2,UN Multilateral Engagement Score,UN_Index,0.4
RUN3817,Cumulative Emissions per capita,GHG_pc_2024,0.2,Gross National Product per capita,GDP_pc,0.2,Climate Risk and Vulnerability Index,GAIN_CR,0.3,UN Multilateral Engagement Score,UN_Index,0.3
RUN3818,Cumulative Emissions per capita,GHG_pc_2024,0.2,Gross National Product per capita,GDP_pc,0.2,Climate Risk and Vulnerability Index,GAIN_CR,0.4,UN Multilateral Engagement Score,UN_Index,0.2
RUN3819,Cumulative Emissions per capita,GHG_pc_2024,0.2,Gross National Product per capita,GDP_pc,0.2,Climate Risk and Vulnerability Index,GAIN_CR,0.5,UN Multilateral Engagement Score,UN_Index,0.1
RUN3820,Cumulative Emissions per capita,GHG_pc_2024,0.2,Gross National Product per capita,GDP_pc,0.3,Climate Risk and Vulnerability Index,GAIN_CR,0.1,UN Multilateral Engagement Score,UN_Index,0.4
RUN3821,Cumulative Emissions per capita,GHG_pc_2024,0.2,Gross National Product per capita,GDP_pc,0.3,Climate Risk and Vulnerability Index,GAIN_CR,0.2,UN Multilateral Engagement Score,UN_Index,0.3
RUN3822,Cumulative Emissions per capita,GHG_pc_2024,0.2,Gross National Product per capita,GDP_pc,0.3,Climate Risk and Vulnerability Index,GAIN_CR,0.3,UN Multilateral Engagement Score,UN_Index,0.2
RUN3823,Cumulative Emissions per capita,GHG_pc_2024,0.2,Gross National Product per capita,GDP_pc,0.3,Climate Risk and Vulnerability Index,GAIN_CR,0.4,UN Multilateral Engagement Score,UN_Index,0.1
RUN3824,Cumulative Emissions per capita,GHG_pc_2024,0.2,Gross National Product per capita,GDP_pc,0.4,Climate Risk and Vulnerability Index,GAIN_CR,0.1,UN Multilateral Engagement Score,UN_Index,0.3
RUN3825,Cumulative Emissions per capita,GHG_pc_2024,0.2,Gross National Product per capita,GDP_pc,0.4,Climate Risk and Vulnerability Index,GAIN_CR,0.2,UN Multilateral Engagement Score,UN_Index,0.2
RUN3826,Cumulative Emissions per capita,GHG_pc_2024,0.2,Gross National Product per capita,GDP_pc,0.4,Climate Risk and Vulnerability Index,GAIN_CR,0.3,UN Multilateral Engagement Score,UN_Index,0.1
RUN3827,Cumulative Emissions per capita,GHG_pc_2024,0.2,Gross National Product per capita,GDP_pc,0.5,Climate Risk and Vulnerability Index,GAIN_CR,0.1,UN Multilateral Engagement Score,UN_Index,0.2
RUN3828,Cumulative Emissions per capita,GHG_pc_2024,0.2,Gross National Product per capita,GDP_pc,0.5,Climate Risk and Vulnerability Index,GAIN_CR,0.2,UN Multilateral Engagement Score,UN_Index,0.1
RUN3829,Cumulative Emissions per capita,GHG_pc_2024,0.2,Gross National Product per capita,GDP_pc,0.6,Climate Risk and Vulnerability Index,GAIN_CR,0.1,UN Multilateral Engagement Score,UN_Index,0.1
RUN3830,Cumulative Emissions per capita,GHG_pc_2024,0.3,Gross National Product per capita,GDP_pc,0.1,Climate Risk and Vulnerability Index,GAIN_CR,0.1,UN Multilateral Engagement Score,UN_Index,0.5
RUN3831,Cumulative Emissions per capita,GHG_pc_2024,0.3,Gross National Product per capita,GDP_pc,0.1,Climate Risk and Vulnerability Index,GAIN_CR,0.2,UN Multilateral Engagement Score,UN_Index,0.4
RUN3832,Cumulative Emissions per capita,GHG_pc_2024,0.3,Gross National Product per capita,GDP_pc,0.1,Climate Risk and Vulnerability Index,GAIN_CR,0.3,UN Multilateral Engagement Score,UN_Index,0.3
RUN3833,Cumulative Emissions per capita,GHG_pc_2024,0.3,Gross National Product per capita,GDP_pc,0.1,Climate Risk and Vulnerability Index,GAIN_CR,0.4,UN Multilateral Engagement Score,UN_Index,0.2
RUN3834,Cumulative Emissions per capita,GHG_pc_2024,0.3,Gross National Product per capita,GDP_pc,0.1,Climate Risk and Vulnerability Index,GAIN_CR,0.5,UN Multilateral Engagement Score,UN_Index,0.1
RUN3835,Cumulative Emissions per capita,GHG_pc_2024,0.3,Gross National Product per capita,GDP_pc,0.2,Climate Risk and Vulnerability Index,GAIN_CR,0.1,UN Multilateral Engagement Score,UN_Index,0.4
RUN3836,Cumulative Emissions per capita,GHG_pc_2024,0.3,Gross National Product per capita,GDP_pc,0.2,Climate Risk and Vulnerability Index,GAIN_CR,0.2,UN Multilateral Engagement Score,UN_Index,0.3
RUN3837,Cumulative Emissions per capita,GHG_pc_2024,0.3,Gross National Product per capita,GDP_pc,0.2,Climate Risk and Vulnerability Index,GAIN_CR,0.3,UN Multilateral Engagement Score,UN_Index,0.2
RUN3838,Cumulative Emissions per capita,GHG_pc_2024,0.3,Gross National Product per capita,GDP_pc,0.2,Climate Risk and Vulnerability Index,GAIN_CR,0.4,UN Multilateral Engagement Score,UN_Index,0.1
RUN3839,Cumulative Emissions per capita,GHG_pc_2024,0.3,Gross National Product per capita,GDP_pc,0.3,Climate Risk and Vulnerability Index,GAIN_CR,0.1,UN Multilateral Engagement Score,UN_Index,0.3
RUN3840,Cumulative Emissions per capita,GHG_pc_2024,0.3,Gross National Product per capita,GDP_pc,0.3,Climate Risk and Vulnerability Index,GAIN_CR,0.2,UN Multilateral Engagement Score,UN_Index,0.2
RUN3841,Cumulative Emissions per capita,GHG_pc_2024,0.3,Gross National Product per capita,GDP_pc,0.3,Climate Risk and Vulnerability Index,GAIN_CR,0.3,UN Multilateral Engagement Score,UN_Index,0.1
RUN3842,Cumulative Emissions per capita,GHG_pc_2024,0.3,Gross National Product per capita,GDP_pc,0.4,Climate Risk and Vulnerability Index,GAIN_CR,0.1,UN Multilateral Engagement Score,UN_Index,0.2
RUN3843,Cumulative Emissions per capita,GHG_pc_2024,0.3,Gross National Product per capita,GDP_pc,0.4,Climate Risk and Vulnerability Index,GAIN_CR,0.2,UN Multilateral Engagement Score,UN_Index,0.1
RUN3844,Cumulative Emissions per capita,GHG_pc_2024,0.3,Gross National Product per capita,GDP_pc,0.5,Climate Risk and Vulnerability Index,GAIN_CR,0.1,UN Multilateral Engagement Score,UN_Index,0.1
RUN3845,Cumulative Emissions per capita,GHG_pc_2024,0.4,Gross National Product per capita,GDP_pc,0.1,Climate Risk and Vulnerability Index,GAIN_CR,0.1,UN Multilateral Engagement Score,UN_Index,0.4
RUN3846,Cumulative Emissions per capita,GHG_pc_2024,0.4,Gross National Product per capita,GDP_pc,0.1,Climate Risk and Vulnerability Index,GAIN_CR,0.2,UN Multilateral Engagement Score,UN_Index,0.3
RUN3847,Cumulative Emissions per capita,GHG_pc_2024,0.4,Gross National Product per capita,GDP_pc,0.1,Climate Risk and Vulnerability Index,GAIN_CR,0.3,UN Multilateral Engagement Score,UN_Index,0.2
RUN3848,Cumulative Emissions per capita,GHG_pc_2024,0.4,Gross National Product per capita,GDP_pc,0.1,Climate Risk and Vulnerability Index,GAIN_CR,0.4,UN Multilateral Engagement Score,UN_Index,0.1
RUN3849,Cumulative Emissions per capita,GHG_pc_2024,0.4,Gross National Product per capita,GDP_pc,0.2,Climate Risk and Vulnerability Index,GAIN_CR,0.1,UN Multilateral Engagement Score,UN_Index,0.3
RUN3850,Cumulative Emissions per capita,GHG_pc_2024,0.4,Gross National Product per capita,GDP_pc,0.2,Climate Risk and Vulnerability Index,GAIN_CR,0.2,UN Multilateral Engagement Score,UN_Index,0.2
RUN3851,Cumulative Emissions per capita,GHG_pc_2024,0.4,Gross National Product per capita,GDP_pc,0.2,Climate Risk and Vulnerability Index,GAIN_CR,0.3,UN Multilateral Engagement Score,UN_Index,0.1
RUN3852,Cumulative Emissions per capita,GHG_pc_2024,0.4,Gross National Product per capita,GDP_pc,0.3,Climate Risk and Vulnerability Index,GAIN_CR,0.1,UN Multilateral Engagement Score,UN_Index,0.2
RUN3853,Cumulative Emissions per capita,GHG_pc_2024,0.4,Gross National Product per capita,GDP_pc,0.3,Climate Risk and Vulnerability Index,GAIN_CR,0.2,UN Multilateral Engagement Score,UN_Index,0.1
RUN3854,Cumulative Emissions per capita,GHG_pc_2024,0.4,Gross National Product per capita,GDP_pc,0.4,Climate Risk and Vulnerability Index,GAIN_CR,0.1,UN Multilateral Engagement Score,UN_Index,0.1
RUN3855,Cumulative Emissions per capita,GHG_pc_2024,0.5,Gross National Product per capita,GDP_pc,0.1,Climate Risk and Vulnerability Index,GAIN_CR,0.1,UN Multilateral Engagement Score,UN_Index,0.3
RUN3856,Cumulative Emissions per capita,GHG_pc_2024,0.5,Gross National Product per capita,GDP_pc,0.1,Climate Risk and Vulnerability Index,GAIN_CR,0.2,UN Multilateral Engagement Score,UN_Index,0.2
RUN3857,Cumulative Emissions per capita,GHG_pc_2024,0.5,Gross National Product per capita,GDP_pc,0.1,Climate Risk and Vulnerability Index,GAIN_CR,0.3,UN Multilateral Engagement Score,UN_Index,0.1
RUN3858,Cumulative Emissions per capita,GHG_pc_2024,0.5,Gross National Product per capita,GDP_pc,0.2,Climate Risk and Vulnerability Index,GAIN_CR,0.1,UN Multilateral Engagement Score,UN_Index,0.2
RUN3859,Cumulative Emissions per capita,GHG_pc_2024,0.5,Gross National Product per capita,GDP_pc,0.2,Climate Risk and Vulnerability Index,GAIN_CR,0.2,UN Multilateral Engagement Score,UN_Index,0.1
RUN3860,Cumulative Emissions per capita,GHG_pc_2024,0.5,Gross National Product per capita,GDP_pc,0.3,Climate Risk and Vulnerability Index,GAIN_CR,0.1,UN Multilateral Engagement Score,UN_Index,0.1
RUN3861,Cumulative Emissions per capita,GHG_pc_2024,0.6,Gross National Product per capita,GDP_pc,0.1,Climate Risk and Vulnerability Index,GAIN_CR,0.1,UN Multilateral Engagement Score,UN_Index,0.2
RUN3862,Cumulative Emissions per capita,GHG_pc_2024,0.6,Gross National Product per capita,GDP_pc,0.1,Climate Risk and Vulnerability Index,GAIN_CR,0.2,UN Multilateral Engagement Score,UN_Index,0.1
RUN3863,Cumulative Emissions per capita,GHG_pc_2024,0.6,Gross National Product per capita,GDP_pc,0.2,Climate Risk and Vulnerability Index,GAIN_CR,0.1,UN Multilateral Engagement Score,UN_Index,0.1
RUN3864,Cumulative Emissions per capita,GHG_pc_2024,0.7,Gross National Product per capita,GDP_pc,0.1,Climate Risk and Vulnerability Index,GAIN_CR,0.1,UN Multilateral Engagement Score,UN_Index,0.1
RUN3865,Cumulative Emissions per capita,GHG_pc_2024,0.1,Gross National Product per capita,GDP_pc,0.1,Physical Climate Risk (EIB),EIB_PR,0.1,UN Multilateral Engagement Score,UN_Index,0.7
RUN3866,Cumulative Emissions per capita,GHG_pc_2024,0.1,Gross National Product per capita,GDP_pc,0.1,Physical Climate Risk (EIB),EIB_PR,0.2,UN Multilateral Engagement Score,UN_Index,0.6
RUN3867,Cumulative Emissions per capita,GHG_pc_2024,0.1,Gross National Product per capita,GDP_pc,0.1,Physical Climate Risk (EIB),EIB_PR,0.3,UN Multilateral Engagement Score,UN_Index,0.5
RUN3868,Cumulative Emissions per capita,GHG_pc_2024,0.1,Gross National Product per capita,GDP_pc,0.1,Physical Climate Risk (EIB),EIB_PR,0.4,UN Multilateral Engagement Score,UN_Index,0.4
RUN3869,Cumulative Emissions per capita,GHG_pc_2024,0.1,Gross National Product per capita,GDP_pc,0.1,Physical Climate Risk (EIB),EIB_PR,0.5,UN Multilateral Engagement Score,UN_Index,0.3
RUN3870,Cumulative Emissions per capita,GHG_pc_2024,0.1,Gross National Product per capita,GDP_pc,0.1,Physical Climate Risk (EIB),EIB_PR,0.6,UN Multilateral Engagement Score,UN_Index,0.2
RUN3871,Cumulative Emissions per capita,GHG_pc_2024,0.1,Gross National Product per capita,GDP_pc,0.1,Physical Climate Risk (EIB),EIB_PR,0.7,UN Multilateral Engagement Score,UN_Index,0.1
RUN3872,Cumulative Emissions per capita,GHG_pc_2024,0.1,Gross National Product per capita,GDP_pc,0.2,Physical Climate Risk (EIB),EIB_PR,0.1,UN Multilateral Engagement Score,UN_Index,0.6
RUN3873,Cumulative Emissions per capita,GHG_pc_2024,0.1,Gross National Product per capita,GDP_pc,0.2,Physical Climate Risk (EIB),EIB_PR,0.2,UN Multilateral Engagement Score,UN_Index,0.5
RUN3874,Cumulative Emissions per capita,GHG_pc_2024,0.1,Gross National Product per capita,GDP_pc,0.2,Physical Climate Risk (EIB),EIB_PR,0.3,UN Multilateral Engagement Score,UN_Index,0.4
RUN3875,Cumulative Emissions per capita,GHG_pc_2024,0.1,Gross National Product per capita,GDP_pc,0.2,Physical Climate Risk (EIB),EIB_PR,0.4,UN Multilateral Engagement Score,UN_Index,0.3
RUN3876,Cumulative Emissions per capita,GHG_pc_2024,0.1,Gross National Product per capita,GDP_pc,0.2,Physical Climate Risk (EIB),EIB_PR,0.5,UN Multilateral Engagement Score,UN_Index,0.2
RUN3877,Cumulative Emissions per capita,GHG_pc_2024,0.1,Gross National Product per capita,GDP_pc,0.2,Physical Climate Risk (EIB),EIB_PR,0.6,UN Multilateral Engagement Score,UN_Index,0.1
RUN3878,Cumulative Emissions per capita,GHG_pc_2024,0.1,Gross National Product per capita,GDP_pc,0.3,Physical Climate Risk (EIB),EIB_PR,0.1,UN Multilateral Engagement Score,UN_Index,0.5
RUN3879,Cumulative Emissions per capita,GHG_pc_2024,0.1,Gross National Product per capita,GDP_pc,0.3,Physical Climate Risk (EIB),EIB_PR,0.2,UN Multilateral Engagement Score,UN_Index,0.4
RUN3880,Cumulative Emissions per capita,GHG_pc_2024,0.1,Gross National Product per capita,GDP_pc,0.3,Physical Climate Risk (EIB),EIB_PR,0.3,UN Multilateral Engagement Score,UN_Index,0.3
RUN3881,Cumulative Emissions per capita,GHG_pc_2024,0.1,Gross National Product per capita,GDP_pc,0.3,Physical Climate Risk (EIB),EIB_PR,0.4,UN Multilateral Engagement Score,UN_Index,0.2
RUN3882,Cumulative Emissions per capita,GHG_pc_2024,0.1,Gross National Product per capita,GDP_pc,0.3,Physical Climate Risk (EIB),EIB_PR,0.5,UN Multilateral Engagement Score,UN_Index,0.1
RUN3883,Cumulative Emissions per capita,GHG_pc_2024,0.1,Gross National Product per capita,GDP_pc,0.4,Physical Climate Risk (EIB),EIB_PR,0.1,UN Multilateral Engagement Score,UN_Index,0.4
RUN3884,Cumulative Emissions per capita,GHG_pc_2024,0.1,Gross National Product per capita,GDP_pc,0.4,Physical Climate Risk (EIB),EIB_PR,0.2,UN Multilateral Engagement Score,UN_Index,0.3
RUN3885,Cumulative Emissions per capita,GHG_pc_2024,0.1,Gross National Product per capita,GDP_pc,0.4,Physical Climate Risk (EIB),EIB_PR,0.3,UN Multilateral Engagement Score,UN_Index,0.2
RUN3886,Cumulative Emissions per capita,GHG_pc_2024,0.1,Gross National Product per capita,GDP_pc,0.4,Physical Climate Risk (EIB),EIB_PR,0.4,UN Multilateral Engagement Score,UN_Index,0.1
RUN3887,Cumulative Emissions per capita,GHG_pc_2024,0.1,Gross National Product per capita,GDP_pc,0.5,Physical Climate Risk (EIB),EIB_PR,0.1,UN Multilateral Engagement Score,UN_Index,0.3
RUN3888,Cumulative Emissions per capita,GHG_pc_2024,0.1,Gross National Product per capita,GDP_pc,0.5,Physical Climate Risk (EIB),EIB_PR,0.2,UN Multilateral Engagement Score,UN_Index,0.2
RUN3889,Cumulative Emissions per capita,GHG_pc_2024,0.1,Gross National Product per capita,GDP_pc,0.5,Physical Climate Risk (EIB),EIB_PR,0.3,UN Multilateral Engagement Score,UN_Index,0.1
RUN3890,Cumulative Emissions per capita,GHG_pc_2024,0.1,Gross National Product per capita,GDP_pc,0.6,Physical Climate Risk (EIB),EIB_PR,0.1,UN Multilateral Engagement Score,UN_Index,0.2
RUN3891,Cumulative Emissions per capita,GHG_pc_2024,0.1,Gross National Product per capita,GDP_pc,0.6,Physical Climate Risk (EIB),EIB_PR,0.2,UN Multilateral Engagement Score,UN_Index,0.1
RUN3892,Cumulative Emissions per capita,GHG_pc_2024,0.1,Gross National Product per capita,GDP_pc,0.7,Physical Climate Risk (EIB),EIB_PR,0.1,UN Multilateral Engagement Score,UN_Index,0.1
RUN3893,Cumulative Emissions per capita,GHG_pc_2024,0.2,Gross National Product per capita,GDP_pc,0.1,Physical Climate Risk (EIB),EIB_PR,0.1,UN Multilateral Engagement Score,UN_Index,0.6
RUN3894,Cumulative Emissions per capita,GHG_pc_2024,0.2,Gross National Product per capita,GDP_pc,0.1,Physical Climate Risk (EIB),EIB_PR,0.2,UN Multilateral Engagement Score,UN_Index,0.5
RUN3895,Cumulative Emissions per capita,GHG_pc_2024,0.2,Gross National Product per capita,GDP_pc,0.1,Physical Climate Risk (EIB),EIB_PR,0.3,UN Multilateral Engagement Score,UN_Index,0.4
RUN3896,Cumulative Emissions per capita,GHG_pc_2024,0.2,Gross National Product per capita,GDP_pc,0.1,Physical Climate Risk (EIB),EIB_PR,0.4,UN Multilateral Engagement Score,UN_Index,0.3
RUN3897,Cumulative Emissions per capita,GHG_pc_2024,0.2,Gross National Product per capita,GDP_pc,0.1,Physical Climate Risk (EIB),EIB_PR,0.5,UN Multilateral Engagement Score,UN_Index,0.2
RUN3898,Cumulative Emissions per capita,GHG_pc_2024,0.2,Gross National Product per capita,GDP_pc,0.1,Physical Climate Risk (EIB),EIB_PR,0.6,UN Multilateral Engagement Score,UN_Index,0.1
RUN3899,Cumulative Emissions per capita,GHG_pc_2024,0.2,Gross National Product per capita,GDP_pc,0.2,Physical Climate Risk (EIB),EIB_PR,0.1,UN Multilateral Engagement Score,UN_Index,0.5
RUN3900,Cumulative Emissions per capita,GHG_pc_2024,0.2,Gross National Product per capita,GDP_pc,0.2,Physical Climate Risk (EIB),EIB_PR,0.2,UN Multilateral Engagement Score,UN_Index,0.4
RUN3901,Cumulative Emissions per capita,GHG_pc_2024,0.2,Gross National Product per capita,GDP_pc,0.2,Physical Climate Risk (EIB),EIB_PR,0.3,UN Multilateral Engagement Score,UN_Index,0.3
RUN3902,Cumulative Emissions per capita,GHG_pc_2024,0.2,Gross National Product per capita,GDP_pc,0.2,Physical Climate Risk (EIB),EIB_PR,0.4,UN Multilateral Engagement Score,UN_Index,0.2
RUN3903,Cumulative Emissions per capita,GHG_pc_2024,0.2,Gross National Product per capita,GDP_pc,0.2,Physical Climate Risk (EIB),EIB_PR,0.5,UN Multilateral Engagement Score,UN_Index,0.1
RUN3904,Cumulative Emissions per capita,GHG_pc_2024,0.2,Gross National Product per capita,GDP_pc,0.3,Physical Climate Risk (EIB),EIB_PR,0.1,UN Multilateral Engagement Score,UN_Index,0.4
RUN3905,Cumulative Emissions per capita,GHG_pc_2024,0.2,Gross National Product per capita,GDP_pc,0.3,Physical Climate Risk (EIB),EIB_PR,0.2,UN Multilateral Engagement Score,UN_Index,0.3
RUN3906,Cumulative Emissions per capita,GHG_pc_2024,0.2,Gross National Product per capita,GDP_pc,0.3,Physical Climate Risk (EIB),EIB_PR,0.3,UN Multilateral Engagement Score,UN_Index,0.2
RUN3907,Cumulative Emissions per capita,GHG_pc_2024,0.2,Gross National Product per capita,GDP_pc,0.3,Physical Climate Risk (EIB),EIB_PR,0.4,UN Multilateral Engagement Score,UN_Index,0.1
RUN3908,Cumulative Emissions per capita,GHG_pc_2024,0.2,Gross National Product per capita,GDP_pc,0.4,Physical Climate Risk (EIB),EIB_PR,0.1,UN Multilateral Engagement Score,UN_Index,0.3
RUN3909,Cumulative Emissions per capita,GHG_pc_2024,0.2,Gross National Product per capita,GDP_pc,0.4,Physical Climate Risk (EIB),EIB_PR,0.2,UN Multilateral Engagement Score,UN_Index,0.2
RUN3910,Cumulative Emissions per capita,GHG_pc_2024,0.2,Gross National Product per capita,GDP_pc,0.4,Physical Climate Risk (EIB),EIB_PR,0.3,UN Multilateral Engagement Score,UN_Index,0.1
RUN3911,Cumulative Emissions per capita,GHG_pc_2024,0.2,Gross National Product per capita,GDP_pc,0.5,Physical Climate Risk (EIB),EIB_PR,0.1,UN Multilateral Engagement Score,UN_Index,0.2
RUN3912,Cumulative Emissions per capita,GHG_pc_2024,0.2,Gross National Product per capita,GDP_pc,0.5,Physical Climate Risk (EIB),EIB_PR,0.2,UN Multilateral Engagement Score,UN_Index,0.1
RUN3913,Cumulative Emissions per capita,GHG_pc_2024,0.2,Gross National Product per capita,GDP_pc,0.6,Physical Climate Risk (EIB),EIB_PR,0.1,UN Multilateral Engagement Score,UN_Index,0.1
RUN3914,Cumulative Emissions per capita,GHG_pc_2024,0.3,Gross National Product per capita,GDP_pc,0.1,Physical Climate Risk (EIB),EIB_PR,0.1,UN Multilateral Engagement Score,UN_Index,0.5
RUN3915,Cumulative Emissions per capita,GHG_pc_2024,0.3,Gross National Product per capita,GDP_pc,0.1,Physical Climate Risk (EIB),EIB_PR,0.2,UN Multilateral Engagement Score,UN_Index,0.4
RUN3916,Cumulative Emissions per capita,GHG_pc_2024,0.3,Gross National Product per capita,GDP_pc,0.1,Physical Climate Risk (EIB),EIB_PR,0.3,UN Multilateral Engagement Score,UN_Index,0.3
RUN3917,Cumulative Emissions per capita,GHG_pc_2024,0.3,Gross National Product per capita,GDP_pc,0.1,Physical Climate Risk (EIB),EIB_PR,0.4,UN Multilateral Engagement Score,UN_Index,0.2
RUN3918,Cumulative Emissions per capita,GHG_pc_2024,0.3,Gross National Product per capita,GDP_pc,0.1,Physical Climate Risk (EIB),EIB_PR,0.5,UN Multilateral Engagement Score,UN_Index,0.1
RUN3919,Cumulative Emissions per capita,GHG_pc_2024,0.3,Gross National Product per capita,GDP_pc,0.2,Physical Climate Risk (EIB),EIB_PR,0.1,UN Multilateral Engagement Score,UN_Index,0.4
RUN3920,Cumulative Emissions per capita,GHG_pc_2024,0.3,Gross National Product per capita,GDP_pc,0.2,Physical Climate Risk (EIB),EIB_PR,0.2,UN Multilateral Engagement Score,UN_Index,0.3
RUN3921,Cumulative Emissions per capita,GHG_pc_2024,0.3,Gross National Product per capita,GDP_pc,0.2,Physical Climate Risk (EIB),EIB_PR,0.3,UN Multilateral Engagement Score,UN_Index,0.2
RUN3922,Cumulative Emissions per capita,GHG_pc_2024,0.3,Gross National Product per capita,GDP_pc,0.2,Physical Climate Risk (EIB),EIB_PR,0.4,UN Multilateral Engagement Score,UN_Index,0.1
RUN3923,Cumulative Emissions per capita,GHG_pc_2024,0.3,Gross National Product per capita,GDP_pc,0.3,Physical Climate Risk (EIB),EIB_PR,0.1,UN Multilateral Engagement Score,UN_Index,0.3
RUN3924,Cumulative Emissions per capita,GHG_pc_2024,0.3,Gross National Product per capita,GDP_pc,0.3,Physical Climate Risk (EIB),EIB_PR,0.2,UN Multilateral Engagement Score,UN_Index,0.2
RUN3925,Cumulative Emissions per capita,GHG_pc_2024,0.3,Gross National Product per capita,GDP_pc,0.3,Physical Climate Risk (EIB),EIB_PR,0.3,UN Multilateral Engagement Score,UN_Index,0.1
RUN3926,Cumulative Emissions per capita,GHG_pc_2024,0.3,Gross National Product per capita,GDP_pc,0.4,Physical Climate Risk (EIB),EIB_PR,0.1,UN Multilateral Engagement Score,UN_Index,0.2
RUN3927,Cumulative Emissions per capita,GHG_pc_2024,0.3,Gross National Product per capita,GDP_pc,0.4,Physical Climate Risk (EIB),EIB_PR,0.2,UN Multilateral Engagement Score,UN_Index,0.1
RUN3928,Cumulative Emissions per capita,GHG_pc_2024,0.3,Gross National Product per capita,GDP_pc,0.5,Physical Climate Risk (EIB),EIB_PR,0.1,UN Multilateral Engagement Score,UN_Index,0.1
RUN3929,Cumulative Emissions per capita,GHG_pc_2024,0.4,Gross National Product per capita,GDP_pc,0.1,Physical Climate Risk (EIB),EIB_PR,0.1,UN Multilateral Engagement Score,UN_Index,0.4
RUN3930,Cumulative Emissions per capita,GHG_pc_2024,0.4,Gross National Product per capita,GDP_pc,0.1,Physical Climate Risk (EIB),EIB_PR,0.2,UN Multilateral Engagement Score,UN_Index,0.3
RUN3931,Cumulative Emissions per capita,GHG_pc_2024,0.4,Gross National Product per capita,GDP_pc,0.1,Physical Climate Risk (EIB),EIB_PR,0.3,UN Multilateral Engagement Score,UN_Index,0.2
RUN3932,Cumulative Emissions per capita,GHG_pc_2024,0.4,Gross National Product per capita,GDP_pc,0.1,Physical Climate Risk (EIB),EIB_PR,0.4,UN Multilateral Engagement Score,UN_Index,0.1
RUN3933,Cumulative Emissions per capita,GHG_pc_2024,0.4,Gross National Product per capita,GDP_pc,0.2,Physical Climate Risk (EIB),EIB_PR,0.1,UN Multilateral Engagement Score,UN_Index,0.3
RUN3934,Cumulative Emissions per capita,GHG_pc_2024,0.4,Gross National Product per capita,GDP_pc,0.2,Physical Climate Risk (EIB),EIB_PR,0.2,UN Multilateral Engagement Score,UN_Index,0.2
RUN3935,Cumulative Emissions per capita,GHG_pc_2024,0.4,Gross National Product per capita,GDP_pc,0.2,Physical Climate Risk (EIB),EIB_PR,0.3,UN Multilateral Engagement Score,UN_Index,0.1
RUN3936,Cumulative Emissions per capita,GHG_pc_2024,0.4,Gross National Product per capita,GDP_pc,0.3,Physical Climate Risk (EIB),EIB_PR,0.1,UN Multilateral Engagement Score,UN_Index,0.2
RUN3937,Cumulative Emissions per capita,GHG_pc_2024,0.4,Gross National Product per capita,GDP_pc,0.3,Physical Climate Risk (EIB),EIB_PR,0.2,UN Multilateral Engagement Score,UN_Index,0.1
RUN3938,Cumulative Emissions per capita,GHG_pc_2024,0.4,Gross National Product per capita,GDP_pc,0.4,Physical Climate Risk (EIB),EIB_PR,0.1,UN Multilateral Engagement Score,UN_Index,0.1
RUN3939,Cumulative Emissions per capita,GHG_pc_2024,0.5,Gross National Product per capita,GDP_pc,0.1,Physical Climate Risk (EIB),EIB_PR,0.1,UN Multilateral Engagement Score,UN_Index,0.3
RUN3940,Cumulative Emissions per capita,GHG_pc_2024,0.5,Gross National Product per capita,GDP_pc,0.1,Physical Climate Risk (EIB),EIB_PR,0.2,UN Multilateral Engagement Score,UN_Index,0.2
RUN3941,Cumulative Emissions per capita,GHG_pc_2024,0.5,Gross National Product per capita,GDP_pc,0.1,Physical Climate Risk (EIB),EIB_PR,0.3,UN Multilateral Engagement Score,UN_Index,0.1
RUN3942,Cumulative Emissions per capita,GHG_pc_2024,0.5,Gross National Product per capita,GDP_pc,0.2,Physical Climate Risk (EIB),EIB_PR,0.1,UN Multilateral Engagement Score,UN_Index,0.2
RUN3943,Cumulative Emissions per capita,GHG_pc_2024,0.5,Gross National Product per capita,GDP_pc,0.2,Physical Climate Risk (EIB),EIB_PR,0.2,UN Multilateral Engagement Score,UN_Index,0.1
RUN3944,Cumulative Emissions per capita,GHG_pc_2024,0.5,Gross National Product per capita,GDP_pc,0.3,Physical Climate Risk (EIB),EIB_PR,0.1,UN Multilateral Engagement Score,UN_Index,0.1
RUN3945,Cumulative Emissions per capita,GHG_pc_2024,0.6,Gross National Product per capita,GDP_pc,0.1,Physical Climate Risk (EIB),EIB_PR,0.1,UN Multilateral Engagement Score,UN_Index,0.2
RUN3946,Cumulative Emissions per capita,GHG_pc_2024,0.6,Gross National Product per capita,GDP_pc,0.1,Physical Climate Risk (EIB),EIB_PR,0.2,UN Multilateral Engagement Score,UN_Index,0.1
RUN3947,Cumulative Emissions per capita,GHG_pc_2024,0.6,Gross National Product per capita,GDP_pc,0.2,Physical Climate Risk (EIB),EIB_PR,0.1,UN Multilateral Engagement Score,UN_Index,0.1
RUN3948,Cumulative Emissions per capita,GHG_pc_2024,0.7,Gross National Product per capita,GDP_pc,0.1,Physical Climate Risk (EIB),EIB_PR,0.1,UN Multilateral Engagement Score,UN_Index,0.1
RUN3949,Cumulative Emissions per capita,GHG_pc_2024,0.1,Gross National Product per capita,GDP_pc,0.1,Transition Climate Risk (EIB),EIB_TR,0.1,UN Multilateral Engagement Score,UN_Index,0.7
RUN3950,Cumulative Emissions per capita,GHG_pc_2024,0.1,Gross National Product per capita,GDP_pc,0.1,Transition Climate Risk (EIB),EIB_TR,0.2,UN Multilateral Engagement Score,UN_Index,0.6
RUN3951,Cumulative Emissions per capita,GHG_pc_2024,0.1,Gross National Product per capita,GDP_pc,0.1,Transition Climate Risk (EIB),EIB_TR,0.3,UN Multilateral Engagement Score,UN_Index,0.5
RUN3952,Cumulative Emissions per capita,GHG_pc_2024,0.1,Gross National Product per capita,GDP_pc,0.1,Transition Climate Risk (EIB),EIB_TR,0.4,UN Multilateral Engagement Score,UN_Index,0.4
RUN3953,Cumulative Emissions per capita,GHG_pc_2024,0.1,Gross National Product per capita,GDP_pc,0.1,Transition Climate Risk (EIB),EIB_TR,0.5,UN Multilateral Engagement Score,UN_Index,0.3
RUN3954,Cumulative Emissions per capita,GHG_pc_2024,0.1,Gross National Product per capita,GDP_pc,0.1,Transition Climate Risk (EIB),EIB_TR,0.6,UN Multilateral Engagement Score,UN_Index,0.2
RUN3955,Cumulative Emissions per capita,GHG_pc_2024,0.1,Gross National Product per capita,GDP_pc,0.1,Transition Climate Risk (EIB),EIB_TR,0.7,UN Multilateral Engagement Score,UN_Index,0.1
RUN3956,Cumulative Emissions per capita,GHG_pc_2024,0.1,Gross National Product per capita,GDP_pc,0.2,Transition Climate Risk (EIB),EIB_TR,0.1,UN Multilateral Engagement Score,UN_Index,0.6
RUN3957,Cumulative Emissions per capita,GHG_pc_2024,0.1,Gross National Product per capita,GDP_pc,0.2,Transition Climate Risk (EIB),EIB_TR,0.2,UN Multilateral Engagement Score,UN_Index,0.5
RUN3958,Cumulative Emissions per capita,GHG_pc_2024,0.1,Gross National Product per capita,GDP_pc,0.2,Transition Climate Risk (EIB),EIB_TR,0.3,UN Multilateral Engagement Score,UN_Index,0.4
RUN3959,Cumulative Emissions per capita,GHG_pc_2024,0.1,Gross National Product per capita,GDP_pc,0.2,Transition Climate Risk (EIB),EIB_TR,0.4,UN Multilateral Engagement Score,UN_Index,0.3
RUN3960,Cumulative Emissions per capita,GHG_pc_2024,0.1,Gross National Product per capita,GDP_pc,0.2,Transition Climate Risk (EIB),EIB_TR,0.5,UN Multilateral Engagement Score,UN_Index,0.2
RUN3961,Cumulative Emissions per capita,GHG_pc_2024,0.1,Gross National Product per capita,GDP_pc,0.2,Transition Climate Risk (EIB),EIB_TR,0.6,UN Multilateral Engagement Score,UN_Index,0.1
RUN3962,Cumulative Emissions per capita,GHG_pc_2024,0.1,Gross National Product per capita,GDP_pc,0.3,Transition Climate Risk (EIB),EIB_TR,0.1,UN Multilateral Engagement Score,UN_Index,0.5
RUN3963,Cumulative Emissions per capita,GHG_pc_2024,0.1,Gross National Product per capita,GDP_pc,0.3,Transition Climate Risk (EIB),EIB_TR,0.2,UN Multilateral Engagement Score,UN_Index,0.4
RUN3964,Cumulative Emissions per capita,GHG_pc_2024,0.1,Gross National Product per capita,GDP_pc,0.3,Transition Climate Risk (EIB),EIB_TR,0.3,UN Multilateral Engagement Score,UN_Index,0.3
RUN3965,Cumulative Emissions per capita,GHG_pc_2024,0.1,Gross National Product per capita,GDP_pc,0.3,Transition Climate Risk (EIB),EIB_TR,0.4,UN Multilateral Engagement Score,UN_Index,0.2
RUN3966,Cumulative Emissions per capita,GHG_pc_2024,0.1,Gross National Product per capita,GDP_pc,0.3,Transition Climate Risk (EIB),EIB_TR,0.5,UN Multilateral Engagement Score,UN_Index,0.1
RUN3967,Cumulative Emissions per capita,GHG_pc_2024,0.1,Gross National Product per capita,GDP_pc,0.4,Transition Climate Risk (EIB),EIB_TR,0.1,UN Multilateral Engagement Score,UN_Index,0.4
RUN3968,Cumulative Emissions per capita,GHG_pc_2024,0.1,Gross National Product per capita,GDP_pc,0.4,Transition Climate Risk (EIB),EIB_TR,0.2,UN Multilateral Engagement Score,UN_Index,0.3
RUN3969,Cumulative Emissions per capita,GHG_pc_2024,0.1,Gross National Product per capita,GDP_pc,0.4,Transition Climate Risk (EIB),EIB_TR,0.3,UN Multilateral Engagement Score,UN_Index,0.2
RUN3970,Cumulative Emissions per capita,GHG_pc_2024,0.1,Gross National Product per capita,GDP_pc,0.4,Transition Climate Risk (EIB),EIB_TR,0.4,UN Multilateral Engagement Score,UN_Index,0.1
RUN3971,Cumulative Emissions per capita,GHG_pc_2024,0.1,Gross National Product per capita,GDP_pc,0.5,Transition Climate Risk (EIB),EIB_TR,0.1,UN Multilateral Engagement Score,UN_Index,0.3
RUN3972,Cumulative Emissions per capita,GHG_pc_2024,0.1,Gross National Product per capita,GDP_pc,0.5,Transition Climate Risk (EIB),EIB_TR,0.2,UN Multilateral Engagement Score,UN_Index,0.2
RUN3973,Cumulative Emissions per capita,GHG_pc_2024,0.1,Gross National Product per capita,GDP_pc,0.5,Transition Climate Risk (EIB),EIB_TR,0.3,UN Multilateral Engagement Score,UN_Index,0.1
RUN3974,Cumulative Emissions per capita,GHG_pc_2024,0.1,Gross National Product per capita,GDP_pc,0.6,Transition Climate Risk (EIB),EIB_TR,0.1,UN Multilateral Engagement Score,UN_Index,0.2
RUN3975,Cumulative Emissions per capita,GHG_pc_2024,0.1,Gross National Product per capita,GDP_pc,0.6,Transition Climate Risk (EIB),EIB_TR,0.2,UN Multilateral Engagement Score,UN_Index,0.1
RUN3976,Cumulative Emissions per capita,GHG_pc_2024,0.1,Gross National Product per capita,GDP_pc,0.7,Transition Climate Risk (EIB),EIB_TR,0.1,UN Multilateral Engagement Score,UN_Index,0.1
RUN3977,Cumulative Emissions per capita,GHG_pc_2024,0.2,Gross National Product per capita,GDP_pc,0.1,Transition Climate Risk (EIB),EIB_TR,0.1,UN Multilateral Engagement Score,UN_Index,0.6
RUN3978,Cumulative Emissions per capita,GHG_pc_2024,0.2,Gross National Product per capita,GDP_pc,0.1,Transition Climate Risk (EIB),EIB_TR,0.2,UN Multilateral Engagement Score,UN_Index,0.5
RUN3979,Cumulative Emissions per capita,GHG_pc_2024,0.2,Gross National Product per capita,GDP_pc,0.1,Transition Climate Risk (EIB),EIB_TR,0.3,UN Multilateral Engagement Score,UN_Index,0.4
RUN3980,Cumulative Emissions per capita,GHG_pc_2024,0.2,Gross National Product per capita,GDP_pc,0.1,Transition Climate Risk (EIB),EIB_TR,0.4,UN Multilateral Engagement Score,UN_Index,0.3
RUN3981,Cumulative Emissions per capita,GHG_pc_2024,0.2,Gross National Product per capita,GDP_pc,0.1,Transition Climate Risk (EIB),EIB_TR,0.5,UN Multilateral Engagement Score,UN_Index,0.2
RUN3982,Cumulative Emissions per capita,GHG_pc_2024,0.2,Gross National Product per capita,GDP_pc,0.1,Transition Climate Risk (EIB),EIB_TR,0.6,UN Multilateral Engagement Score,UN_Index,0.1
RUN3983,Cumulative Emissions per capita,GHG_pc_2024,0.2,Gross National Product per capita,GDP_pc,0.2,Transition Climate Risk (EIB),EIB_TR,0.1,UN Multilateral Engagement Score,UN_Index,0.5
RUN3984,Cumulative Emissions per capita,GHG_pc_2024,0.2,Gross National Product per capita,GDP_pc,0.2,Transition Climate Risk (EIB),EIB_TR,0.2,UN Multilateral Engagement Score,UN_Index,0.4
RUN3985,Cumulative Emissions per capita,GHG_pc_2024,0.2,Gross National Product per capita,GDP_pc,0.2,Transition Climate Risk (EIB),EIB_TR,0.3,UN Multilateral Engagement Score,UN_Index,0.3
RUN3986,Cumulative Emissions per capita,GHG_pc_2024,0.2,Gross National Product per capita,GDP_pc,0.2,Transition Climate Risk (EIB),EIB_TR,0.4,UN Multilateral Engagement Score,UN_Index,0.2
RUN3987,Cumulative Emissions per capita,GHG_pc_2024,0.2,Gross National Product per capita,GDP_pc,0.2,Transition Climate Risk (EIB),EIB_TR,0.5,UN Multilateral Engagement Score,UN_Index,0.1
RUN3988,Cumulative Emissions per capita,GHG_pc_2024,0.2,Gross National Product per capita,GDP_pc,0.3,Transition Climate Risk (EIB),EIB_TR,0.1,UN Multilateral Engagement Score,UN_Index,0.4
RUN3989,Cumulative Emissions per capita,GHG_pc_2024,0.2,Gross National Product per capita,GDP_pc,0.3,Transition Climate Risk (EIB),EIB_TR,0.2,UN Multilateral Engagement Score,UN_Index,0.3
RUN3990,Cumulative Emissions per capita,GHG_pc_2024,0.2,Gross National Product per capita,GDP_pc,0.3,Transition Climate Risk (EIB),EIB_TR,0.3,UN Multilateral Engagement Score,UN_Index,0.2
RUN3991,Cumulative Emissions per capita,GHG_pc_2024,0.2,Gross National Product per capita,GDP_pc,0.3,Transition Climate Risk (EIB),EIB_TR,0.4,UN Multilateral Engagement Score,UN_Index,0.1
RUN3992,Cumulative Emissions per capita,GHG_pc_2024,0.2,Gross National Product per capita,GDP_pc,0.4,Transition Climate Risk (EIB),EIB_TR,0.1,UN Multilateral Engagement Score,UN_Index,0.3
RUN3993,Cumulative Emissions per capita,GHG_pc_2024,0.2,Gross National Product per capita,GDP_pc,0.4,Transition Climate Risk (EIB),EIB_TR,0.2,UN Multilateral Engagement Score,UN_Index,0.2
RUN3994,Cumulative Emissions per capita,GHG_pc_2024,0.2,Gross National Product per capita,GDP_pc,0.4,Transition Climate Risk (EIB),EIB_TR,0.3,UN Multilateral Engagement Score,UN_Index,0.1
RUN3995,Cumulative Emissions per capita,GHG_pc_2024,0.2,Gross National Product per capita,GDP_pc,0.5,Transition Climate Risk (EIB),EIB_TR,0.1,UN Multilateral Engagement Score,UN_Index,0.2
RUN3996,Cumulative Emissions per capita,GHG_pc_2024,0.2,Gross National Product per capita,GDP_pc,0.5,Transition Climate Risk (EIB),EIB_TR,0.2,UN Multilateral Engagement Score,UN_Index,0.1
RUN3997,Cumulative Emissions per capita,GHG_pc_2024,0.2,Gross National Product per capita,GDP_pc,0.6,Transition Climate Risk (EIB),EIB_TR,0.1,UN Multilateral Engagement Score,UN_Index,0.1
RUN3998,Cumulative Emissions per capita,GHG_pc_2024,0.3,Gross National Product per capita,GDP_pc,0.1,Transition Climate Risk (EIB),EIB_TR,0.1,UN Multilateral Engagement Score,UN_Index,0.5
RUN3999,Cumulative Emissions per capita,GHG_pc_2024,0.3,Gross National Product per capita,GDP_pc,0.1,Transition Climate Risk (EIB),EIB_TR,0.2,UN Multilateral Engagement Score,UN_Index,0.4
RUN4000,Cumulative Emissions per capita,GHG_pc_2024,0.3,Gross National Product per capita,GDP_pc,0.1,Transition Climate Risk (EIB),EIB_TR,0.3,UN Multilateral Engagement Score,UN_Index,0.3
RUN4001,Cumulative Emissions per capita,GHG_pc_2024,0.3,Gross National Product per capita,GDP_pc,0.1,Transition Climate Risk (EIB),EIB_TR,0.4,UN Multilateral Engagement Score,UN_Index,0.2
RUN4002,Cumulative Emissions per capita,GHG_pc_2024,0.3,Gross National Product per capita,GDP_pc,0.1,Transition Climate Risk (EIB),EIB_TR,0.5,UN Multilateral Engagement Score,UN_Index,0.1
RUN4003,Cumulative Emissions per capita,GHG_pc_2024,0.3,Gross National Product per capita,GDP_pc,0.2,Transition Climate Risk (EIB),EIB_TR,0.1,UN Multilateral Engagement Score,UN_Index,0.4
RUN4004,Cumulative Emissions per capita,GHG_pc_2024,0.3,Gross National Product per capita,GDP_pc,0.2,Transition Climate Risk (EIB),EIB_TR,0.2,UN Multilateral Engagement Score,UN_Index,0.3
RUN4005,Cumulative Emissions per capita,GHG_pc_2024,0.3,Gross National Product per capita,GDP_pc,0.2,Transition Climate Risk (EIB),EIB_TR,0.3,UN Multilateral Engagement Score,UN_Index,0.2
RUN4006,Cumulative Emissions per capita,GHG_pc_2024,0.3,Gross National Product per capita,GDP_pc,0.2,Transition Climate Risk (EIB),EIB_TR,0.4,UN Multilateral Engagement Score,UN_Index,0.1
RUN4007,Cumulative Emissions per capita,GHG_pc_2024,0.3,Gross National Product per capita,GDP_pc,0.3,Transition Climate Risk (EIB),EIB_TR,0.1,UN Multilateral Engagement Score,UN_Index,0.3
RUN4008,Cumulative Emissions per capita,GHG_pc_2024,0.3,Gross National Product per capita,GDP_pc,0.3,Transition Climate Risk (EIB),EIB_TR,0.2,UN Multilateral Engagement Score,UN_Index,0.2
RUN4009,Cumulative Emissions per capita,GHG_pc_2024,0.3,Gross National Product per capita,GDP_pc,0.3,Transition Climate Risk (EIB),EIB_TR,0.3,UN Multilateral Engagement Score,UN_Index,0.1
RUN4010,Cumulative Emissions per capita,GHG_pc_2024,0.3,Gross National Product per capita,GDP_pc,0.4,Transition Climate Risk (EIB),EIB_TR,0.1,UN Multilateral Engagement Score,UN_Index,0.2
RUN4011,Cumulative Emissions per capita,GHG_pc_2024,0.3,Gross National Product per capita,GDP_pc,0.4,Transition Climate Risk (EIB),EIB_TR,0.2,UN Multilateral Engagement Score,UN_Index,0.1
RUN4012,Cumulative Emissions per capita,GHG_pc_2024,0.3,Gross National Product per capita,GDP_pc,0.5,Transition Climate Risk (EIB),EIB_TR,0.1,UN Multilateral Engagement Score,UN_Index,0.1
RUN4013,Cumulative Emissions per capita,GHG_pc_2024,0.4,Gross National Product per capita,GDP_pc,0.1,Transition Climate Risk (EIB),EIB_TR,0.1,UN Multilateral Engagement Score,UN_Index,0.4
RUN4014,Cumulative Emissions per capita,GHG_pc_2024,0.4,Gross National Product per capita,GDP_pc,0.1,Transition Climate Risk (EIB),EIB_TR,0.2,UN Multilateral Engagement Score,UN_Index,0.3
RUN4015,Cumulative Emissions per capita,GHG_pc_2024,0.4,Gross National Product per capita,GDP_pc,0.1,Transition Climate Risk (EIB),EIB_TR,0.3,UN Multilateral Engagement Score,UN_Index,0.2
RUN4016,Cumulative Emissions per capita,GHG_pc_2024,0.4,Gross National Product per capita,GDP_pc,0.1,Transition Climate Risk (EIB),EIB_TR,0.4,UN Multilateral Engagement Score,UN_Index,0.1
RUN4017,Cumulative Emissions per capita,GHG_pc_2024,0.4,Gross National Product per capita,GDP_pc,0.2,Transition Climate Risk (EIB),EIB_TR,0.1,UN Multilateral Engagement Score,UN_Index,0.3
RUN4018,Cumulative Emissions per capita,GHG_pc_2024,0.4,Gross National Product per capita,GDP_pc,0.2,Transition Climate Risk (EIB),EIB_TR,0.2,UN Multilateral Engagement Score,UN_Index,0.2
RUN4019,Cumulative Emissions per capita,GHG_pc_2024,0.4,Gross National Product per capita,GDP_pc,0.2,Transition Climate Risk (EIB),EIB_TR,0.3,UN Multilateral Engagement Score,UN_Index,0.1
RUN4020,Cumulative Emissions per capita,GHG_pc_2024,0.4,Gross National Product per capita,GDP_pc,0.3,Transition Climate Risk (EIB),EIB_TR,0.1,UN Multilateral Engagement Score,UN_Index,0.2
RUN4021,Cumulative Emissions per capita,GHG_pc_2024,0.4,Gross National Product per capita,GDP_pc,0.3,Transition Climate Risk (EIB),EIB_TR,0.2,UN Multilateral Engagement Score,UN_Index,0.1
RUN4022,Cumulative Emissions per capita,GHG_pc_2024,0.4,Gross National Product per capita,GDP_pc,0.4,Transition Climate Risk (EIB),EIB_TR,0.1,UN Multilateral Engagement Score,UN_Index,0.1
RUN4023,Cumulative Emissions per capita,GHG_pc_2024,0.5,Gross National Product per capita,GDP_pc,0.1,Transition Climate Risk (EIB),EIB_TR,0.1,UN Multilateral Engagement Score,UN_Index,0.3
RUN4024,Cumulative Emissions per capita,GHG_pc_2024,0.5,Gross National Product per capita,GDP_pc,0.1,Transition Climate Risk (EIB),EIB_TR,0.2,UN Multilateral Engagement Score,UN_Index,0.2
RUN4025,Cumulative Emissions per capita,GHG_pc_2024,0.5,Gross National Product per capita,GDP_pc,0.1,Transition Climate Risk (EIB),EIB_TR,0.3,UN Multilateral Engagement Score,UN_Index,0.1
RUN4026,Cumulative Emissions per capita,GHG_pc_2024,0.5,Gross National Product per capita,GDP_pc,0.2,Transition Climate Risk (EIB),EIB_TR,0.1,UN Multilateral Engagement Score,UN_Index,0.2
RUN4027,Cumulative Emissions per capita,GHG_pc_2024,0.5,Gross National Product per capita,GDP_pc,0.2,Transition Climate Risk (EIB),EIB_TR,0.2,UN Multilateral Engagement Score,UN_Index,0.1
RUN4028,Cumulative Emissions per capita,GHG_pc_2024,0.5,Gross National Product per capita,GDP_pc,0.3,Transition Climate Risk (EIB),EIB_TR,0.1,UN Multilateral Engagement Score,UN_Index,0.1
RUN4029,Cumulative Emissions per capita,GHG_pc_2024,0.6,Gross National Product per capita,GDP_pc,0.1,Transition Climate Risk (EIB),EIB_TR,0.1,UN Multilateral Engagement Score,UN_Index,0.2
RUN4030,Cumulative Emissions per capita,GHG_pc_2024,0.6,Gross National Product per capita,GDP_pc,0.1,Transition Climate Risk (EIB),EIB_TR,0.2,UN Multilateral Engagement Score,UN_Index,0.1
RUN4031,Cumulative Emissions per capita,GHG_pc_2024,0.6,Gross National Product per capita,GDP_pc,0.2,Transition Climate Risk (EIB),EIB_TR,0.1,UN Multilateral Engagement Score,UN_Index,0.1
RUN4032,Cumulative Emissions per capita,GHG_pc_2024,0.7,Gross National Product per capita,GDP_pc,0.1,Transition Climate Risk (EIB),EIB_TR,0.1,UN Multilateral Engagement Score,UN_Index,0.1
